Gene,Non-unique Gene name,Annotation,No. isolates,No. sequences,Avg sequences per isolate,Genome Fragment,Order within Fragment,Accessory Fragment,Accessory Order with Fragment,QC,Min group size nuc,Max group size nuc,Avg group size nuc,Lactobacillus_paragasseri__UMB0056__GCA_002884735.1,Lactobacillus_paragasseri__UMB5640__GCA_030216965.1,Lactobacillus_paragasseri__UMB6357__GCA_030216895.1
group_893,,hypothetical protein,3,3,1.0,15,5,,,,1017,1017,1017.0,CHONFCMC_01843,KGGMHOKE_00791,JPPLDLFD_01136
cpoA,cpoA,Alpha-galactosylglucosyldiacylglycerol synthase,3,3,1.0,15,4,,,,1044,1044,1044.0,CHONFCMC_01842,KGGMHOKE_00792,JPPLDLFD_01135
ltaS1,ltaS1,Lipoteichoic acid synthase 1,3,3,1.0,15,3,,,,2070,2070,2070.0,CHONFCMC_01844,KGGMHOKE_00790,JPPLDLFD_01137
group_892,,hypothetical protein,3,3,1.0,15,2,,,,363,363,363.0,CHONFCMC_01829,KGGMHOKE_00805,JPPLDLFD_01122
group_891,,Alpha-monoglucosyldiacylglycerol synthase,3,3,1.0,15,1,,,,1167,1167,1167.0,CHONFCMC_01841,KGGMHOKE_00793,JPPLDLFD_01134
group_890,,hypothetical protein,3,3,1.0,14,91,,,,459,459,459.0,CHONFCMC_01796,KGGMHOKE_00122,JPPLDLFD_00212
gabD1,gabD1,Succinate-semialdehyde dehydrogenase [NADP(+)] 1,3,3,1.0,14,89,,,,1374,1374,1374.0,CHONFCMC_01806,KGGMHOKE_00133,JPPLDLFD_00202
group_888,,hypothetical protein,3,3,1.0,14,88,,,,945,945,945.0,CHONFCMC_01800,KGGMHOKE_00126,JPPLDLFD_00208
luxS,luxS,S-ribosylhomocysteine lyase,3,3,1.0,14,86,,,,477,477,477.0,CHONFCMC_01770,KGGMHOKE_00090,JPPLDLFD_00242
group_886,,hypothetical protein,3,3,1.0,14,85,,,,723,723,723.0,CHONFCMC_01753,KGGMHOKE_00365,JPPLDLFD_00627
yoaB_1,;yoaB_1,Calcium-transporting ATPase 1,3,5,1.6666666666666667,14,82,,,,471,2685,1620.6,CHONFCMC_01748;CHONFCMC_01747,KGGMHOKE_00370;KGGMHOKE_00371,JPPLDLFD_00632
dinG_2,dinG_2,3'-5' exonuclease DinG,3,3,1.0,14,80,,,,963,963,963.0,CHONFCMC_01784,KGGMHOKE_00111,JPPLDLFD_00223
group_883,,hypothetical protein,3,4,1.3333333333333333,14,78,,,,90,1011,729.75,CHONFCMC_01805,KGGMHOKE_00131;KGGMHOKE_00132,JPPLDLFD_00203
group_881,,hypothetical protein,3,3,1.0,14,76,,,,738,738,738.0,CHONFCMC_01773,KGGMHOKE_00093,JPPLDLFD_00239
bceA,bceA,Bacitracin export ATP-binding protein BceA,3,3,1.0,14,75,,,,747,747,747.0,CHONFCMC_01738,KGGMHOKE_00354,JPPLDLFD_00643
pepDA_3,pepDA_3,Dipeptidase A,3,3,1.0,14,74,,,,1434,1434,1434.0,CHONFCMC_01788,KGGMHOKE_00115,JPPLDLFD_00219
tcyP,tcyP,L-cystine uptake protein TcyP,3,3,1.0,14,72,,,,1443,1443,1443.0,CHONFCMC_01772,KGGMHOKE_00092,JPPLDLFD_00240
group_879,ycaM_4,Inner membrane transporter YcaM,3,3,1.0,14,71,,,,1443,1443,1443.0,CHONFCMC_01737,KGGMHOKE_00353,JPPLDLFD_00644
pepT_1~~~pepT_2,pepT_1;pepT_2,Peptidase T,3,3,1.0,14,69,,,,1278,1278,1278.0,CHONFCMC_01780,KGGMHOKE_00107,JPPLDLFD_00227
paiA,paiA,Spermidine/spermine N(1)-acetyltransferase,3,3,1.0,14,68,,,,522,525,524.0,CHONFCMC_01797,KGGMHOKE_00123,JPPLDLFD_00211
bglH_4,bglH_4,Aryl-phospho-beta-D-glucosidase BglH,3,3,1.0,14,67,,,,1476,1476,1476.0,CHONFCMC_01763,KGGMHOKE_00084,JPPLDLFD_01040
exoA_2,exoA_2,Exodeoxyribonuclease,3,3,1.0,14,66,,,,765,765,765.0,CHONFCMC_01743,KGGMHOKE_00375,JPPLDLFD_00638
group_877,,hypothetical protein,3,3,1.0,14,64,,,,771,771,771.0,CHONFCMC_01778,KGGMHOKE_00097,JPPLDLFD_00229
group_875,,hypothetical protein,3,3,1.0,14,61,,,,345,444,378.0,CHONFCMC_01742,KGGMHOKE_00376,JPPLDLFD_00639
group_874,,hypothetical protein,3,4,1.3333333333333333,14,60,,,,159,843,627.0,CHONFCMC_01807,KGGMHOKE_00134,JPPLDLFD_00201;JPPLDLFD_00200
group_873,,hypothetical protein,3,3,1.0,14,58,,,,789,789,789.0,CHONFCMC_01808,KGGMHOKE_00135,JPPLDLFD_00199
group_872,,hypothetical protein,3,3,1.0,14,57,,,,555,555,555.0,CHONFCMC_01810,KGGMHOKE_00137,JPPLDLFD_00197
group_871,,Putative phosphatase,3,3,1.0,14,56,,,,804,804,804.0,CHONFCMC_01803,KGGMHOKE_00129,JPPLDLFD_00205
sugC,sugC,Trehalose import ATP-binding protein SugC,3,3,1.0,14,53,,,,1086,1086,1086.0,CHONFCMC_01789,KGGMHOKE_00116,JPPLDLFD_00218
group_869,,Protein ADP-ribosyltransferase,3,3,1.0,14,51,,,,810,810,810.0,CHONFCMC_01783,KGGMHOKE_00110,JPPLDLFD_00224
group_868,,hypothetical protein,3,3,1.0,14,50,,,,564,564,564.0,CHONFCMC_01801,KGGMHOKE_00127,JPPLDLFD_00207
group_866,ybbH_2,putative HTH-type transcriptional regulator YbbH,3,3,1.0,14,48,,,,819,819,819.0,CHONFCMC_01746,KGGMHOKE_00372,JPPLDLFD_00635
efp_2,efp_2,Elongation factor P,3,3,1.0,14,47,,,,573,573,573.0,CHONFCMC_01759,KGGMHOKE_00359,JPPLDLFD_00621
group_865,,hypothetical protein,3,3,1.0,14,46,,,,573,573,573.0,CHONFCMC_01757,KGGMHOKE_00361,JPPLDLFD_00623
dkgB,dkgB,25-diketo-D-gluconic acid reductase B,3,3,1.0,14,45,,,,825,825,825.0,CHONFCMC_01786,KGGMHOKE_00113,JPPLDLFD_00221
group_864,,hypothetical protein,3,3,1.0,14,44,,,,1125,1125,1125.0,CHONFCMC_01785,KGGMHOKE_00112,JPPLDLFD_00222
licT_4~~~licT_1,licT_4;licT_1,Transcription antiterminator LicT,3,3,1.0,14,43,,,,780,843,822.0,CHONFCMC_01761,KGGMHOKE_00082,JPPLDLFD_01042
oppA_3~~~oppA_4,oppA_3;oppA_4,Oligopeptide-binding protein OppA,3,3,1.0,14,42,,,,1755,1764,1758.0,CHONFCMC_01766,KGGMHOKE_00087,JPPLDLFD_01035
araQ,araQ,Arabinooligosaccharides transport system permease protein AraQ,3,3,1.0,14,41,,,,831,831,831.0,CHONFCMC_01791,KGGMHOKE_00118,JPPLDLFD_00216
group_863,,hypothetical protein,3,3,1.0,14,40,,,,303,765,457.0,CHONFCMC_01774,KGGMHOKE_00094,JPPLDLFD_00232
group_862,,hypothetical protein,3,5,1.6666666666666667,14,39,,,,201,1104,673.2,CHONFCMC_01765,KGGMHOKE_00086,JPPLDLFD_01036;JPPLDLFD_01037;JPPLDLFD_01038
group_861,,hypothetical protein,3,3,1.0,14,38,,,,600,600,600.0,CHONFCMC_01809,KGGMHOKE_00136,JPPLDLFD_00198
yxdM,yxdM,ABC transporter permease protein YxdM,3,3,1.0,14,37,,,,1869,1869,1869.0,CHONFCMC_01739,KGGMHOKE_00355,JPPLDLFD_00642
mscL,mscL,Large-conductance mechanosensitive channel,3,3,1.0,14,36,,,,378,378,378.0,CHONFCMC_01775,KGGMHOKE_00095,JPPLDLFD_00231
group_859,,hypothetical protein,3,3,1.0,14,34,,,,369,369,369.0,CHONFCMC_01795,KGGMHOKE_00121,JPPLDLFD_00213
group_858,,hypothetical protein,3,3,1.0,14,33,,,,849,849,849.0,CHONFCMC_01787,KGGMHOKE_00114,JPPLDLFD_00220
group_857,,hypothetical protein,3,3,1.0,14,32,,,,1188,1188,1188.0,0_refound_1,KGGMHOKE_00366,2_refound_9
coaA,coaA,Pantothenate kinase,3,3,1.0,14,31,,,,852,852,852.0,CHONFCMC_01758,KGGMHOKE_00360,JPPLDLFD_00622
bglF_4,bglF_4,PTS system beta-glucoside-specific EIIBCA component,3,3,1.0,14,30,,,,2019,2019,2019.0,CHONFCMC_01762,KGGMHOKE_00083,JPPLDLFD_01041
group_856,,hypothetical protein,3,3,1.0,14,29,,,,636,636,636.0,CHONFCMC_01782,KGGMHOKE_00109,JPPLDLFD_00225
ptsG,ptsG,PTS system glucose-specific EIICBA component,3,3,1.0,14,28,,,,2076,2076,2076.0,CHONFCMC_01744,KGGMHOKE_00374,JPPLDLFD_00637
bca,;bca,hypothetical protein;C protein alpha-antigen,3,7,2.3333333333333335,14,27,,,,204,7224,2057.1428571428573,CHONFCMC_01760,KGGMHOKE_00080;KGGMHOKE_00358;KGGMHOKE_00081;KGGMHOKE_00356;KGGMHOKE_00357,JPPLDLFD_01043
group_855,,hypothetical protein,3,3,1.0,14,26,,,,396,396,396.0,CHONFCMC_01768,KGGMHOKE_00089,JPPLDLFD_01032
group_854,,hypothetical protein,3,3,1.0,14,25,,,,645,645,645.0,CHONFCMC_01750,KGGMHOKE_00368,JPPLDLFD_00630
lacF_3,lacF_3,Lactose transport system permease protein LacF,3,3,1.0,14,24,,,,864,864,864.0,CHONFCMC_01790,KGGMHOKE_00117,JPPLDLFD_00217
helD,helD,DNA helicase IV,3,3,1.0,14,22,,,,2295,2295,2295.0,CHONFCMC_01751,KGGMHOKE_00367,JPPLDLFD_00629
gpmA_5,gpmA_5,23-bisphosphoglycerate-dependent phosphoglycerate mutase,3,3,1.0,14,21,,,,651,651,651.0,CHONFCMC_01740,KGGMHOKE_00378,JPPLDLFD_00641
group_852,,hypothetical protein,3,3,1.0,14,20,,,,216,216,216.0,CHONFCMC_01741,KGGMHOKE_00377,JPPLDLFD_00640
group_851,,hypothetical protein,3,3,1.0,14,19,,,,183,183,183.0,CHONFCMC_01749,KGGMHOKE_00369,JPPLDLFD_00631
group_850,,hypothetical protein,3,4,1.3333333333333333,14,18,,,,753,5019,3770.25,CHONFCMC_01777;CHONFCMC_01776,KGGMHOKE_00096,JPPLDLFD_00230
group_849,,hypothetical protein,3,3,1.0,14,17,,,,657,657,657.0,CHONFCMC_01755,KGGMHOKE_00363,JPPLDLFD_00625
group_848,,hypothetical protein,3,3,1.0,14,16,,,,684,684,684.0,CHONFCMC_01804,KGGMHOKE_00130,JPPLDLFD_00204
group_847,,hypothetical protein,3,3,1.0,14,15,,,,3663,3696,3679.0,CHONFCMC_01802,KGGMHOKE_00128,JPPLDLFD_00206
uvrA_3,uvrA_3,UvrABC system protein A,3,3,1.0,14,14,,,,2514,2514,2514.0,CHONFCMC_01767,KGGMHOKE_00088,JPPLDLFD_01033
rnj,rnj,Ribonuclease J,3,3,1.0,14,13,,,,1302,1302,1302.0,CHONFCMC_01792,KGGMHOKE_00119,JPPLDLFD_00215
group_846,,Acetyltransferase,3,3,1.0,14,12,,,,441,441,441.0,CHONFCMC_01798,KGGMHOKE_00124,JPPLDLFD_00210
serS,serS,Serine--tRNA ligase,3,3,1.0,14,11,,,,1311,1311,1311.0,CHONFCMC_01811,KGGMHOKE_00138,JPPLDLFD_00196
group_845,,hypothetical protein,3,3,1.0,14,10,,,,684,684,684.0,CHONFCMC_01754,KGGMHOKE_00364,JPPLDLFD_00626
group_844,,hypothetical protein,3,4,1.3333333333333333,14,9,,,,312,1305,975.0,CHONFCMC_01793;CHONFCMC_01794,KGGMHOKE_00120,JPPLDLFD_00214
licC_4,licC_4,Lichenan permease IIC component,3,3,1.0,14,8,,,,1323,1323,1323.0,CHONFCMC_01756,KGGMHOKE_00362,JPPLDLFD_00624
group_843,,hypothetical protein,3,3,1.0,14,7,,,,450,450,450.0,CHONFCMC_01781,KGGMHOKE_00108,JPPLDLFD_00226
nanE,nanE,Putative N-acetylmannosamine-6-phosphate 2-epimerase,3,3,1.0,14,6,,,,693,693,693.0,CHONFCMC_01745,KGGMHOKE_00373,JPPLDLFD_00636
metE,metE;,5-methyltetrahydropteroyltriglutamate--homocysteine methyltransferase;hypothetical protein,3,3,1.0,14,3,,,,1101,1101,1101.0,CHONFCMC_01771,KGGMHOKE_00091,JPPLDLFD_00241
murK,murK,N-acetylmuramic acid/N-acetylglucosamine kinase,3,3,1.0,14,2,,,,924,924,924.0,CHONFCMC_01799,KGGMHOKE_00125,JPPLDLFD_00209
yicL_2~~~yicL_1,yicL_2;yicL_1,putative inner membrane transporter YicL,3,3,1.0,14,1,,,,930,930,930.0,CHONFCMC_01764,KGGMHOKE_00085,JPPLDLFD_01039
nrdF1,nrdF1,Ribonucleoside-diphosphate reductase subunit beta nrdF1,3,3,1.0,13,21,,,,780,945,890.0,CHONFCMC_01728,KGGMHOKE_00339,JPPLDLFD_01444
group_840,,hypothetical protein,3,3,1.0,13,20,,,,240,873,662.0,CHONFCMC_01717,KGGMHOKE_00328,JPPLDLFD_01455
mazF,mazF,Endoribonuclease toxin MazF,3,3,1.0,13,19,,,,342,342,342.0,CHONFCMC_01726,KGGMHOKE_00337,JPPLDLFD_01446
tagU_2,tagU_2,Polyisoprenyl-teichoic acid--peptidoglycan teichoic acid transferase TagU,3,3,1.0,13,18,,,,1125,1125,1125.0,CHONFCMC_01719,KGGMHOKE_00330,JPPLDLFD_01453
group_839,,hypothetical protein,3,3,1.0,13,17,,,,291,291,291.0,CHONFCMC_01732,KGGMHOKE_00343,JPPLDLFD_01440
group_838,,hypothetical protein,3,3,1.0,13,16,,,,1530,1530,1530.0,CHONFCMC_01731,KGGMHOKE_00342,JPPLDLFD_01441
pepF,pepF,Oligopeptidase PepF,3,3,1.0,13,15,,,,1812,1812,1812.0,CHONFCMC_01718,KGGMHOKE_00329,JPPLDLFD_01454
yjjB,yjjB,succinate transporter subunit YjjB,3,3,1.0,13,14,,,,471,471,471.0,CHONFCMC_01724,KGGMHOKE_00335,JPPLDLFD_01448
group_837,,hypothetical protein,3,3,1.0,13,13,,,,783,783,783.0,CHONFCMC_01723,KGGMHOKE_00334,JPPLDLFD_01449
yheS,yheS,putative ATP-binding protein YheS,3,3,1.0,13,12,,,,1548,1548,1548.0,CHONFCMC_01722,KGGMHOKE_00333,JPPLDLFD_01450
group_836,,hypothetical protein,3,3,1.0,13,11,,,,252,252,252.0,CHONFCMC_01725,KGGMHOKE_00336,JPPLDLFD_01447
hflX,hflX,GTPase HflX,3,3,1.0,13,10,,,,1281,1281,1281.0,CHONFCMC_01736,KGGMHOKE_00348,JPPLDLFD_01435
nrdI,nrdI,Protein NrdI,3,3,1.0,13,9,,,,357,462,427.0,CHONFCMC_01729,KGGMHOKE_00340,JPPLDLFD_01443
group_835,,hypothetical protein,3,3,1.0,13,8,,,,492,492,492.0,CHONFCMC_01727,KGGMHOKE_00338,JPPLDLFD_01445
gmk_2,gmk_2,Guanylate kinase,3,3,1.0,13,7,,,,558,558,558.0,CHONFCMC_01733,KGGMHOKE_00344,JPPLDLFD_01439
group_834,,hypothetical protein,3,3,1.0,13,6,,,,1104,1164,1144.0,CHONFCMC_01734,KGGMHOKE_00346,JPPLDLFD_01437
group_833,,hypothetical protein,3,3,1.0,13,5,,,,270,270,270.0,CHONFCMC_01720,KGGMHOKE_00331,JPPLDLFD_01452
group_832,,hypothetical protein,3,3,1.0,13,4,,,,627,627,627.0,CHONFCMC_01730,KGGMHOKE_00341,JPPLDLFD_01442
group_831,,hypothetical protein,3,3,1.0,13,3,,,,135,135,135.0,0_refound_0,KGGMHOKE_00345,JPPLDLFD_01438
group_830,,hypothetical protein,3,3,1.0,13,2,,,,1209,1209,1209.0,CHONFCMC_01735,KGGMHOKE_00347,JPPLDLFD_01436
group_829,,hypothetical protein,3,3,1.0,13,1,,,,393,393,393.0,CHONFCMC_01721,KGGMHOKE_00332,JPPLDLFD_01451
group_827,,Macro domain-containing protein,3,3,1.0,11,91,,,,507,510,508.0,CHONFCMC_01656,KGGMHOKE_01763,JPPLDLFD_01515
apbE,apbE,FAD:protein FMN transferase,3,3,1.0,11,90,,,,927,927,927.0,CHONFCMC_01688,KGGMHOKE_01732,JPPLDLFD_01484
group_826,,hypothetical protein,3,3,1.0,11,89,,,,834,834,834.0,CHONFCMC_01696,KGGMHOKE_01724,JPPLDLFD_01476
group_824,,hypothetical protein,3,3,1.0,11,87,,,,6723,6759,6735.0,CHONFCMC_01709,KGGMHOKE_01711,JPPLDLFD_01462
manZ_5,manZ_5,PTS system mannose-specific EIID component,3,3,1.0,11,86,,,,930,930,930.0,CHONFCMC_01633,KGGMHOKE_01787,JPPLDLFD_01539
group_823,,hypothetical protein,3,3,1.0,11,85,,,,243,243,243.0,CHONFCMC_01682,KGGMHOKE_01738,JPPLDLFD_01490
rsmG,rsmG,Ribosomal RNA small subunit methyltransferase G,3,3,1.0,11,83,,,,720,720,720.0,CHONFCMC_01690,KGGMHOKE_01730,JPPLDLFD_01482
group_821,,Putative glutamine amidotransferase,3,3,1.0,11,82,,,,726,726,726.0,CHONFCMC_01637,KGGMHOKE_01783,JPPLDLFD_01534
thrP_2,thrP_2,Threonine/serine transporter ThrP,3,3,1.0,11,81,,,,1383,1383,1383.0,CHONFCMC_01636,KGGMHOKE_01784,JPPLDLFD_01535
bcaP_2,bcaP_2,Branched-chain amino acid permease BcaP,3,3,1.0,11,80,,,,1389,1389,1389.0,CHONFCMC_01642,KGGMHOKE_01778,JPPLDLFD_01529
group_820,,putative transporter,3,3,1.0,11,79,,,,1401,1401,1401.0,CHONFCMC_01638,KGGMHOKE_01782,JPPLDLFD_01533
group_817,,Aspartate racemase,3,3,1.0,11,76,,,,750,750,750.0,CHONFCMC_01702,KGGMHOKE_01718,JPPLDLFD_01470
menH_2,menH_2,2-succinyl-6-hydroxy-24-cyclohexadiene-1-carboxylate synthase,3,3,1.0,11,75,,,,750,750,750.0,CHONFCMC_01671,KGGMHOKE_01748,JPPLDLFD_01500
thrP_3~~~thrP_2~~~thrP_1,thrP_3;thrP_2;thrP_1,Threonine/serine transporter ThrP,3,4,1.3333333333333333,11,74,,,,288,1392,1034.25,CHONFCMC_01635,KGGMHOKE_01785,JPPLDLFD_01537;JPPLDLFD_01536
smtB,smtB,HTH-type transcriptional repressor SmtB,3,3,1.0,11,73,,,,279,279,279.0,CHONFCMC_01711,KGGMHOKE_01709,JPPLDLFD_01460
ccpA_3,ccpA_3,Catabolite control protein A,3,3,1.0,11,72,,,,987,987,987.0,CHONFCMC_01653,KGGMHOKE_01767,JPPLDLFD_01525
glcR_2,glcR_2,HTH-type transcriptional repressor GlcR,3,3,1.0,11,70,,,,759,759,759.0,CHONFCMC_01706,KGGMHOKE_01714,JPPLDLFD_01465
yaaA,yaaA,DNA-binding and peroxide stress resistance protein YaaA,3,3,1.0,11,69,,,,759,759,759.0,CHONFCMC_01669,KGGMHOKE_01750,JPPLDLFD_01502
scrB_2,scrB_2,Sucrose-6-phosphate hydrolase,3,3,1.0,11,68,,,,1470,1470,1470.0,CHONFCMC_01654,KGGMHOKE_01766,JPPLDLFD_01524
manX_2,manX_2,PTS system mannose-specific EIIAB component,3,3,1.0,11,67,,,,999,999,999.0,CHONFCMC_01631,KGGMHOKE_01789,JPPLDLFD_01541
group_815,,hypothetical protein,3,3,1.0,11,66,,,,762,762,762.0,CHONFCMC_01664,KGGMHOKE_01755,JPPLDLFD_01507
bglH_3,bglH_3,Aryl-phospho-beta-D-glucosidase BglH,3,3,1.0,11,65,,,,1479,1479,1479.0,CHONFCMC_01680,KGGMHOKE_01740,JPPLDLFD_01492
pepD,pepD,Dipeptidase,3,3,1.0,11,64,,,,1488,1488,1488.0,CHONFCMC_01681,KGGMHOKE_01739,JPPLDLFD_01491
group_814,,hypothetical protein,3,4,1.3333333333333333,11,63,,,,255,522,392.25,CHONFCMC_01674;CHONFCMC_01675,KGGMHOKE_01745,JPPLDLFD_01497
asnA,asnA,Aspartate--ammonia ligase,3,3,1.0,11,62,,,,1011,1011,1011.0,CHONFCMC_01640,KGGMHOKE_01780,JPPLDLFD_01531
glcA,glcA,Glycolate permease GlcA,3,3,1.0,11,61,,,,1512,1512,1512.0,CHONFCMC_01715,KGGMHOKE_01705,JPPLDLFD_01456
soj,soj,Sporulation initiation inhibitor protein Soj,3,3,1.0,11,60,,,,774,774,774.0,CHONFCMC_01692,KGGMHOKE_01728,JPPLDLFD_01480
ptpB_1,ptpB_1,Triple specificity protein phosphatase PtpB,3,3,1.0,11,59,,,,777,777,777.0,CHONFCMC_01645,KGGMHOKE_01775,JPPLDLFD_01526
group_813,,hypothetical protein,3,3,1.0,11,58,,,,537,537,537.0,CHONFCMC_01689,KGGMHOKE_01731,JPPLDLFD_01483
yicI,yicI;,Alpha-xylosidase;hypothetical protein,3,4,1.3333333333333333,11,57,,,,195,2319,1671.0,CHONFCMC_01705,KGGMHOKE_01715,JPPLDLFD_01467;JPPLDLFD_01466
nfr1,nfr1,NADH-dependent flavin reductase subunit 1,3,3,1.0,11,56,,,,543,543,543.0,CHONFCMC_01684,KGGMHOKE_01736,JPPLDLFD_01488
ybiV,ybiV,Sugar phosphatase YbiV,3,3,1.0,11,55,,,,786,786,786.0,CHONFCMC_01710,KGGMHOKE_01710,JPPLDLFD_01461
murE,murE,UDP-N-acetylmuramoyl-L-alanyl-D-glutamate--L-lysine ligase,3,3,1.0,11,54,,,,1572,1572,1572.0,CHONFCMC_01701,KGGMHOKE_01719,JPPLDLFD_01471
mupG,mupG,6-phospho-N-acetylmuramidase,3,3,1.0,11,52,,,,1041,1041,1041.0,CHONFCMC_01686,KGGMHOKE_01734,JPPLDLFD_01486
znuB,znuB,High-affinity zinc uptake system membrane protein ZnuB,3,3,1.0,11,51,,,,792,792,792.0,CHONFCMC_01714,KGGMHOKE_01706,JPPLDLFD_01457
group_812,,putative ABC transporter permease,3,3,1.0,11,50,,,,1053,1053,1053.0,CHONFCMC_01676,KGGMHOKE_01744,JPPLDLFD_01496
uup_9,uup_9,ATP-binding protein Uup,3,3,1.0,11,49,,,,1602,1602,1602.0,CHONFCMC_01657,KGGMHOKE_01762,JPPLDLFD_01514
nfr2,nfr2,NADH-dependent flavin reductase subunit 2,3,3,1.0,11,48,,,,489,555,533.0,CHONFCMC_01685,KGGMHOKE_01735,JPPLDLFD_01487
ptpB_2,ptpB_2,Triple specificity protein phosphatase PtpB,3,3,1.0,11,47,,,,804,804,804.0,CHONFCMC_01687,KGGMHOKE_01733,JPPLDLFD_01485
sorA_2,sorA_2,PTS system sorbose-specific EIIC component,3,3,1.0,11,46,,,,804,804,804.0,CHONFCMC_01632,KGGMHOKE_01788,JPPLDLFD_01540
ychF,ychF,Ribosome-binding ATPase YchF,3,3,1.0,11,45,,,,1101,1101,1101.0,CHONFCMC_01695,KGGMHOKE_01725,JPPLDLFD_01477
thiD,thiD,Hydroxymethylpyrimidine/phosphomethylpyrimidine kinase,3,3,1.0,11,43,,,,819,819,819.0,CHONFCMC_01644,KGGMHOKE_01776,JPPLDLFD_01527
group_810,,putative ABC transporter ATP-binding protein,3,3,1.0,11,42,,,,1731,1731,1731.0,CHONFCMC_01697,KGGMHOKE_01723,JPPLDLFD_01475
group_809,,hypothetical protein,3,3,1.0,11,41,,,,1776,1776,1776.0,CHONFCMC_01665,KGGMHOKE_01754,JPPLDLFD_01506
rcsC,rcsC,Sensor histidine kinase RcsC,3,3,1.0,11,40,,,,1146,1146,1146.0,CHONFCMC_01700,KGGMHOKE_01720,JPPLDLFD_01472
pspB,pspB,Putative phosphoserine phosphatase 2,3,3,1.0,11,39,,,,600,600,600.0,CHONFCMC_01673,KGGMHOKE_01746,JPPLDLFD_01498
group_808,,putative ABC transporter ATP-binding protein,3,3,1.0,11,38,,,,1851,1851,1851.0,CHONFCMC_01698,KGGMHOKE_01722,JPPLDLFD_01474
group_807,,hypothetical protein,3,3,1.0,11,37,,,,360,360,360.0,CHONFCMC_01668,KGGMHOKE_01751,JPPLDLFD_01503
group_806,,hypothetical protein,3,3,1.0,11,36,,,,603,603,603.0,CHONFCMC_01670,KGGMHOKE_01749,JPPLDLFD_01501
group_805,bglF_3,PTS system beta-glucoside-specific EIIBCA component,3,3,1.0,11,35,,,,1875,1875,1875.0,CHONFCMC_01679,KGGMHOKE_01741,JPPLDLFD_01493
group_804,,hypothetical protein,3,3,1.0,11,34,,,,363,363,363.0,CHONFCMC_01634,KGGMHOKE_01786,JPPLDLFD_01538
scrA_3,scrA_3,PTS system sucrose-specific EIIBCA component,3,3,1.0,11,33,,,,1944,1944,1944.0,CHONFCMC_01655,KGGMHOKE_01765,JPPLDLFD_01523
group_803,,hypothetical protein,3,3,1.0,11,32,,,,624,624,624.0,CHONFCMC_01683,KGGMHOKE_01737,JPPLDLFD_01489
group_802,licT_3,Transcription antiterminator LicT,3,3,1.0,11,31,,,,849,849,849.0,CHONFCMC_01678,KGGMHOKE_01742,JPPLDLFD_01494
fruA,fruA,PTS system fructose-specific EIIABC component,3,3,1.0,11,30,,,,1986,1986,1986.0,CHONFCMC_01708,KGGMHOKE_01712,JPPLDLFD_01463
cobC,cobC,Adenosylcobalamin/alpha-ribazole phosphatase,3,3,1.0,11,29,,,,627,627,627.0,CHONFCMC_01672,KGGMHOKE_01747,JPPLDLFD_01499
ybbH_1,ybbH_1,putative HTH-type transcriptional regulator YbbH,3,3,1.0,11,28,,,,852,852,852.0,CHONFCMC_01663,KGGMHOKE_01756,JPPLDLFD_01508
sbnD_2,sbnD_2,Staphyloferrin B transporter,3,3,1.0,11,26,,,,1215,1215,1215.0,CHONFCMC_01659,KGGMHOKE_01760,JPPLDLFD_01512
yhaP,yhaP,putative protein YhaP,3,3,1.0,11,24,,,,1227,1227,1227.0,CHONFCMC_01704,KGGMHOKE_01716,JPPLDLFD_01468
group_800,,hypothetical protein,3,3,1.0,11,23,,,,870,870,870.0,CHONFCMC_01662,KGGMHOKE_01757,JPPLDLFD_01509
group_799,,hypothetical protein,3,3,1.0,11,22,,,,873,873,873.0,CHONFCMC_01660,KGGMHOKE_01759,JPPLDLFD_01511
spo0J,spo0J,Stage 0 sporulation protein J,3,3,1.0,11,20,,,,882,882,882.0,CHONFCMC_01693,KGGMHOKE_01727,JPPLDLFD_01479
noc,noc,Nucleoid occlusion protein,3,3,1.0,11,19,,,,882,882,882.0,CHONFCMC_01691,KGGMHOKE_01729,JPPLDLFD_01481
znuC,znuC,Zinc import ATP-binding protein ZnuC,3,3,1.0,11,18,,,,660,660,660.0,CHONFCMC_01713,KGGMHOKE_01707,JPPLDLFD_01458
aroD,aroD,3-dehydroquinate dehydratase,3,3,1.0,11,17,,,,423,423,423.0,CHONFCMC_01661,KGGMHOKE_01758,JPPLDLFD_01510
yicL_1,yicL_1,putative inner membrane transporter YicL,3,3,1.0,11,13,,,,894,894,894.0,CHONFCMC_01641,KGGMHOKE_01779,JPPLDLFD_01530
group_796,btuD_2,Vitamin B12 import ATP-binding protein BtuD,3,3,1.0,11,12,,,,897,897,897.0,CHONFCMC_01703,KGGMHOKE_01717,JPPLDLFD_01469
group_795,,hypothetical protein,3,3,1.0,11,11,,,,900,900,900.0,CHONFCMC_01712,KGGMHOKE_01708,JPPLDLFD_01459
group_794,,hypothetical protein,3,3,1.0,11,10,,,,900,900,900.0,CHONFCMC_01666,KGGMHOKE_01753,JPPLDLFD_01505
group_793,,hypothetical protein,3,3,1.0,11,9,,,,249,249,249.0,CHONFCMC_01694,KGGMHOKE_01726,JPPLDLFD_01478
hrtA,hrtA,Putative hemin import ATP-binding protein HrtA,3,3,1.0,11,8,,,,678,678,678.0,CHONFCMC_01677,KGGMHOKE_01743,JPPLDLFD_01495
guaA_2,guaA_2,GMP synthase [glutamine-hydrolyzing],3,3,1.0,11,7,,,,684,684,684.0,CHONFCMC_01658,KGGMHOKE_01761,JPPLDLFD_01513
gatD,gatD,Lipid II isoglutaminyl synthase (glutamine-hydrolyzing) subunit GatD,3,3,1.0,11,6,,,,684,684,684.0,CHONFCMC_01643,KGGMHOKE_01777,JPPLDLFD_01528
tagK_3,tagK_3,D-tagatose-1-phosphate kinase,3,3,1.0,11,5,,,,915,915,915.0,CHONFCMC_01707,KGGMHOKE_01713,JPPLDLFD_01464
vanR,vanR,Regulatory protein VanR,3,3,1.0,11,4,,,,687,687,687.0,CHONFCMC_01699,KGGMHOKE_01721,JPPLDLFD_01473
group_792,,hypothetical protein,3,3,1.0,11,3,,,,690,690,690.0,CHONFCMC_01667,KGGMHOKE_01752,JPPLDLFD_01504
group_790,,hypothetical protein,3,3,1.0,11,1,,,,1221,1221,1221.0,CHONFCMC_01639,KGGMHOKE_01781,JPPLDLFD_01532
group_789,,hypothetical protein,3,3,1.0,10,40,,,,342,342,342.0,CHONFCMC_01615,KGGMHOKE_01107,JPPLDLFD_00703
dinB_2,dinB_2,DNA polymerase IV,3,3,1.0,10,39,,,,1122,1122,1122.0,CHONFCMC_01599,KGGMHOKE_01123,JPPLDLFD_00687
ruvA,ruvA,Holliday junction branch migration complex subunit RuvA,3,3,1.0,10,38,,,,579,579,579.0,CHONFCMC_01595,KGGMHOKE_01127,JPPLDLFD_00683
dedA,dedA,DedA family protein,3,3,1.0,10,37,,,,651,651,651.0,CHONFCMC_01627,KGGMHOKE_01095,JPPLDLFD_01084
mutSB,mutSB,Putative endonuclease MutS2,3,3,1.0,10,36,,,,2367,2367,2367.0,CHONFCMC_01607,KGGMHOKE_01115,JPPLDLFD_00695
pglK,pglK,Protein glycosylation K,3,3,1.0,10,35,,,,1635,1641,1639.0,CHONFCMC_01618,KGGMHOKE_01104,JPPLDLFD_00706
group_788,,hypothetical protein,3,3,1.0,10,34,,,,1368,1368,1368.0,CHONFCMC_01623,KGGMHOKE_01099,JPPLDLFD_01088
ruvB,ruvB,Holliday junction branch migration complex subunit RuvB,3,3,1.0,10,33,,,,1020,1020,1020.0,CHONFCMC_01596,KGGMHOKE_01126,JPPLDLFD_00684
yutF,yutF,5'-nucleotidase YutF,3,3,1.0,10,32,,,,783,783,783.0,CHONFCMC_01625,KGGMHOKE_01097,JPPLDLFD_01086
group_787,,hypothetical protein,3,3,1.0,10,31,,,,543,543,543.0,CHONFCMC_01606,KGGMHOKE_01116,JPPLDLFD_00694
mutS,mutS,DNA mismatch repair protein MutS,3,3,1.0,10,30,,,,2574,2574,2574.0,CHONFCMC_01593,KGGMHOKE_01129,JPPLDLFD_00681
group_786,,hypothetical protein,3,3,1.0,10,29,,,,546,546,546.0,CHONFCMC_01624,KGGMHOKE_01098,JPPLDLFD_01087
alaS,alaS,Alanine--tRNA ligase,3,3,1.0,10,28,,,,2649,2649,2649.0,CHONFCMC_01602,KGGMHOKE_01120,JPPLDLFD_00690
group_784,,hypothetical protein,3,3,1.0,10,26,,,,432,432,432.0,CHONFCMC_01614,KGGMHOKE_01108,JPPLDLFD_00702
mutL,mutL,DNA mismatch repair protein MutL,3,3,1.0,10,25,,,,1893,1893,1893.0,CHONFCMC_01594,KGGMHOKE_01128,JPPLDLFD_00682
group_783,,hypothetical protein,3,3,1.0,10,24,,,,258,258,258.0,CHONFCMC_01603,KGGMHOKE_01119,JPPLDLFD_00691
yrrK,yrrK,Putative pre-16S rRNA nuclease,3,3,1.0,10,23,,,,432,432,432.0,CHONFCMC_01604,KGGMHOKE_01118,JPPLDLFD_00692
yugI,yugI,General stress protein 13,3,3,1.0,10,22,,,,366,366,366.0,CHONFCMC_01629,KGGMHOKE_01093,JPPLDLFD_01082
yumC,yumC,Ferredoxin--NADP reductase 2,3,3,1.0,10,21,,,,957,957,957.0,CHONFCMC_01628,KGGMHOKE_01094,JPPLDLFD_01083
group_782,,hypothetical protein,3,3,1.0,10,20,,,,618,618,618.0,CHONFCMC_01626,KGGMHOKE_01096,JPPLDLFD_01085
trxA,trxA,Thioredoxin,3,3,1.0,10,19,,,,312,312,312.0,CHONFCMC_01608,KGGMHOKE_01114,JPPLDLFD_00696
mtgA_2,mtgA_2,Biosynthetic peptidoglycan transglycosylase,3,3,1.0,10,18,,,,2829,2829,2829.0,CHONFCMC_01619,KGGMHOKE_01103,JPPLDLFD_01092
ykuT,ykuT,putative MscS family protein YkuT,3,3,1.0,10,17,,,,897,897,897.0,CHONFCMC_01613,KGGMHOKE_01109,JPPLDLFD_00701
ackA_2,ackA_2,Acetate kinase,3,3,1.0,10,16,,,,1179,1179,1179.0,CHONFCMC_01612,KGGMHOKE_01110,JPPLDLFD_00700
cshB,cshB,DEAD-box ATP-dependent RNA helicase CshB,3,3,1.0,10,15,,,,1395,1395,1395.0,CHONFCMC_01601,KGGMHOKE_01121,JPPLDLFD_00689
group_781,,hypothetical protein,3,3,1.0,10,14,,,,315,315,315.0,CHONFCMC_01605,KGGMHOKE_01117,JPPLDLFD_00693
group_780,,hypothetical protein,3,3,1.0,10,13,,,,438,438,438.0,CHONFCMC_01597,KGGMHOKE_01125,JPPLDLFD_00685
pepV_2,pepV_2,Beta-Ala-Xaa dipeptidase,3,3,1.0,10,12,,,,1398,1398,1398.0,CHONFCMC_01620,KGGMHOKE_01102,JPPLDLFD_01091
ccpA_2~~~ccpA_1,ccpA_2;ccpA_1,Catabolite control protein A,3,3,1.0,10,11,,,,996,996,996.0,CHONFCMC_01617,KGGMHOKE_01105,JPPLDLFD_00705
rdgB,rdgB,dITP/XTP pyrophosphatase,3,3,1.0,10,10,,,,624,624,624.0,CHONFCMC_01611,KGGMHOKE_01111,JPPLDLFD_00699
nrnA,nrnA,putative bifunctional oligoribonuclease and PAP phosphatase NrnA,3,3,1.0,10,9,,,,966,966,966.0,CHONFCMC_01600,KGGMHOKE_01122,JPPLDLFD_00688
murI,murI,Glutamate racemase,3,3,1.0,10,8,,,,801,801,801.0,CHONFCMC_01610,KGGMHOKE_01112,JPPLDLFD_00698
uup_8~~~msbA_1,;uup_8;msbA_1,hypothetical protein;ATP-binding protein Uup;ATP-dependent lipid A-core flippase,3,4,1.3333333333333333,10,7,,,,780,1764,1302.75,CHONFCMC_01592,KGGMHOKE_01130,JPPLDLFD_00679;JPPLDLFD_00680
group_779,,hypothetical protein,3,3,1.0,10,6,,,,327,327,327.0,CHONFCMC_01622,KGGMHOKE_01100,JPPLDLFD_01089
zwf,zwf,Glucose-6-phosphate 1-dehydrogenase,3,3,1.0,10,4,,,,1449,1449,1449.0,CHONFCMC_01598,KGGMHOKE_01124,JPPLDLFD_00686
group_777,,hypothetical protein,3,3,1.0,10,3,,,,1305,1383,1357.0,CHONFCMC_01621,KGGMHOKE_01101,JPPLDLFD_01090
yslB,yslB,putative protein YslB,3,3,1.0,10,2,,,,396,396,396.0,CHONFCMC_01609,KGGMHOKE_01113,JPPLDLFD_00697
pepQ,pepQ,Xaa-Pro dipeptidase,3,3,1.0,10,1,,,,1107,1107,1107.0,CHONFCMC_01616,KGGMHOKE_01106,JPPLDLFD_00704
tadA_2,tadA_2,tRNA-specific adenosine deaminase,3,3,1.0,9,63,,,,453,453,453.0,CHONFCMC_01553,KGGMHOKE_01171,JPPLDLFD_00815
rex,rex,Redox-sensing transcriptional repressor Rex,3,3,1.0,9,62,,,,645,645,645.0,CHONFCMC_01584,KGGMHOKE_01139,JPPLDLFD_00874
tcyL,tcyL,L-cystine transport system permease protein TcyL,3,3,1.0,9,61,,,,645,645,645.0,CHONFCMC_01544,KGGMHOKE_01181,JPPLDLFD_00806
groES,groES,Co-chaperonin GroES,3,3,1.0,9,60,,,,285,285,285.0,CHONFCMC_01588,KGGMHOKE_01134,JPPLDLFD_00878
group_776,,hypothetical protein,3,3,1.0,9,59,,,,108,1371,536.0,CHONFCMC_01590,KGGMHOKE_01132,JPPLDLFD_00880
ettA,;ettA,hypothetical protein;Energy-dependent translational throttle protein EttA,3,4,1.3333333333333333,9,57,,,,138,1932,1423.5,CHONFCMC_01583,KGGMHOKE_01140,JPPLDLFD_00872;JPPLDLFD_00873
group_773,,putative HTH-type transcriptional regulator,3,3,1.0,9,55,,,,459,459,459.0,CHONFCMC_01586,KGGMHOKE_01137,JPPLDLFD_00876
guaC_2~~~guaC_1~~~guaC,guaC_2;guaC_1;guaC,GMP reductase,3,4,1.3333333333333333,9,54,,,,393,993,742.5,CHONFCMC_01572,KGGMHOKE_01151;KGGMHOKE_01152,JPPLDLFD_01284
group_772,,hypothetical protein,3,3,1.0,9,53,,,,288,288,288.0,CHONFCMC_01570,KGGMHOKE_01154,JPPLDLFD_00832
dxs,dxs,1-deoxy-D-xylulose-5-phosphate synthase,3,3,1.0,9,52,,,,1761,1761,1761.0,CHONFCMC_01534,KGGMHOKE_01189,JPPLDLFD_00798
group_771,,hypothetical protein,3,3,1.0,9,51,,,,237,237,237.0,CHONFCMC_01557,KGGMHOKE_01167,JPPLDLFD_00819
group_770,,hypothetical protein,3,3,1.0,9,50,,,,1248,1257,1251.0,CHONFCMC_01535,KGGMHOKE_01188,JPPLDLFD_00799
garK~~~glxK,garK;glxK,Glycerate 2-kinase;Glycerate 3-kinase,3,3,1.0,9,49,,,,1137,1158,1145.0,CHONFCMC_01533,KGGMHOKE_01190,JPPLDLFD_00797
secE,secE,Protein translocase subunit SecE,3,3,1.0,9,48,,,,171,171,171.0,CHONFCMC_01540,KGGMHOKE_01185,JPPLDLFD_00802
yabA,yabA,Replication initiation control protein YabA,3,3,1.0,9,46,,,,345,345,345.0,CHONFCMC_01561,KGGMHOKE_01163,JPPLDLFD_00823
group_766,,hypothetical protein,3,3,1.0,9,42,,,,183,183,183.0,CHONFCMC_01552,KGGMHOKE_01172,JPPLDLFD_00814
dnaX,dnaX,DNA polymerase III subunit tau,3,3,1.0,9,41,,,,1809,1809,1809.0,CHONFCMC_01554,KGGMHOKE_01170,JPPLDLFD_00816
hepT,hepT,Heptaprenyl diphosphate synthase component 2,3,3,1.0,9,40,,,,1017,1017,1017.0,CHONFCMC_01536,KGGMHOKE_01187,JPPLDLFD_00800
artM_2~~~potA_2,artM_2;potA_2,Arginine transport ATP-binding protein ArtM;Spermidine/putrescine import ATP-binding protein PotA,3,4,1.3333333333333333,9,39,,,,255,648,478.5,CHONFCMC_01545,KGGMHOKE_01180;KGGMHOKE_01179,JPPLDLFD_00807
rplJ,rplJ,Large ribosomal subunit protein uL10,3,3,1.0,9,37,,,,501,573,549.0,CHONFCMC_01547,KGGMHOKE_01177,JPPLDLFD_00809
group_765,,hypothetical protein,3,3,1.0,9,36,,,,300,300,300.0,CHONFCMC_01576,KGGMHOKE_01145,JPPLDLFD_00867
group_764,,hypothetical protein,3,3,1.0,9,35,,,,885,885,885.0,CHONFCMC_01549,KGGMHOKE_01175,JPPLDLFD_00811
recR,recR,Recombination protein RecR,3,3,1.0,9,34,,,,600,600,600.0,CHONFCMC_01556,KGGMHOKE_01168,JPPLDLFD_00818
clcA_2,clcA_2,H(+)/Cl(-) exchange transporter ClcA,3,3,1.0,9,33,,,,1374,1374,1374.0,CHONFCMC_01569,KGGMHOKE_01155,JPPLDLFD_00831
rplK,rplK,Large ribosomal subunit protein uL11,3,3,1.0,9,32,,,,426,426,426.0,CHONFCMC_01542,KGGMHOKE_01183,JPPLDLFD_00804
tsaB,tsaB,tRNA threonylcarbamoyladenosine biosynthesis protein TsaB,3,3,1.0,9,31,,,,726,726,726.0,CHONFCMC_01565,KGGMHOKE_01159,JPPLDLFD_00827
group_763,,hypothetical protein,3,3,1.0,9,30,,,,309,309,309.0,CHONFCMC_01577,KGGMHOKE_01144,JPPLDLFD_00868
rplL,rplL,Large ribosomal subunit protein bL12,3,3,1.0,9,29,,,,363,363,363.0,CHONFCMC_01548,KGGMHOKE_01176,JPPLDLFD_00810
rsmC,rsmC,Ribosomal RNA small subunit methyltransferase C,3,3,1.0,9,28,,,,612,612,612.0,CHONFCMC_01551,KGGMHOKE_01173,JPPLDLFD_00813
tsaD,tsaD,tRNA N6-adenosine threonylcarbamoyltransferase,3,3,1.0,9,27,,,,1047,1047,1047.0,CHONFCMC_01567,KGGMHOKE_01157,JPPLDLFD_00829
purA,purA,Adenylosuccinate synthetase,3,3,1.0,9,26,,,,1290,1290,1290.0,CHONFCMC_01573,KGGMHOKE_01150,JPPLDLFD_01285
nusG,nusG,Transcription termination/antitermination protein NusG,3,3,1.0,9,25,,,,552,552,552.0,CHONFCMC_01541,KGGMHOKE_01184,JPPLDLFD_00803
purB,purB,Adenylosuccinate lyase,3,3,1.0,9,23,,,,1296,1296,1296.0,CHONFCMC_01574,KGGMHOKE_01149,JPPLDLFD_01286
rpmG3,rpmG3,Large ribosomal subunit protein bL33C,3,3,1.0,9,22,,,,150,150,150.0,CHONFCMC_01539,KGGMHOKE_01186,JPPLDLFD_00801
group_761,,hypothetical protein,3,3,1.0,9,21,,,,735,735,735.0,CHONFCMC_01563,KGGMHOKE_01161,JPPLDLFD_00825
rimI_2,rimI_2,[Ribosomal protein bS18]-alanine N-acetyltransferase,3,3,1.0,9,19,,,,558,558,558.0,CHONFCMC_01566,KGGMHOKE_01158,JPPLDLFD_00828
groEL,groEL,Chaperonin GroEL,3,3,1.0,9,18,,,,1632,1632,1632.0,CHONFCMC_01589,KGGMHOKE_01133,JPPLDLFD_00879
darA,darA,Cyclic di-AMP receptor A,3,3,1.0,9,15,,,,327,327,327.0,CHONFCMC_01559,KGGMHOKE_01165,JPPLDLFD_00821
yvdD,yvdD,LOG family protein YvdD,3,3,1.0,9,14,,,,567,567,567.0,CHONFCMC_01585,KGGMHOKE_01138,JPPLDLFD_00875
nudC,nudC,NAD-capped RNA hydrolase NudC,3,3,1.0,9,13,,,,450,450,450.0,CHONFCMC_01575,KGGMHOKE_01146,JPPLDLFD_00866
group_758,,hypothetical protein,3,3,1.0,9,12,,,,624,624,624.0,CHONFCMC_01568,KGGMHOKE_01156,JPPLDLFD_00830
rsmI,rsmI,Ribosomal RNA small subunit methyltransferase I,3,3,1.0,9,11,,,,858,858,858.0,CHONFCMC_01562,KGGMHOKE_01162,JPPLDLFD_00824
group_757,,hypothetical protein,3,3,1.0,9,10,,,,858,858,858.0,CHONFCMC_01560,KGGMHOKE_01164,JPPLDLFD_00822
group_756,,Nucleoid-associated protein,3,3,1.0,9,9,,,,330,330,330.0,CHONFCMC_01555,KGGMHOKE_01169,JPPLDLFD_00817
artJ,artJ,ABC transporter arginine-binding protein 1,3,3,1.0,9,8,,,,756,756,756.0,CHONFCMC_01546,KGGMHOKE_01178,JPPLDLFD_00808
tmk,tmk,Thymidylate kinase,3,3,1.0,9,7,,,,642,642,642.0,CHONFCMC_01558,KGGMHOKE_01166,JPPLDLFD_00820
rplA,rplA,Large ribosomal subunit protein uL1,3,3,1.0,9,6,,,,693,693,693.0,CHONFCMC_01543,KGGMHOKE_01182,JPPLDLFD_00805
folT,folT,Folate transporter FolT,3,3,1.0,9,5,,,,516,516,516.0,CHONFCMC_01564,KGGMHOKE_01160,JPPLDLFD_00826
group_755,,hypothetical protein,3,3,1.0,9,4,,,,225,225,225.0,CHONFCMC_01550,KGGMHOKE_01174,JPPLDLFD_00812
uctC,uctC,Acetyl-CoA:oxalate CoA-transferase,3,3,1.0,9,3,,,,1188,1188,1188.0,CHONFCMC_01578,KGGMHOKE_01143,JPPLDLFD_00869
group_754,,hypothetical protein,3,3,1.0,9,2,,,,759,759,759.0,CHONFCMC_01587,KGGMHOKE_01136,JPPLDLFD_00877
group_752,,hypothetical protein,3,3,1.0,8,295,,,,777,777,777.0,CHONFCMC_01417,KGGMHOKE_01310,JPPLDLFD_01720
tagK_1,tagK_1,D-tagatose-1-phosphate kinase,3,3,1.0,8,293,,,,927,927,927.0,CHONFCMC_01329,KGGMHOKE_01692,JPPLDLFD_01847
group_751,,hypothetical protein,3,3,1.0,8,292,,,,927,927,927.0,CHONFCMC_01274,KGGMHOKE_01911,JPPLDLFD_00586
pepC,pepC,Aminopeptidase C,3,3,1.0,8,291,,,,1350,1350,1350.0,CHONFCMC_01519,KGGMHOKE_01207,JPPLDLFD_01819
cycA_2,cycA_2,D-serine/D-alanine/glycine transporter,3,3,1.0,8,290,,,,1350,1350,1350.0,CHONFCMC_01283,KGGMHOKE_01903,JPPLDLFD_01892
walR,walR,Transcriptional regulatory protein WalR,3,3,1.0,8,289,,,,708,708,708.0,CHONFCMC_01240,KGGMHOKE_01943,JPPLDLFD_00618
group_750,gmuC_1,PTS system oligo-beta-mannoside-specific EIIC component,3,3,1.0,8,288,,,,1353,1353,1353.0,CHONFCMC_01372,KGGMHOKE_01647,JPPLDLFD_01677
ykoD_2,ykoD_2,Putative HMP/thiamine import ATP-binding protein YkoD,3,3,1.0,8,287,,,,1353,1353,1353.0,CHONFCMC_01248,KGGMHOKE_01935,JPPLDLFD_00610
rplX,rplX,Large ribosomal subunit protein uL24,3,3,1.0,8,286,,,,240,240,240.0,CHONFCMC_01484,KGGMHOKE_01243,JPPLDLFD_01786
greA_2,greA_2,Transcription elongation factor GreA,3,3,1.0,8,285,,,,462,462,462.0,CHONFCMC_01368,KGGMHOKE_01651,JPPLDLFD_01673
frc,frc,Formyl-CoA:oxalate CoA-transferase,3,3,1.0,8,284,,,,1359,1359,1359.0,CHONFCMC_01431,KGGMHOKE_01298,JPPLDLFD_01732
ganP,ganP,Galactooligosaccharides transport system permease protein GanP,3,3,1.0,8,282,,,,1356,1356,1356.0,CHONFCMC_01406,KGGMHOKE_01320,JPPLDLFD_01710
phnD2_2,phnD2_2,putative ABC transporter phosphonate/phosphite binding protein PhnD2,3,3,1.0,8,281,,,,930,930,930.0,CHONFCMC_01310,KGGMHOKE_01876,JPPLDLFD_01865
veg,veg,Protein Veg,3,3,1.0,8,280,,,,240,240,240.0,CHONFCMC_01395,KGGMHOKE_01624,JPPLDLFD_01699
group_748,,hypothetical protein,3,3,1.0,8,279,,,,240,240,240.0,CHONFCMC_01341,KGGMHOKE_01679,JPPLDLFD_01836
group_747,,hypothetical protein,3,3,1.0,8,278,,,,1365,1365,1365.0,CHONFCMC_01409,KGGMHOKE_01317,JPPLDLFD_01713
yfdH,yfdH,Prophage bactoprenol glucosyl transferase,3,3,1.0,8,277,,,,933,933,933.0,CHONFCMC_01354,KGGMHOKE_01665,JPPLDLFD_01658
group_746,,hypothetical protein,3,3,1.0,8,276,,,,714,714,714.0,CHONFCMC_01355,KGGMHOKE_01664,JPPLDLFD_01659
group_745,,hypothetical protein,3,3,1.0,8,275,,,,714,714,714.0,CHONFCMC_01320,KGGMHOKE_01702,JPPLDLFD_01855
cobB,cobB,NAD-dependent protein deacetylase,3,3,1.0,8,274,,,,714,714,714.0,CHONFCMC_01269,KGGMHOKE_01915,JPPLDLFD_00590
group_744,,hypothetical protein,3,3,1.0,8,273,,,,936,936,936.0,CHONFCMC_01518,KGGMHOKE_01208,JPPLDLFD_01818
rqcP,rqcP,RQC P-site tRNA stabilizing factor,3,3,1.0,8,272,,,,243,243,243.0,CHONFCMC_01454,KGGMHOKE_01273,JPPLDLFD_01756
murF,murF,UDP-N-acetylmuramoyl-tripeptide--D-alanyl-D-alanine ligase,3,3,1.0,8,271,,,,1368,1368,1368.0,CHONFCMC_01446,KGGMHOKE_01281,JPPLDLFD_01748
rpoA,rpoA,DNA-directed RNA polymerase subunit alpha,3,3,1.0,8,270,,,,939,939,939.0,CHONFCMC_01499,KGGMHOKE_01228,JPPLDLFD_01801
rpsG,rpsG,Small ribosomal subunit protein uS7,3,3,1.0,8,269,,,,471,471,471.0,CHONFCMC_01470,KGGMHOKE_01257,JPPLDLFD_01772
group_743,,hypothetical protein,3,3,1.0,8,268,,,,108,108,108.0,CHONFCMC_01422,KGGMHOKE_01306,JPPLDLFD_01725
cytR_2,cytR_2,HTH-type transcriptional repressor CytR,3,3,1.0,8,267,,,,945,945,945.0,CHONFCMC_01399,KGGMHOKE_01327,JPPLDLFD_01703
ntd,ntd,Nucleoside deoxyribosyltransferase,3,3,1.0,8,266,,,,477,477,477.0,CHONFCMC_01304,KGGMHOKE_01882,JPPLDLFD_01871
nagR_3,nagR_3,HTH-type transcriptional repressor NagR,3,3,1.0,8,265,,,,720,720,720.0,CHONFCMC_01294,KGGMHOKE_01892,JPPLDLFD_01881
group_742,,hypothetical protein,3,3,1.0,8,264,,,,720,720,720.0,CHONFCMC_01288,KGGMHOKE_01898,JPPLDLFD_01887
group_741,,hypothetical protein,3,3,1.0,8,263,,,,477,477,477.0,CHONFCMC_01270,KGGMHOKE_01914,JPPLDLFD_00589
rpmE2,rpmE2,Large ribosomal subunit protein bL31B,3,3,1.0,8,262,,,,252,252,252.0,CHONFCMC_01445,KGGMHOKE_01282,JPPLDLFD_01747
rlmH,rlmH,Ribosomal RNA large subunit methyltransferase H,3,3,1.0,8,261,,,,480,480,480.0,CHONFCMC_01246,KGGMHOKE_01937,JPPLDLFD_00612
radA,radA,DNA repair protein RadA,3,3,1.0,8,260,,,,1380,1380,1380.0,CHONFCMC_01521,KGGMHOKE_01205,JPPLDLFD_01821
gmuR_3,gmuR_3,HTH-type transcriptional regulator GmuR,3,3,1.0,8,259,,,,726,726,726.0,CHONFCMC_01375,KGGMHOKE_01643,JPPLDLFD_01681
group_740,,hypothetical protein,3,3,1.0,8,258,,,,726,726,726.0,CHONFCMC_01306,KGGMHOKE_01880,JPPLDLFD_01869
group_739,,hypothetical protein,3,3,1.0,8,257,,,,483,483,483.0,CHONFCMC_01314,KGGMHOKE_01872,JPPLDLFD_01861
group_738,,hypothetical protein,3,3,1.0,8,256,,,,258,258,258.0,CHONFCMC_01515,KGGMHOKE_01211,JPPLDLFD_01815
rpsN2,rpsN2,Small ribosomal subunit protein uS14A,3,3,1.0,8,254,,,,258,258,258.0,CHONFCMC_01352,KGGMHOKE_01667,JPPLDLFD_01656
glmU,glmU,Bifunctional protein GlmU,3,3,1.0,8,253,,,,1386,1386,1386.0,CHONFCMC_01397,KGGMHOKE_01622,JPPLDLFD_01701
group_736,,hypothetical protein,3,4,1.3333333333333333,8,252,,,,204,462,346.5,CHONFCMC_01426;CHONFCMC_01425,KGGMHOKE_01303,JPPLDLFD_01726
tadA_1,tadA_1,tRNA-specific adenosine deaminase,3,3,1.0,8,251,,,,489,489,489.0,CHONFCMC_01387,KGGMHOKE_01631,JPPLDLFD_01692
levE,levE,PTS system fructose-specific EIIB component,3,3,1.0,8,250,,,,489,489,489.0,CHONFCMC_01297,KGGMHOKE_01889,JPPLDLFD_01878
cls_2,cls_2,Cardiolipin synthase,3,3,1.0,8,249,,,,1392,1392,1392.0,CHONFCMC_01271,KGGMHOKE_01913,JPPLDLFD_00588
gmuC_2~~~licC_3~~~gmuC_3~~~licC_4,gmuC_2;;licC_3;gmuC_3;licC_4,PTS system oligo-beta-mannoside-specific EIIC component;hypothetical protein;Lichenan permease IIC component,3,5,1.6666666666666667,8,248,,,,339,1431,860.4,CHONFCMC_01379;CHONFCMC_01380,KGGMHOKE_01638;KGGMHOKE_01639,JPPLDLFD_01685
group_735,,hypothetical protein,3,3,1.0,8,247,,,,1395,1395,1395.0,CHONFCMC_01315,KGGMHOKE_01871,JPPLDLFD_01860
rpsQ,rpsQ,Small ribosomal subunit protein uS17,3,3,1.0,8,246,,,,267,267,267.0,CHONFCMC_01482,KGGMHOKE_01245,JPPLDLFD_01784
cysS,cysS,Cysteine--tRNA ligase,3,3,1.0,8,245,,,,1413,1413,1413.0,CHONFCMC_01523,KGGMHOKE_01203,JPPLDLFD_01823
group_734,,Putative universal stress protein,3,3,1.0,8,244,,,,495,495,495.0,CHONFCMC_01308,KGGMHOKE_01878,JPPLDLFD_01867
pepDA_2,pepDA_2,Dipeptidase A,3,3,1.0,8,243,,,,1416,1416,1416.0,CHONFCMC_01438,KGGMHOKE_01289,JPPLDLFD_01740
group_733,,hypothetical protein,3,3,1.0,8,242,,,,273,453,393.0,CHONFCMC_01436,KGGMHOKE_01291,JPPLDLFD_01738
ypuA,ypuA,putative protein YpuA,3,3,1.0,8,241,,,,969,969,969.0,CHONFCMC_01276,KGGMHOKE_01909,JPPLDLFD_00584
ldh_2,ldh_2,L-lactate dehydrogenase,3,3,1.0,8,240,,,,972,972,972.0,CHONFCMC_01451,KGGMHOKE_01276,JPPLDLFD_01753
prs_2,prs_2,Ribose-phosphate pyrophosphokinase,3,3,1.0,8,239,,,,972,972,972.0,CHONFCMC_01398,KGGMHOKE_01621,JPPLDLFD_01702
lacG_2,lacG_2,6-phospho-beta-galactosidase,3,3,1.0,8,238,,,,1428,1428,1428.0,CHONFCMC_01529,KGGMHOKE_01197,JPPLDLFD_01829
group_732,,hypothetical protein,3,4,1.3333333333333333,8,237,,,,183,1038,763.5,CHONFCMC_01339,KGGMHOKE_01681;KGGMHOKE_01682,JPPLDLFD_01838
group_731,,Putative TrmH family tRNA/rRNA methyltransferase,3,3,1.0,8,236,,,,756,756,756.0,CHONFCMC_01525,KGGMHOKE_01201,JPPLDLFD_01825
group_730,bglA_2,Aryl-phospho-beta-D-glucosidase BglA,3,3,1.0,8,235,,,,1449,1449,1449.0,CHONFCMC_01370,KGGMHOKE_01649,JPPLDLFD_01675
group_729,,hypothetical protein,3,3,1.0,8,234,,,,513,513,513.0,CHONFCMC_01430,KGGMHOKE_01299,JPPLDLFD_01731
ybiR,;ybiR,hypothetical protein;Inner membrane protein YbiR,3,4,1.3333333333333333,8,233,,,,417,1107,844.5,CHONFCMC_01253;CHONFCMC_01254,KGGMHOKE_01930,JPPLDLFD_00605
prs_1,prs_1,Ribose-phosphate pyrophosphokinase,3,3,1.0,8,232,,,,990,990,990.0,CHONFCMC_01280,KGGMHOKE_01905,JPPLDLFD_00580
rnhA,rnhA,Ribonuclease H,3,3,1.0,8,231,,,,756,756,756.0,CHONFCMC_01275,KGGMHOKE_01910,JPPLDLFD_00585
group_728,,hypothetical protein,3,3,1.0,8,230,,,,993,993,993.0,CHONFCMC_01441,KGGMHOKE_01286,JPPLDLFD_01743
cshA,cshA,ATP-dependent RNA helicase CshA,3,3,1.0,8,229,,,,1458,1458,1458.0,CHONFCMC_01447,KGGMHOKE_01280,JPPLDLFD_01749
glvR,glvR,HTH-type transcriptional regulator GlvR,3,3,1.0,8,228,,,,759,759,759.0,CHONFCMC_01328,KGGMHOKE_01693,JPPLDLFD_01848
glnQ_2,glnQ_2,Glutamine transport ATP-binding protein GlnQ,3,3,1.0,8,227,,,,759,759,759.0,CHONFCMC_01263,KGGMHOKE_01921,JPPLDLFD_00596
lacD,lacD,Tagatose 16-diphosphate aldolase,3,3,1.0,8,226,,,,996,996,996.0,CHONFCMC_01326,KGGMHOKE_01695,JPPLDLFD_01850
group_727,,hypothetical protein,3,3,1.0,8,225,,,,762,762,762.0,CHONFCMC_01291,KGGMHOKE_01895,JPPLDLFD_01884
rpsE,rpsE,Small ribosomal subunit protein uS5,3,3,1.0,8,224,,,,525,525,525.0,CHONFCMC_01490,KGGMHOKE_01237,JPPLDLFD_01792
mgtB,;mgtB,hypothetical protein;Magnesium-transporting ATPase P-type 1,3,4,1.3333333333333333,8,223,,,,321,990,734.25,CHONFCMC_01390;CHONFCMC_01389,KGGMHOKE_01629,JPPLDLFD_01694
group_726,,hypothetical protein,3,3,1.0,8,222,,,,1197,1197,1197.0,CHONFCMC_01322,KGGMHOKE_01700,JPPLDLFD_01853
thiQ,thiQ,Thiamine import ATP-binding protein ThiQ,3,3,1.0,8,221,,,,765,765,765.0,CHONFCMC_01443,KGGMHOKE_01284,JPPLDLFD_01745
group_724,,hypothetical protein,3,4,1.3333333333333333,8,219,,,,1200,2949,2221.5,CHONFCMC_01360,KGGMHOKE_01659,JPPLDLFD_01665;JPPLDLFD_01664
gltX,gltX,Glutamate--tRNA ligase,3,3,1.0,8,218,,,,1500,1500,1500.0,CHONFCMC_01522,KGGMHOKE_01204,JPPLDLFD_01822
rpsS,rpsS,Small ribosomal subunit protein uS19,3,3,1.0,8,217,,,,288,288,288.0,CHONFCMC_01477,KGGMHOKE_01250,JPPLDLFD_01779
dusB,dusB,tRNA-dihydrouridine synthase B,3,3,1.0,8,216,,,,1008,1008,1008.0,CHONFCMC_01461,KGGMHOKE_01266,JPPLDLFD_01763
rplF,rplF,Large ribosomal subunit protein uL6,3,3,1.0,8,215,,,,531,531,531.0,CHONFCMC_01488,KGGMHOKE_01239,JPPLDLFD_01790
adaB,adaB,Methylated-DNA--protein-cysteine methyltransferase inducible,3,3,1.0,8,214,,,,531,531,531.0,CHONFCMC_01268,KGGMHOKE_01916,JPPLDLFD_00591
group_723,,hypothetical protein,3,3,1.0,8,213,,,,186,186,186.0,CHONFCMC_01516,KGGMHOKE_01210,JPPLDLFD_01816
dtd3,dtd3,D-aminoacyl-tRNA deacylase,3,3,1.0,8,212,,,,771,771,771.0,CHONFCMC_01392,KGGMHOKE_01627,JPPLDLFD_01696
bglH_1~~~bglH_3,bglH_1;bglH_3,Aryl-phospho-beta-D-glucosidase BglH,3,3,1.0,8,211,,,,1431,1494,1473.0,CHONFCMC_01374,KGGMHOKE_01644,JPPLDLFD_01680
group_722,,hypothetical protein,3,3,1.0,8,210,,,,1527,1527,1527.0,CHONFCMC_01286,KGGMHOKE_01900,JPPLDLFD_01889
rplW,rplW,Large ribosomal subunit protein uL23,3,3,1.0,8,209,,,,297,297,297.0,CHONFCMC_01475,KGGMHOKE_01252,JPPLDLFD_01777
group_720,,hypothetical protein,3,3,1.0,8,207,,,,864,930,886.0,CHONFCMC_01262,KGGMHOKE_01922,JPPLDLFD_00597
lysS,lysS,Lysine--tRNA ligase,3,3,1.0,8,206,,,,1542,1542,1542.0,CHONFCMC_01462,KGGMHOKE_01265,JPPLDLFD_01764
rplE,rplE,Large ribosomal subunit protein uL5,3,3,1.0,8,205,,,,543,543,543.0,CHONFCMC_01485,KGGMHOKE_01242,JPPLDLFD_01787
trpS2,trpS2,Tryptophan--tRNA ligase 2,3,3,1.0,8,204,,,,1029,1029,1029.0,CHONFCMC_01386,KGGMHOKE_01632,JPPLDLFD_01691
group_719,,hypothetical protein,3,3,1.0,8,203,,,,783,783,783.0,CHONFCMC_01347,KGGMHOKE_01672,JPPLDLFD_01650
alx,alx,Putative membrane-bound redox modulator Alx,3,3,1.0,8,202,,,,783,783,783.0,CHONFCMC_01267,KGGMHOKE_01917,JPPLDLFD_00592
guaA_1,guaA_1,GMP synthase [glutamine-hydrolyzing],3,3,1.0,8,201,,,,1554,1554,1554.0,CHONFCMC_01418,KGGMHOKE_01309,JPPLDLFD_01721
rpoE,rpoE,putative DNA-directed RNA polymerase subunit delta,3,3,1.0,8,200,,,,543,543,543.0,CHONFCMC_01411,KGGMHOKE_01315,JPPLDLFD_01715
glnQ_3,glnQ_3,Glutamine transport ATP-binding protein GlnQ,3,3,1.0,8,199,,,,786,786,786.0,CHONFCMC_01311,KGGMHOKE_01875,JPPLDLFD_01864
rhaS_3~~~rhaS_4,rhaS_3;rhaS_4,HTH-type transcriptional activator RhaS,3,3,1.0,8,198,,,,930,930,930.0,CHONFCMC_01250,KGGMHOKE_01933,JPPLDLFD_00608
group_718,,hypothetical protein,3,3,1.0,8,197,,,,1572,1572,1572.0,CHONFCMC_01289,KGGMHOKE_01897,JPPLDLFD_01886
rpsJ,rpsJ,Small ribosomal subunit protein uS10,3,3,1.0,8,195,,,,309,309,309.0,CHONFCMC_01472,KGGMHOKE_01255,JPPLDLFD_01774
truA,truA,tRNA pseudouridine synthase A,3,3,1.0,8,194,,,,792,792,792.0,CHONFCMC_01504,KGGMHOKE_01223,JPPLDLFD_01806
ogt_2~~~ogt,ogt_2;ogt,Methylated-DNA--protein-cysteine methyltransferase,3,3,1.0,8,193,,,,345,510,455.0,CHONFCMC_01429,KGGMHOKE_01300,JPPLDLFD_01730
group_717,,hypothetical protein,3,3,1.0,8,192,,,,210,291,264.0,CHONFCMC_01427,KGGMHOKE_01302,JPPLDLFD_01727
group_716,,hypothetical protein,3,3,1.0,8,191,,,,147,147,147.0,CHONFCMC_01309,KGGMHOKE_01877,JPPLDLFD_01866
dut,dut,Deoxyuridine 5'-triphosphate nucleotidohydrolase,3,3,1.0,8,188,,,,552,552,552.0,CHONFCMC_01520,KGGMHOKE_01206,JPPLDLFD_01820
ecfT_2,ecfT_2,Energy-coupling factor transporter transmembrane protein EcfT,3,3,1.0,8,187,,,,798,798,798.0,CHONFCMC_01503,KGGMHOKE_01224,JPPLDLFD_01805
walJ,walJ,Exodeoxyribonuclease WalJ,3,3,1.0,8,186,,,,798,798,798.0,CHONFCMC_01244,KGGMHOKE_01939,JPPLDLFD_00614
aimA,aimA,Glutamate/serine transporter AimA,3,3,1.0,8,185,,,,1602,1602,1602.0,CHONFCMC_01444,KGGMHOKE_01283,JPPLDLFD_01746
group_715,,hypothetical protein,3,3,1.0,8,184,,,,558,558,558.0,CHONFCMC_01530,KGGMHOKE_01196,JPPLDLFD_01830
pth,pth,Peptidyl-tRNA hydrolase,3,3,1.0,8,183,,,,558,558,558.0,CHONFCMC_01452,KGGMHOKE_01275,JPPLDLFD_01754
group_714,,hypothetical protein,3,3,1.0,8,182,,,,1014,1014,1014.0,CHONFCMC_01303,KGGMHOKE_01883,JPPLDLFD_01872
mltF_2,mltF_2,Membrane-bound lytic murein transglycosylase F,3,3,1.0,8,181,,,,1614,1614,1614.0,CHONFCMC_01264,KGGMHOKE_01920,JPPLDLFD_00595
dexB,dexB,Glucan 16-alpha-glucosidase,3,3,1.0,8,180,,,,1617,1617,1617.0,CHONFCMC_01408,KGGMHOKE_01318,JPPLDLFD_01712
pyrG,pyrG,CTP synthase,3,3,1.0,8,179,,,,1623,1623,1623.0,CHONFCMC_01412,KGGMHOKE_01314,JPPLDLFD_01716
lemA,lemA,Protein LemA,3,3,1.0,8,178,,,,558,558,558.0,CHONFCMC_01252,KGGMHOKE_01931,JPPLDLFD_00606
ykoE,ykoE,Putative HMP/thiamine permease protein YkoE,3,3,1.0,8,177,,,,558,558,558.0,CHONFCMC_01249,KGGMHOKE_01934,JPPLDLFD_00609
phnE,phnE,Phosphate-import permease protein PhnE,3,3,1.0,8,175,,,,804,804,804.0,CHONFCMC_01312,KGGMHOKE_01874,JPPLDLFD_01863
iphP,iphP,Tyrosine-protein phosphatase,3,3,1.0,8,174,,,,804,804,804.0,CHONFCMC_01307,KGGMHOKE_01879,JPPLDLFD_01868
czrA,czrA,HTH-type transcriptional repressor CzrA,3,3,1.0,8,173,,,,324,324,324.0,CHONFCMC_01513,KGGMHOKE_01213,JPPLDLFD_01813
malL_3,malL_3,Oligo-16-glucosidase,3,3,1.0,8,172,,,,1659,1659,1659.0,CHONFCMC_01400,KGGMHOKE_01326,JPPLDLFD_01704
ptcB,ptcB,PTS system galactose-specific EIIB component,3,3,1.0,8,170,,,,324,324,324.0,CHONFCMC_01378,KGGMHOKE_01640,JPPLDLFD_01684
ddlA,ddlA,D-alanine--D-alanine ligase A,3,3,1.0,8,169,,,,1086,1086,1086.0,CHONFCMC_01287,KGGMHOKE_01899,JPPLDLFD_01888
group_711,,hypothetical protein,3,3,1.0,8,168,,,,561,561,561.0,CHONFCMC_01305,KGGMHOKE_01881,JPPLDLFD_01870
pckA,pckA,Phosphoenolpyruvate carboxykinase (ATP),3,3,1.0,8,167,,,,1659,1659,1659.0,CHONFCMC_01335,KGGMHOKE_01686,JPPLDLFD_01842
group_710,,Endoglucanase,3,3,1.0,8,166,,,,921,1119,1053.0,CHONFCMC_01260,KGGMHOKE_01924,JPPLDLFD_00599
ptcA,ptcA,PTS system cellobiose-specific EIIA component,3,3,1.0,8,165,,,,327,327,327.0,CHONFCMC_01376,KGGMHOKE_01642,JPPLDLFD_01682
rnmV,rnmV,Ribonuclease M5,3,3,1.0,8,164,,,,564,564,564.0,CHONFCMC_01393,KGGMHOKE_01626,JPPLDLFD_01697
group_709,,hypothetical protein,3,3,1.0,8,163,,,,813,813,813.0,CHONFCMC_01313,KGGMHOKE_01873,JPPLDLFD_01862
msmX,msmX,Oligosaccharides import ATP-binding protein MsmX,3,3,1.0,8,162,,,,1104,1104,1104.0,CHONFCMC_01404,KGGMHOKE_01322,JPPLDLFD_01708
tagK_2,tagK_2,D-tagatose-1-phosphate kinase,3,3,1.0,8,161,,,,816,816,816.0,CHONFCMC_01344,KGGMHOKE_01675,JPPLDLFD_01833
lacE_2,lacE_2,PTS system lactose-specific EIICB component,3,3,1.0,8,160,,,,1704,1704,1704.0,CHONFCMC_01528,KGGMHOKE_01198,JPPLDLFD_01828
group_708,,hypothetical protein,3,3,1.0,8,159,,,,444,444,444.0,CHONFCMC_01437,KGGMHOKE_01290,JPPLDLFD_01739
group_706,,hypothetical protein,3,3,1.0,8,156,,,,1722,1722,1722.0,CHONFCMC_01333,KGGMHOKE_01687,JPPLDLFD_01843
group_705,,hypothetical protein,3,3,1.0,8,155,,,,1107,1107,1107.0,CHONFCMC_01290,KGGMHOKE_01896,JPPLDLFD_01885
bbmA,bbmA,Intracellular maltogenic amylase,3,3,1.0,8,154,,,,1725,1725,1725.0,CHONFCMC_01401,KGGMHOKE_01325,JPPLDLFD_01705
brpA,brpA,Biofilm regulatory protein A,3,3,1.0,8,152,,,,1110,1110,1110.0,CHONFCMC_01358,KGGMHOKE_01661,JPPLDLFD_01662
manZ_4,manZ_4,PTS system mannose-specific EIID component,3,3,1.0,8,151,,,,819,819,819.0,CHONFCMC_01299,KGGMHOKE_01887,JPPLDLFD_01876
group_703,,hypothetical protein,3,3,1.0,8,150,,,,819,819,819.0,CHONFCMC_01292,KGGMHOKE_01894,JPPLDLFD_01883
gpmA_4,gpmA_4,23-bisphosphoglycerate-dependent phosphoglycerate mutase,3,3,1.0,8,149,,,,678,678,678.0,CHONFCMC_01517,KGGMHOKE_01209,JPPLDLFD_01817
iolU,iolU,scyllo-inositol 2-dehydrogenase (NADP(+)) IolU,3,3,1.0,8,148,,,,963,963,963.0,CHONFCMC_01346,KGGMHOKE_01673,JPPLDLFD_01649
yycI,yycI,Two-component system WalR/WalK regulatory protein YycI,3,3,1.0,8,147,,,,822,822,822.0,CHONFCMC_01243,KGGMHOKE_01940,JPPLDLFD_00615
xpt,xpt,Xanthine phosphoribosyltransferase,3,3,1.0,8,146,,,,579,579,579.0,CHONFCMC_01416,KGGMHOKE_01311,JPPLDLFD_01719
alr,alr,Alanine racemase,3,3,1.0,8,144,,,,1131,1131,1131.0,CHONFCMC_01449,KGGMHOKE_01278,JPPLDLFD_01751
group_702,,hypothetical protein,3,3,1.0,8,143,,,,828,828,828.0,CHONFCMC_01348,KGGMHOKE_01671,JPPLDLFD_01651
yajL,yajL,Protein/nucleic acid deglycase 3,3,3,1.0,8,142,,,,585,585,585.0,CHONFCMC_01511,KGGMHOKE_01215,JPPLDLFD_01811
rpsM,rpsM,Small ribosomal subunit protein uS13,3,3,1.0,8,141,,,,348,348,348.0,CHONFCMC_01497,KGGMHOKE_01230,JPPLDLFD_01799
group_701,,hypothetical protein,3,3,1.0,8,140,,,,588,588,588.0,CHONFCMC_01388,KGGMHOKE_01630,JPPLDLFD_01693
epsH,epsH,Putative glycosyltransferase EpsH,3,3,1.0,8,139,,,,831,831,831.0,CHONFCMC_01277,KGGMHOKE_01908,JPPLDLFD_00583
rplV,rplV,Large ribosomal subunit protein uL22,3,3,1.0,8,138,,,,354,354,354.0,CHONFCMC_01478,KGGMHOKE_01249,JPPLDLFD_01780
group_700,,hypothetical protein,3,3,1.0,8,137,,,,594,594,594.0,CHONFCMC_01321,KGGMHOKE_01701,JPPLDLFD_01854
group_699,,hypothetical protein,3,3,1.0,8,136,,,,357,357,357.0,CHONFCMC_01456,KGGMHOKE_01271,JPPLDLFD_01758
kefC,kefC,Glutathione-regulated potassium-efflux system protein KefC,3,3,1.0,8,135,,,,1827,1827,1827.0,CHONFCMC_01345,KGGMHOKE_01674,JPPLDLFD_01648
rplB,rplB,Large ribosomal subunit protein uL2,3,3,1.0,8,134,,,,837,837,837.0,CHONFCMC_01476,KGGMHOKE_01251,JPPLDLFD_01778
purR_2,purR_2,Purine biosynthesis transcriptional repressor PurR,3,3,1.0,8,133,,,,837,837,837.0,CHONFCMC_01396,KGGMHOKE_01623,JPPLDLFD_01700
walK,walK,Sensor histidine kinase WalK,3,3,1.0,8,132,,,,1851,1851,1851.0,CHONFCMC_01241,KGGMHOKE_01942,JPPLDLFD_00617
lacF_2,lacF_2,PTS system lactose-specific EIIA component,3,3,1.0,8,131,,,,360,360,360.0,CHONFCMC_01527,KGGMHOKE_01199,JPPLDLFD_01827
rplR,rplR,Large ribosomal subunit protein uL18,3,3,1.0,8,130,,,,360,360,360.0,CHONFCMC_01489,KGGMHOKE_01238,JPPLDLFD_01791
agaA_1,agaA_1,N-acetylgalactosamine-6-phosphate deacetylase,3,3,1.0,8,129,,,,1158,1158,1158.0,CHONFCMC_01296,KGGMHOKE_01890,JPPLDLFD_01879
acpS,acpS,Holo-[acyl-carrier-protein] synthase,3,3,1.0,8,128,,,,360,360,360.0,CHONFCMC_01448,KGGMHOKE_01279,JPPLDLFD_01750
group_698,,hypothetical protein,3,3,1.0,8,127,,,,612,612,612.0,CHONFCMC_01385,KGGMHOKE_01633,JPPLDLFD_01690
group_697,,hypothetical protein,3,3,1.0,8,126,,,,840,840,840.0,CHONFCMC_01285,KGGMHOKE_01901,JPPLDLFD_01890
group_696,,hypothetical protein,3,3,1.0,8,125,,,,1884,1884,1884.0,CHONFCMC_01342,KGGMHOKE_01678,JPPLDLFD_01835
agaS,agaS,D-galactosamine-6-phosphate deaminase AgaS,3,3,1.0,8,124,,,,1167,1167,1167.0,CHONFCMC_01295,KGGMHOKE_01891,JPPLDLFD_01880
group_695,,hypothetical protein,3,3,1.0,8,123,,,,363,363,363.0,CHONFCMC_01279,KGGMHOKE_01906,JPPLDLFD_00581
group_694,,hypothetical protein,3,3,1.0,8,122,,,,363,363,363.0,CHONFCMC_01266,KGGMHOKE_01918,JPPLDLFD_00593
rplN,rplN,Large ribosomal subunit protein uL14,3,3,1.0,8,120,,,,369,369,369.0,CHONFCMC_01483,KGGMHOKE_01244,JPPLDLFD_01785
rplD,rplD,Large ribosomal subunit protein uL4,3,3,1.0,8,119,,,,618,618,618.0,CHONFCMC_01474,KGGMHOKE_01253,JPPLDLFD_01776
group_692,,hypothetical protein,3,3,1.0,8,118,,,,1932,1932,1932.0,CHONFCMC_01330,KGGMHOKE_01691,JPPLDLFD_01846
group_691,,hypothetical protein,3,3,1.0,8,117,,,,621,621,621.0,CHONFCMC_01367,KGGMHOKE_01652,JPPLDLFD_01672
plsY_2,plsY_2,Glycerol-3-phosphate acyltransferase,3,3,1.0,8,116,,,,621,621,621.0,CHONFCMC_01359,KGGMHOKE_01660,JPPLDLFD_01663
group_690,,hypothetical protein,3,3,1.0,8,115,,,,1182,1182,1182.0,CHONFCMC_01433,KGGMHOKE_01295,JPPLDLFD_01735
pepO_3,pepO_3,Neutral endopeptidase,3,3,1.0,8,114,,,,1950,1950,1950.0,CHONFCMC_01332,KGGMHOKE_01690,JPPLDLFD_01844
asnB,asnB,Asparagine synthetase [glutamine-hydrolyzing] 1,3,3,1.0,8,113,,,,1950,1950,1950.0,CHONFCMC_01316,KGGMHOKE_01870,JPPLDLFD_01859
rpmJ,rpmJ,Large ribosomal subunit protein bL36,3,3,1.0,8,111,,,,117,117,117.0,CHONFCMC_01496,KGGMHOKE_01231,JPPLDLFD_01798
ecfA1,ecfA1,Energy-coupling factor transporter ATP-binding protein EcfA1,3,3,1.0,8,110,,,,849,849,849.0,CHONFCMC_01501,KGGMHOKE_01226,JPPLDLFD_01803
group_688,,hypothetical protein,3,3,1.0,8,109,,,,156,156,156.0,CHONFCMC_01421,KGGMHOKE_01307,JPPLDLFD_01724
ftsL_2,ftsL_2,Cell division protein FtsL,3,3,1.0,8,108,,,,378,378,378.0,CHONFCMC_01455,KGGMHOKE_01272,JPPLDLFD_01757
metG,metG,Methionine--tRNA ligase,3,3,1.0,8,107,,,,1977,1977,1977.0,CHONFCMC_01391,KGGMHOKE_01628,JPPLDLFD_01695
kup_2,kup_2,Low affinity potassium transport system protein Kup,3,3,1.0,8,106,,,,1998,1998,1998.0,CHONFCMC_01337,KGGMHOKE_01684,JPPLDLFD_01840
group_687,,hypothetical protein,3,3,1.0,8,105,,,,132,132,132.0,CHONFCMC_01334,1_refound_5,2_refound_7
group_686,,Putative 3-methyladenine DNA glycosylase,3,3,1.0,8,104,,,,627,627,627.0,CHONFCMC_01265,KGGMHOKE_01919,JPPLDLFD_00594
bglH_4~~~bglH_2,bglH_4;bglH_2,Aryl-phospho-beta-D-glucosidase BglH,3,3,1.0,8,103,,,,1380,1380,1380.0,CHONFCMC_01381,KGGMHOKE_01637,JPPLDLFD_01686
group_685,,hypothetical protein,3,3,1.0,8,102,,,,717,717,717.0,CHONFCMC_01435,KGGMHOKE_01292,JPPLDLFD_01737
rplQ,rplQ,Large ribosomal subunit protein bL17,3,3,1.0,8,101,,,,384,384,384.0,CHONFCMC_01500,KGGMHOKE_01227,JPPLDLFD_01802
rplC,rplC,Large ribosomal subunit protein uL3,3,3,1.0,8,100,,,,630,630,630.0,CHONFCMC_01473,KGGMHOKE_01254,JPPLDLFD_01775
group_684,,hypothetical protein,3,3,1.0,8,99,,,,384,384,384.0,CHONFCMC_01365,KGGMHOKE_01654,JPPLDLFD_01670
group_683,,hypothetical protein,3,3,1.0,8,98,,,,141,141,141.0,CHONFCMC_01256,KGGMHOKE_01928,JPPLDLFD_00603
kup_1,kup_1,Low affinity potassium transport system protein Kup,3,3,1.0,8,97,,,,2052,2052,2052.0,CHONFCMC_01336,KGGMHOKE_01685,JPPLDLFD_01841
rpsK,rpsK,Small ribosomal subunit protein uS11,3,3,1.0,8,96,,,,390,390,390.0,CHONFCMC_01498,KGGMHOKE_01229,JPPLDLFD_01800
group_682,,hypothetical protein,3,3,1.0,8,95,,,,390,390,390.0,CHONFCMC_01318,KGGMHOKE_01704,JPPLDLFD_01857
group_681,,hypothetical protein,3,3,1.0,8,94,,,,1077,1086,1080.0,CHONFCMC_01302,KGGMHOKE_01884,JPPLDLFD_01873
group_680,,hypothetical protein,3,3,1.0,8,93,,,,147,147,147.0,CHONFCMC_01258,KGGMHOKE_01926,JPPLDLFD_00601
group_679,,hypothetical protein,3,3,1.0,8,92,,,,930,1008,981.0,CHONFCMC_01420,KGGMHOKE_01308,JPPLDLFD_01723
ganQ,ganQ,Galactooligosaccharides transport system permease protein GanQ,3,3,1.0,8,91,,,,858,858,858.0,CHONFCMC_01407,KGGMHOKE_01319,JPPLDLFD_01711
fusA,fusA,elongation factor G FusA,3,3,1.0,8,90,,,,2097,2097,2097.0,CHONFCMC_01471,KGGMHOKE_01256,JPPLDLFD_01773
xylB,xylB,Xylulose kinase,3,3,1.0,8,89,,,,1509,1509,1509.0,CHONFCMC_01532,KGGMHOKE_01194,JPPLDLFD_01832
ftsH,ftsH,ATP-dependent zinc metalloprotease FtsH,3,3,1.0,8,88,,,,2127,2127,2127.0,CHONFCMC_01458,KGGMHOKE_01269,JPPLDLFD_01760
rpsI,rpsI,Small ribosomal subunit protein uS9,3,3,1.0,8,87,,,,396,396,396.0,CHONFCMC_01506,KGGMHOKE_01221,JPPLDLFD_01808
ganS,ganS,Galactooligosaccharide-binding protein,3,3,1.0,8,86,,,,1218,1218,1218.0,CHONFCMC_01405,KGGMHOKE_01321,JPPLDLFD_01709
group_678,,hypothetical protein,3,3,1.0,8,85,,,,249,249,249.0,CHONFCMC_01377,KGGMHOKE_01641,JPPLDLFD_01683
mdtH,mdtH,Multidrug resistance protein MdtH,3,3,1.0,8,84,,,,1218,1218,1218.0,CHONFCMC_01325,KGGMHOKE_01696,JPPLDLFD_01851
group_677,,hypothetical protein,3,3,1.0,8,83,,,,861,861,861.0,CHONFCMC_01257,KGGMHOKE_01927,JPPLDLFD_00602
rpsH,rpsH,Small ribosomal subunit protein uS8,3,3,1.0,8,82,,,,399,399,399.0,CHONFCMC_01487,KGGMHOKE_01240,JPPLDLFD_01789
htrA,htrA,Serine protease Do-like HtrA,3,3,1.0,8,81,,,,1221,1221,1221.0,CHONFCMC_01245,KGGMHOKE_01938,JPPLDLFD_00613
nrdD,nrdD,Anaerobic ribonucleoside-triphosphate reductase,3,3,1.0,8,80,,,,2211,2211,2211.0,CHONFCMC_01319,KGGMHOKE_01703,JPPLDLFD_01856
group_676,,hypothetical protein,3,3,1.0,8,79,,,,399,399,399.0,CHONFCMC_01300,KGGMHOKE_01886,JPPLDLFD_01875
yfbR,yfbR,5'-deoxynucleotidase YfbR,3,3,1.0,8,78,,,,645,645,645.0,CHONFCMC_01261,KGGMHOKE_01923,JPPLDLFD_00598
licT_2,licT_2,Transcription antiterminator LicT,3,3,1.0,8,77,,,,864,864,864.0,CHONFCMC_01526,KGGMHOKE_01200,JPPLDLFD_01826
glcU_2,glcU_2,Glucose uptake protein GlcU,3,3,1.0,8,76,,,,864,864,864.0,CHONFCMC_01356,KGGMHOKE_01663,JPPLDLFD_01660
qorB,qorB,Quinone oxidoreductase 2,3,3,1.0,8,75,,,,867,867,867.0,CHONFCMC_01510,KGGMHOKE_01216,JPPLDLFD_01810
ecfA2,ecfA2,Energy-coupling factor transporter ATP-binding protein EcfA2,3,3,1.0,8,74,,,,867,867,867.0,CHONFCMC_01502,KGGMHOKE_01225,JPPLDLFD_01804
malP,malP,Maltose phosphorylase,3,3,1.0,8,73,,,,2271,2271,2271.0,CHONFCMC_01402,KGGMHOKE_01324,JPPLDLFD_01706
rpsL,rpsL,Small ribosomal subunit protein uS12,3,3,1.0,8,72,,,,408,408,408.0,CHONFCMC_01469,KGGMHOKE_01258,JPPLDLFD_01771
group_675,,hypothetical protein,3,3,1.0,8,71,,,,663,663,663.0,CHONFCMC_01383,KGGMHOKE_01635,JPPLDLFD_01688
group_673,,hypothetical protein,3,3,1.0,8,69,,,,411,411,411.0,CHONFCMC_01255,KGGMHOKE_01929,JPPLDLFD_00604
glyA,glyA,Serine hydroxymethyltransferase,3,3,1.0,8,68,,,,1236,1236,1236.0,CHONFCMC_01439,KGGMHOKE_01288,JPPLDLFD_01741
hslO,hslO,33 kDa chaperonin,3,3,1.0,8,67,,,,876,876,876.0,CHONFCMC_01460,KGGMHOKE_01267,JPPLDLFD_01762
adk,adk,Adenylate kinase,3,3,1.0,8,65,,,,654,654,654.0,CHONFCMC_01494,KGGMHOKE_01233,JPPLDLFD_01796
rpmD,rpmD,Large ribosomal subunit protein uL30,3,3,1.0,8,64,,,,183,183,183.0,CHONFCMC_01491,KGGMHOKE_01236,JPPLDLFD_01793
yedJ,yedJ,putative protein YedJ,3,3,1.0,8,63,,,,654,654,654.0,CHONFCMC_01364,KGGMHOKE_01655,JPPLDLFD_01669
group_671,,hypothetical protein,3,3,1.0,8,62,,,,654,654,654.0,CHONFCMC_01247,KGGMHOKE_01936,JPPLDLFD_00611
lacX_2,lacX_2,Protein LacX plasmid,3,3,1.0,8,60,,,,882,882,882.0,CHONFCMC_01357,KGGMHOKE_01662,JPPLDLFD_01661
clpC,clpC,Negative regulator of genetic competence ClpC/MecB,3,3,1.0,8,59,,,,2469,2469,2469.0,CHONFCMC_01465,KGGMHOKE_01262,JPPLDLFD_01767
group_669,,hypothetical protein,3,3,1.0,8,58,,,,420,420,420.0,CHONFCMC_01338,KGGMHOKE_01683,JPPLDLFD_01839
group_668,,hypothetical protein,3,4,1.3333333333333333,8,57,,,,675,2415,1803.75,CHONFCMC_01343,KGGMHOKE_01677;KGGMHOKE_01676,JPPLDLFD_01834
czcD,czcD,Cadmium cobalt and zinc/H(+)-K(+) antiporter,3,3,1.0,8,56,,,,885,885,885.0,CHONFCMC_01514,KGGMHOKE_01212,JPPLDLFD_01814
rpsZ,rpsZ,Small ribosomal subunit protein uS14,3,3,1.0,8,55,,,,186,186,186.0,CHONFCMC_01486,KGGMHOKE_01241,JPPLDLFD_01788
slmA,slmA,Nucleoid occlusion factor SlmA,3,3,1.0,8,54,,,,660,660,660.0,CHONFCMC_01284,KGGMHOKE_01902,JPPLDLFD_01891
tyrS,tyrS,Tyrosine--tRNA ligase,3,3,1.0,8,53,,,,1263,1263,1263.0,CHONFCMC_01361,KGGMHOKE_01658,JPPLDLFD_01666
murA1,murA1,UDP-N-acetylglucosamine 1-carboxyvinyltransferase,3,3,1.0,8,52,,,,1266,1266,1266.0,CHONFCMC_01413,KGGMHOKE_01313,JPPLDLFD_01717
group_667,,hypothetical protein,3,3,1.0,8,51,,,,423,423,423.0,CHONFCMC_01410,KGGMHOKE_01316,JPPLDLFD_01714
group_666,,hypothetical protein,3,3,1.0,8,50,,,,423,423,423.0,CHONFCMC_01349,KGGMHOKE_01670,JPPLDLFD_01652
yvdM_2,yvdM_2,Beta-phosphoglucomutase,3,3,1.0,8,49,,,,663,663,663.0,CHONFCMC_01403,KGGMHOKE_01323,JPPLDLFD_01707
group_665,,hypothetical protein,3,3,1.0,8,48,,,,192,192,192.0,0_refound_4,1_refound_6,JPPLDLFD_01728
bioH,bioH,Pimeloyl-[acyl-carrier protein] methyl ester esterase,3,3,1.0,8,47,,,,663,663,663.0,CHONFCMC_01278,KGGMHOKE_01907,JPPLDLFD_00582
rsmA,rsmA,Ribosomal RNA small subunit methyltransferase A,3,3,1.0,8,46,,,,891,891,891.0,CHONFCMC_01394,KGGMHOKE_01625,JPPLDLFD_01698
htpX,htpX,Protease HtpX,3,3,1.0,8,45,,,,891,891,891.0,CHONFCMC_01251,KGGMHOKE_01932,JPPLDLFD_00607
group_664,,hypothetical protein,3,3,1.0,8,44,,,,2712,2712,2712.0,CHONFCMC_01459,KGGMHOKE_01268,JPPLDLFD_01761
group_663,,hypothetical protein,3,4,1.3333333333333333,8,42,,,,336,708,527.25,CHONFCMC_01273;CHONFCMC_01272,KGGMHOKE_01912,JPPLDLFD_00587
rpmC,rpmC,Large ribosomal subunit protein uL29,3,3,1.0,8,41,,,,198,198,198.0,CHONFCMC_01481,KGGMHOKE_01246,JPPLDLFD_01783
rpsC,rpsC,Small ribosomal subunit protein uS3,3,3,1.0,8,40,,,,669,669,669.0,CHONFCMC_01479,KGGMHOKE_01248,JPPLDLFD_01781
secY_2,secY_2,Protein translocase subunit SecY,3,3,1.0,8,37,,,,1296,1296,1296.0,CHONFCMC_01493,KGGMHOKE_01234,JPPLDLFD_01795
rplP,rplP,Large ribosomal subunit protein uL16,3,3,1.0,8,36,,,,438,438,438.0,CHONFCMC_01480,KGGMHOKE_01247,JPPLDLFD_01782
tilS,tilS,tRNA(Ile)-lysidine synthase,3,3,1.0,8,35,,,,1296,1296,1296.0,CHONFCMC_01457,KGGMHOKE_01270,JPPLDLFD_01759
group_661,,hypothetical protein,3,3,1.0,8,34,,,,438,438,438.0,CHONFCMC_01353,KGGMHOKE_01666,JPPLDLFD_01657
group_660,,hypothetical protein,3,3,1.0,8,33,,,,375,402,393.0,CHONFCMC_01301,KGGMHOKE_01885,JPPLDLFD_01874
group_659,,hypothetical protein,3,3,1.0,8,32,,,,900,900,900.0,CHONFCMC_01442,KGGMHOKE_01285,JPPLDLFD_01744
group_658,,hypothetical protein,3,3,1.0,8,31,,,,3060,3060,3060.0,CHONFCMC_01293,KGGMHOKE_01893,JPPLDLFD_01882
rplO,rplO,Large ribosomal subunit protein uL15,3,3,1.0,8,30,,,,441,441,441.0,CHONFCMC_01492,KGGMHOKE_01235,JPPLDLFD_01794
group_656,,hypothetical protein,3,3,1.0,8,28,,,,678,678,678.0,CHONFCMC_01468,KGGMHOKE_01259,JPPLDLFD_01770
mfd,mfd,Transcription-repair-coupling factor,3,3,1.0,8,27,,,,3498,3498,3498.0,CHONFCMC_01453,KGGMHOKE_01274,JPPLDLFD_01755
group_655,,hypothetical protein,3,3,1.0,8,26,,,,267,276,270.0,CHONFCMC_01434,KGGMHOKE_01294,JPPLDLFD_01736
oxc_2~~~oxc_1~~~oxc,oxc_2;oxc_1;oxc,Oxalyl-CoA decarboxylase,3,5,1.6666666666666667,8,25,,,,441,1737,1021.8,CHONFCMC_01432,KGGMHOKE_01297;KGGMHOKE_01296,JPPLDLFD_01733;JPPLDLFD_01734
group_654,,hypothetical protein,3,3,1.0,8,24,,,,210,210,210.0,CHONFCMC_01340,KGGMHOKE_01680,JPPLDLFD_01837
group_653,,hypothetical protein,3,3,1.0,8,23,,,,1308,1308,1308.0,CHONFCMC_01259,KGGMHOKE_01925,JPPLDLFD_00600
group_652,,hypothetical protein,3,3,1.0,8,22,,,,681,681,681.0,CHONFCMC_01450,KGGMHOKE_01277,JPPLDLFD_01752
group_651,,hypothetical protein,3,3,1.0,8,21,,,,6012,12648,9258.0,CHONFCMC_01324,KGGMHOKE_01697,JPPLDLFD_01852
rpoB,rpoB,DNA-directed RNA polymerase subunit beta RpoB,3,3,1.0,8,20,,,,3615,3615,3615.0,CHONFCMC_01466,KGGMHOKE_01261,JPPLDLFD_01768
pepE_3,pepE_3,Aminopeptidase E,3,3,1.0,8,19,,,,1311,1311,1311.0,CHONFCMC_01366,KGGMHOKE_01653,JPPLDLFD_01671
agaA_1~~~agaA_2,agaA_1;agaA_2,Alpha-galactosidase AgaA,3,3,1.0,8,18,,,,2232,2232,2232.0,CHONFCMC_01440,KGGMHOKE_01287,JPPLDLFD_01742
rpoC,rpoC,DNA-directed RNA polymerase subunit beta RpoC,3,3,1.0,8,17,,,,3672,3672,3672.0,CHONFCMC_01467,KGGMHOKE_01260,JPPLDLFD_01769
mrnC,mrnC,Mini-ribonuclease 3,3,3,1.0,8,16,,,,444,444,444.0,CHONFCMC_01524,KGGMHOKE_01202,JPPLDLFD_01824
rplM,rplM,Large ribosomal subunit protein uL13,3,3,1.0,8,15,,,,444,444,444.0,CHONFCMC_01505,KGGMHOKE_01222,JPPLDLFD_01807
pepE_2~~~pepE_3,pepE_2;pepE_3,Aminopeptidase E,3,3,1.0,8,14,,,,1314,1314,1314.0,CHONFCMC_01363,KGGMHOKE_01656,JPPLDLFD_01668
menA_2,menA_2,14-dihydroxy-2-naphthoate octaprenyltransferase,3,3,1.0,8,13,,,,912,912,912.0,CHONFCMC_01428,KGGMHOKE_01301,JPPLDLFD_01729
group_650,,hypothetical protein,3,3,1.0,8,12,,,,219,219,219.0,CHONFCMC_01531,KGGMHOKE_01195,JPPLDLFD_01831
gpmA_3,gpmA_3,23-bisphosphoglycerate-dependent phosphoglycerate mutase,3,3,1.0,8,11,,,,690,690,690.0,CHONFCMC_01512,KGGMHOKE_01214,JPPLDLFD_01812
group_649,,hypothetical protein,3,3,1.0,8,10,,,,918,918,918.0,CHONFCMC_01298,KGGMHOKE_01888,JPPLDLFD_01877
infA,infA,Translation initiation factor IF-1,3,3,1.0,8,9,,,,222,222,222.0,CHONFCMC_01495,KGGMHOKE_01232,JPPLDLFD_01797
pucK,pucK,Uric acid permease PucK,3,3,1.0,8,8,,,,1329,1329,1329.0,CHONFCMC_01415,KGGMHOKE_01312,JPPLDLFD_01718
bglK~~~bglK_1,bglK;bglK_1,Beta-glucoside kinase,3,3,1.0,8,7,,,,861,861,861.0,CHONFCMC_01382,KGGMHOKE_01636,JPPLDLFD_01687
group_648,,Acid shock protein,3,3,1.0,8,6,,,,450,450,450.0,CHONFCMC_01369,KGGMHOKE_01650,JPPLDLFD_01674
group_647,,hypothetical protein,3,3,1.0,8,5,,,,1329,1329,1329.0,CHONFCMC_01242,KGGMHOKE_01941,JPPLDLFD_00616
gpmA_2,gpmA_2,23-bisphosphoglycerate-dependent phosphoglycerate mutase,3,3,1.0,8,4,,,,693,693,693.0,CHONFCMC_01350,KGGMHOKE_01669,JPPLDLFD_01653
group_646,,D-aspartate ligase,3,3,1.0,8,3,,,,1332,1332,1332.0,CHONFCMC_01317,KGGMHOKE_01869,JPPLDLFD_01858
group_645,,hypothetical protein,3,3,1.0,8,2,,,,498,498,498.0,CHONFCMC_01371,KGGMHOKE_01648,JPPLDLFD_01676
yydK,yydK,putative HTH-type transcriptional regulator YydK,3,3,1.0,8,1,,,,699,699,699.0,CHONFCMC_01373,KGGMHOKE_01646,JPPLDLFD_01678
sapB,sapB,Protein SapB,3,3,1.0,7,186,,,,702,702,702.0,CHONFCMC_01194,KGGMHOKE_01860,JPPLDLFD_00046
group_644,,hypothetical protein,3,3,1.0,7,185,,,,186,186,186.0,CHONFCMC_01206,KGGMHOKE_00229,JPPLDLFD_00033
rplI,rplI,Large ribosomal subunit protein bL9,3,3,1.0,7,184,,,,456,456,456.0,CHONFCMC_01189,KGGMHOKE_01855,JPPLDLFD_00051
group_643,,hypothetical protein,3,3,1.0,7,183,,,,1347,1347,1347.0,CHONFCMC_01232,KGGMHOKE_00200,JPPLDLFD_00007
group_642,,hypothetical protein,3,3,1.0,7,182,,,,927,927,927.0,CHONFCMC_01208,KGGMHOKE_00223,JPPLDLFD_00030
yfnB,yfnB,Putative HAD-hydrolase YfnB,3,3,1.0,7,181,,,,708,708,708.0,CHONFCMC_01204,KGGMHOKE_00231,JPPLDLFD_00035
menA_1,menA_1,14-dihydroxy-2-naphthoate octaprenyltransferase,3,3,1.0,7,180,,,,927,927,927.0,CHONFCMC_01116,KGGMHOKE_00323,JPPLDLFD_01605
pbpX_2,pbpX_2,Putative penicillin-binding protein PbpX,3,3,1.0,7,179,,,,927,927,927.0,CHONFCMC_01085,KGGMHOKE_00240,JPPLDLFD_01639
rpsR,rpsR,Small ribosomal subunit protein bS18,3,3,1.0,7,178,,,,237,237,237.0,CHONFCMC_01186,KGGMHOKE_01852,JPPLDLFD_00054
group_641,,hypothetical protein,3,3,1.0,7,177,,,,288,288,288.0,CHONFCMC_01154,KGGMHOKE_01819,JPPLDLFD_01559
group_640,,hypothetical protein,3,3,1.0,7,176,,,,237,237,237.0,CHONFCMC_01083,KGGMHOKE_00238,JPPLDLFD_01641
group_638,,hypothetical protein,3,3,1.0,7,174,,,,1356,1356,1356.0,CHONFCMC_01231,KGGMHOKE_00201,JPPLDLFD_00009
group_637,,hypothetical protein,3,3,1.0,7,173,,,,240,240,240.0,CHONFCMC_01117,KGGMHOKE_00322,JPPLDLFD_01604
dltC,dltC,D-alanyl carrier protein,3,3,1.0,7,172,,,,240,240,240.0,CHONFCMC_01087,KGGMHOKE_00242,JPPLDLFD_01637
phnD2_1,phnD2_1,putative ABC transporter phosphonate/phosphite binding protein PhnD2,3,3,1.0,7,171,,,,933,933,933.0,CHONFCMC_01121,KGGMHOKE_00318,JPPLDLFD_01600
menG,menG,Demethylmenaquinone methyltransferase,3,3,1.0,7,170,,,,714,714,714.0,CHONFCMC_01227,KGGMHOKE_00205,JPPLDLFD_00013
brnQ_3,brnQ_3,Branched-chain amino acid permease BrnQ,3,3,1.0,7,169,,,,1365,1365,1365.0,CHONFCMC_01226,KGGMHOKE_00206,JPPLDLFD_00014
dnaA,dnaA,Chromosomal replication initiator protein DnaA,3,3,1.0,7,168,,,,1365,1365,1365.0,CHONFCMC_01178,KGGMHOKE_01844,JPPLDLFD_00062
dnaB_2,dnaB_2,Replicative DNA helicase DnaB,3,3,1.0,7,167,,,,1374,1374,1374.0,CHONFCMC_01190,KGGMHOKE_01856,JPPLDLFD_00050
nagB,nagB,Glucosamine-6-phosphate deaminase,3,3,1.0,7,166,,,,720,720,720.0,CHONFCMC_01135,KGGMHOKE_01793,JPPLDLFD_01585
group_636,,hypothetical protein,3,3,1.0,7,164,,,,951,951,951.0,CHONFCMC_01235,KGGMHOKE_00197,JPPLDLFD_00004
gspA,gspA,General stress protein A,3,3,1.0,7,163,,,,951,951,951.0,CHONFCMC_01234,KGGMHOKE_00198,JPPLDLFD_00005
bsh,bsh,Conjugated bile acid hydrolase,3,3,1.0,7,162,,,,951,951,951.0,CHONFCMC_01230,KGGMHOKE_00202,JPPLDLFD_00010
ykfB,ykfB,L-Ala-D/L-Glu epimerase,3,3,1.0,7,161,,,,1056,1056,1056.0,CHONFCMC_01129,KGGMHOKE_00310,JPPLDLFD_01592
mnmE,mnmE,tRNA modification GTPase MnmE,3,3,1.0,7,160,,,,1386,1386,1386.0,CHONFCMC_01174,KGGMHOKE_01840,JPPLDLFD_00066
gnd,gnd,6-phosphogluconate dehydrogenase decarboxylating,3,3,1.0,7,158,,,,1389,1389,1389.0,CHONFCMC_01171,KGGMHOKE_01837,JPPLDLFD_00069
darB,darB,Cyclic di-AMP receptor B,3,3,1.0,7,157,,,,489,489,489.0,CHONFCMC_01095,KGGMHOKE_00253,JPPLDLFD_01626
appC,appC,Cytochrome bd-II ubiquinol oxidase subunit 1,3,3,1.0,7,155,,,,1392,1392,1392.0,CHONFCMC_01112,KGGMHOKE_00327,JPPLDLFD_01609
group_634,,hypothetical protein,3,4,1.3333333333333333,7,154,,,,204,732,489.0,CHONFCMC_01130,KGGMHOKE_00309,JPPLDLFD_01590;JPPLDLFD_01591
group_633,,hypothetical protein,3,3,1.0,7,153,,,,267,267,267.0,CHONFCMC_01210,KGGMHOKE_00221,JPPLDLFD_00028
bcaP_1,bcaP_1,Branched-chain amino acid permease BcaP,3,3,1.0,7,152,,,,1401,1401,1401.0,CHONFCMC_01079,KGGMHOKE_00234,JPPLDLFD_01645
group_632,,hypothetical protein,3,3,1.0,7,150,,,,273,273,273.0,CHONFCMC_01119,KGGMHOKE_00320,JPPLDLFD_01602
yagU,yagU,Inner membrane protein YagU,3,3,1.0,7,147,,,,510,510,510.0,CHONFCMC_01108,KGGMHOKE_00266,JPPLDLFD_01613
group_631,,hypothetical protein,3,3,1.0,7,146,,,,519,519,519.0,CHONFCMC_01198,KGGMHOKE_01864,JPPLDLFD_00042
gatC_4,gatC_4,PTS system galactitol-specific EIIC component,3,3,1.0,7,144,,,,1455,1455,1455.0,CHONFCMC_01107,KGGMHOKE_00265,JPPLDLFD_01614
ssb,ssb,Single-stranded DNA-binding protein,3,3,1.0,7,143,,,,519,519,519.0,CHONFCMC_01185,KGGMHOKE_01851,JPPLDLFD_00055
group_628,,hypothetical protein,3,3,1.0,7,141,,,,1260,1260,1260.0,CHONFCMC_01168,KGGMHOKE_01834,JPPLDLFD_00072
yfcA,yfcA,putative membrane transporter protein YfcA,3,3,1.0,7,140,,,,762,762,762.0,CHONFCMC_01132,KGGMHOKE_00307,JPPLDLFD_01588
ycaM_4,ycaM_4,Inner membrane transporter YcaM,3,3,1.0,7,139,,,,1485,1485,1485.0,CHONFCMC_01158,KGGMHOKE_01823,JPPLDLFD_01557
group_627,,hypothetical protein,3,3,1.0,7,138,,,,288,288,288.0,CHONFCMC_01091,KGGMHOKE_00246,JPPLDLFD_01633
dltA,dltA,D-alanine--D-alanyl carrier protein ligase,3,3,1.0,7,137,,,,1509,1509,1509.0,CHONFCMC_01089,KGGMHOKE_00244,JPPLDLFD_01635
ppaX,ppaX,Pyrophosphatase PpaX,3,3,1.0,7,136,,,,549,627,601.0,CHONFCMC_01196,KGGMHOKE_01862,JPPLDLFD_00044
group_626,,D-lactate dehydrogenase,3,3,1.0,7,135,,,,1014,1014,1014.0,CHONFCMC_01219,KGGMHOKE_00212,JPPLDLFD_00019
clcA_1,clcA_1,H(+)/Cl(-) exchange transporter ClcA,3,3,1.0,7,134,,,,1521,1521,1521.0,CHONFCMC_01170,KGGMHOKE_01836,JPPLDLFD_00070
rpsF,rpsF,Small ribosomal subunit protein bS6,3,3,1.0,7,132,,,,297,297,297.0,CHONFCMC_01184,KGGMHOKE_01850,JPPLDLFD_00056
group_624,,hypothetical protein,3,3,1.0,7,131,,,,780,780,780.0,CHONFCMC_01237,KGGMHOKE_00195,JPPLDLFD_00002
cydB,cydB,Cytochrome bd-I ubiquinol oxidase subunit 2,3,3,1.0,7,130,,,,1023,1023,1023.0,CHONFCMC_01113,KGGMHOKE_00326,JPPLDLFD_01608
group_623,,hypothetical protein,3,3,1.0,7,129,,,,300,300,300.0,CHONFCMC_01143,KGGMHOKE_01807,JPPLDLFD_01566
uup_6,uup_6,ATP-binding protein Uup,3,3,1.0,7,127,,,,1569,1569,1569.0,CHONFCMC_01099,KGGMHOKE_00257,JPPLDLFD_01622
group_620,,hypothetical protein,3,3,1.0,7,123,,,,1050,1050,1050.0,CHONFCMC_01215,KGGMHOKE_00216,JPPLDLFD_00023
rutB,rutB,Ureidoacrylate amidohydrolase RutB,3,3,1.0,7,121,,,,552,552,552.0,CHONFCMC_01169,KGGMHOKE_01835,JPPLDLFD_00071
group_619,,hypothetical protein,3,3,1.0,7,120,,,,2619,2622,2620.0,CHONFCMC_01220,KGGMHOKE_00211,JPPLDLFD_00018
group_617,,hypothetical protein,3,3,1.0,7,118,,,,252,252,252.0,CHONFCMC_01214,KGGMHOKE_00217,JPPLDLFD_00024
bmpA,bmpA,ABC transporter nucleoside-binding protein BmpA,3,3,1.0,7,117,,,,1074,1074,1074.0,CHONFCMC_01122,KGGMHOKE_00317,JPPLDLFD_01599
group_616,,hypothetical protein,3,3,1.0,7,116,,,,576,576,576.0,CHONFCMC_01218,KGGMHOKE_00213,JPPLDLFD_00020
group_615,,hypothetical protein,3,3,1.0,7,115,,,,150,150,150.0,CHONFCMC_01180,KGGMHOKE_01846,JPPLDLFD_00060
group_614,,hypothetical protein,3,3,1.0,7,114,,,,558,558,558.0,CHONFCMC_01166,KGGMHOKE_01831,JPPLDLFD_01549
smoB,smoB,6-dehydroglucose reductase,3,3,1.0,7,113,,,,954,981,963.0,CHONFCMC_01199,KGGMHOKE_01865,JPPLDLFD_00041
group_612,,hypothetical protein,3,3,1.0,7,110,,,,441,441,441.0,CHONFCMC_01161,KGGMHOKE_01826,JPPLDLFD_01554
gatC_4~~~gatC_3,gatC_4;gatC_3,PTS system galactitol-specific EIIC component,3,3,1.0,7,109,,,,1317,1452,1407.0,CHONFCMC_01106,KGGMHOKE_00264,JPPLDLFD_01615
cydC,cydC,Glutathione/L-cysteine transport system ATP-binding/permease protein CydC,3,3,1.0,7,108,,,,1746,1746,1746.0,CHONFCMC_01115,KGGMHOKE_00324,JPPLDLFD_01606
benM~~~argP,benM;argP,HTH-type transcriptional regulator BenM;HTH-type transcriptional regulator ArgP,3,3,1.0,7,107,,,,861,927,905.0,CHONFCMC_01224,KGGMHOKE_00208,JPPLDLFD_00016
crp,crp,cAMP-activated global transcriptional regulator CRP,3,3,1.0,7,106,,,,651,681,661.0,CHONFCMC_01165,KGGMHOKE_01830,JPPLDLFD_01550
group_611,,hypothetical protein,3,3,1.0,7,105,,,,1122,1122,1122.0,CHONFCMC_01110,KGGMHOKE_00268,JPPLDLFD_01611
group_609,,hypothetical protein,3,3,1.0,7,103,,,,825,825,825.0,CHONFCMC_01236,KGGMHOKE_00196,JPPLDLFD_00003
group_607,,hypothetical protein,3,3,1.0,7,100,,,,909,1143,1065.0,CHONFCMC_01192,KGGMHOKE_01858,JPPLDLFD_00048
group_606,,hypothetical protein,3,3,1.0,7,99,,,,891,918,909.0,CHONFCMC_01187,KGGMHOKE_01853,JPPLDLFD_00053
recF,recF,DNA replication and repair protein RecF,3,3,1.0,7,98,,,,1125,1125,1125.0,CHONFCMC_01181,KGGMHOKE_01847,JPPLDLFD_00059
dnaN,dnaN,Beta sliding clamp,3,3,1.0,7,97,,,,1131,1131,1131.0,CHONFCMC_01179,KGGMHOKE_01845,JPPLDLFD_00061
exoA_1,exoA_1,Exodeoxyribonuclease,3,3,1.0,7,96,,,,828,828,828.0,CHONFCMC_01211,KGGMHOKE_00220,JPPLDLFD_00027
group_605,,hypothetical protein,3,3,1.0,7,95,,,,558,561,559.0,CHONFCMC_01151,KGGMHOKE_01816,JPPLDLFD_01562
pox5,pox5,Pyruvate oxidase,3,3,1.0,7,93,,,,1809,1809,1809.0,CHONFCMC_01172,KGGMHOKE_01838,JPPLDLFD_00068
group_602,,hypothetical protein,3,4,1.3333333333333333,7,91,,,,204,546,407.25,CHONFCMC_01150,KGGMHOKE_01815;KGGMHOKE_01814,JPPLDLFD_01563
cydD,cydD,Glutathione/L-cysteine transport system ATP-binding/permease protein CydD,3,3,1.0,7,90,,,,1818,1818,1818.0,CHONFCMC_01114,KGGMHOKE_00325,JPPLDLFD_01607
copY,copY,Transcriptional repressor CopY,3,3,1.0,7,89,,,,435,435,435.0,CHONFCMC_01152,KGGMHOKE_01817,JPPLDLFD_01561
group_601,,hypothetical protein,3,3,1.0,7,88,,,,1152,1152,1152.0,CHONFCMC_01092,KGGMHOKE_00247,JPPLDLFD_01632
guaB,guaB,Inosine-5'-monophosphate dehydrogenase,3,3,1.0,7,87,,,,1155,1155,1155.0,CHONFCMC_01217,KGGMHOKE_00214,JPPLDLFD_00021
urdA,urdA,Urocanate reductase,3,3,1.0,7,86,,,,1851,1851,1851.0,CHONFCMC_01225,KGGMHOKE_00207,JPPLDLFD_00015
group_600,,hypothetical protein,3,3,1.0,7,85,,,,603,603,603.0,CHONFCMC_01229,KGGMHOKE_00203,JPPLDLFD_00011
group_599,,hypothetical protein,3,3,1.0,7,84,,,,399,399,399.0,CHONFCMC_01163,KGGMHOKE_01828,JPPLDLFD_01552
def_2,def_2,Peptide deformylase,3,3,1.0,7,83,,,,270,414,366.0,CHONFCMC_01145,KGGMHOKE_01809,JPPLDLFD_01564
napA,napA,Na(+)/H(+) antiporter,3,3,1.0,7,82,,,,1161,1161,1161.0,CHONFCMC_01097,KGGMHOKE_00255,JPPLDLFD_01624
zosA,zosA,Zinc-transporting ATPase,3,3,1.0,7,81,,,,1878,1878,1878.0,CHONFCMC_01096,KGGMHOKE_00254,JPPLDLFD_01625
group_598,,DegV domain-containing protein,3,3,1.0,7,80,,,,840,840,840.0,CHONFCMC_01205,KGGMHOKE_00230,JPPLDLFD_00034
yeaE,yeaE,Methylglyoxal reductase YeaE,3,3,1.0,7,78,,,,840,840,840.0,CHONFCMC_01134,KGGMHOKE_01792,JPPLDLFD_01586
mnmG,mnmG,tRNA uridine 5-carboxymethylaminomethyl modification enzyme MnmG,3,3,1.0,7,77,,,,1896,1896,1896.0,CHONFCMC_01173,KGGMHOKE_01839,JPPLDLFD_00067
rnpA,rnpA,Ribonuclease P protein component,3,3,1.0,7,75,,,,369,369,369.0,CHONFCMC_01176,KGGMHOKE_01842,JPPLDLFD_00064
copA,copA,Copper-exporting P-type ATPase,3,3,1.0,7,73,,,,1935,1935,1935.0,CHONFCMC_01155,KGGMHOKE_01820,JPPLDLFD_01558
group_596,,hypothetical protein,3,3,1.0,7,70,,,,378,378,378.0,CHONFCMC_01153,KGGMHOKE_01818,JPPLDLFD_01560
gyrB,gyrB,DNA gyrase subunit B,3,3,1.0,7,69,,,,1968,1968,1968.0,CHONFCMC_01182,KGGMHOKE_01848,JPPLDLFD_00058
group_594,,hypothetical protein,3,3,1.0,7,67,,,,2019,2019,2019.0,CHONFCMC_01193,KGGMHOKE_01859,JPPLDLFD_00047
gdpP,gdpP,Cyclic-di-AMP phosphodiesterase GdpP,3,3,1.0,7,66,,,,2019,2019,2019.0,CHONFCMC_01188,KGGMHOKE_01854,JPPLDLFD_00052
group_593,,hypothetical protein,3,4,1.3333333333333333,7,65,,,,264,690,519.0,CHONFCMC_01203,KGGMHOKE_00232;KGGMHOKE_00233,JPPLDLFD_00036
group_592,,hypothetical protein,3,4,1.3333333333333333,7,64,,,,189,846,621.75,CHONFCMC_01167,KGGMHOKE_01833,JPPLDLFD_01547;JPPLDLFD_00073
rpmH,rpmH,Large ribosomal subunit protein bL34,3,3,1.0,7,62,,,,141,141,141.0,CHONFCMC_01177,KGGMHOKE_01843,JPPLDLFD_00063
group_591,,hypothetical protein,3,3,1.0,7,61,,,,1200,1200,1200.0,CHONFCMC_01084,KGGMHOKE_00239,JPPLDLFD_01640
gadC_2~~~gadC_1~~~gadC,gadC_2;gadC_1;gadC,Glutamate/gamma-aminobutyrate antiporter,3,4,1.3333333333333333,7,60,,,,285,1434,1073.25,CHONFCMC_01223,KGGMHOKE_00210;KGGMHOKE_00209,JPPLDLFD_00017
ygcS,ygcS,Inner membrane metabolite transport protein YgcS,3,3,1.0,7,58,,,,1344,1344,1344.0,CHONFCMC_01162,KGGMHOKE_01827,JPPLDLFD_01553
mutS2,mutS2,Endonuclease MutS2,3,3,1.0,7,56,,,,1878,1878,1878.0,CHONFCMC_01164,KGGMHOKE_01829,JPPLDLFD_01551
odcI,odcI,Inducible ornithine decarboxylase,3,3,1.0,7,55,,,,2100,2100,2100.0,CHONFCMC_01159,KGGMHOKE_01824,JPPLDLFD_01556
clpE_2,clpE_2,ATP-dependent Clp protease ATP-binding subunit ClpE,3,3,1.0,7,54,,,,2118,2118,2118.0,CHONFCMC_01080,KGGMHOKE_00235,JPPLDLFD_01644
pbuG_3,pbuG_3,Guanine/hypoxanthine permease PbuG,3,3,1.0,7,53,,,,1314,1371,1333.0,CHONFCMC_01144,KGGMHOKE_01808,JPPLDLFD_01565
group_589,,hypothetical protein,3,3,1.0,7,52,,,,861,861,861.0,CHONFCMC_01233,KGGMHOKE_00199,JPPLDLFD_00006
group_588,,hypothetical protein,3,3,1.0,7,51,,,,861,861,861.0,CHONFCMC_01100,KGGMHOKE_00258,JPPLDLFD_01621
group_586,,hypothetical protein,3,3,1.0,7,49,,,,159,159,159.0,CHONFCMC_01090,KGGMHOKE_00245,JPPLDLFD_01634
dltB,dltB,Teichoic acid D-alanyltransferase,3,3,1.0,7,48,,,,1224,1224,1224.0,CHONFCMC_01088,KGGMHOKE_00243,JPPLDLFD_01636
group_585,,hypothetical protein,3,3,1.0,7,47,,,,165,165,165.0,CHONFCMC_01209,KGGMHOKE_00222,JPPLDLFD_00029
group_584,,hypothetical protein,3,3,1.0,7,46,,,,648,648,648.0,CHONFCMC_01202,KGGMHOKE_01868,JPPLDLFD_00037
group_581,,hypothetical protein,3,3,1.0,7,43,,,,174,291,252.0,CHONFCMC_01094,KGGMHOKE_00252,JPPLDLFD_01627
group_580,,Deoxyadenosine kinase,3,3,1.0,7,42,,,,648,648,648.0,CHONFCMC_01136,KGGMHOKE_01794,JPPLDLFD_01584
mroQ,mroQ,Membrane-embedded CAAX protease MroQ,3,3,1.0,7,41,,,,648,648,648.0,CHONFCMC_01109,KGGMHOKE_00267,JPPLDLFD_01612
pcp,pcp,Pyrrolidone-carboxylate peptidase,3,3,1.0,7,40,,,,648,648,648.0,CHONFCMC_01103,KGGMHOKE_00261,JPPLDLFD_01618
eis,eis,N-acetyltransferase Eis,3,3,1.0,7,39,,,,1164,1164,1164.0,CHONFCMC_01201,KGGMHOKE_01867,JPPLDLFD_00039
uup_7,uup_7,ATP-binding protein Uup,3,3,1.0,7,37,,,,2340,2340,2340.0,CHONFCMC_01111,KGGMHOKE_00269,JPPLDLFD_01610
yidC2,yidC2,Membrane protein insertase YidC 2,3,3,1.0,7,35,,,,876,876,876.0,CHONFCMC_01175,KGGMHOKE_01841,JPPLDLFD_00065
group_578,,L-lactate oxidase,3,3,1.0,7,34,,,,1239,1239,1239.0,CHONFCMC_01138,KGGMHOKE_01802,JPPLDLFD_01571
group_577,,hypothetical protein,3,3,1.0,7,33,,,,654,654,654.0,CHONFCMC_01098,KGGMHOKE_00256,JPPLDLFD_01623
gyrA,gyrA,DNA gyrase subunit A GyrA,3,3,1.0,7,29,,,,2490,2490,2490.0,CHONFCMC_01183,KGGMHOKE_01849,JPPLDLFD_00057
group_574,,hypothetical protein,3,3,1.0,7,28,,,,243,243,243.0,CHONFCMC_01102,KGGMHOKE_00260,JPPLDLFD_01619
group_573,,hypothetical protein,3,3,1.0,7,27,,,,228,885,658.0,CHONFCMC_01133,KGGMHOKE_01791,JPPLDLFD_01587
gmuE,gmuE,Putative fructokinase,3,3,1.0,7,26,,,,885,885,885.0,CHONFCMC_01191,KGGMHOKE_01857,JPPLDLFD_00049
fpaP_1,fpaP_1,Proline iminopeptidase,3,3,1.0,7,25,,,,885,885,885.0,CHONFCMC_01123,KGGMHOKE_00316,JPPLDLFD_01598
group_572,,hypothetical protein,3,3,1.0,7,24,,,,1269,1269,1269.0,CHONFCMC_01160,KGGMHOKE_01825,JPPLDLFD_01555
group_571,,hypothetical protein,3,3,1.0,7,23,,,,888,888,888.0,CHONFCMC_01213,KGGMHOKE_00218,JPPLDLFD_00025
group_570,,hypothetical protein,3,3,1.0,7,22,,,,195,195,195.0,CHONFCMC_01197,KGGMHOKE_01863,JPPLDLFD_00043
tetM,tetM,Tetracycline resistance protein TetM from transposon TnFO1;Tetracycline resistance protein TetM from transposon Tn916,3,3,1.0,7,21,,,,1923,1923,1923.0,CHONFCMC_01207,KGGMHOKE_00224,JPPLDLFD_00031
murQ,murQ,N-acetylmuramic acid 6-phosphate etherase,3,3,1.0,7,20,,,,894,894,894.0,CHONFCMC_01131,KGGMHOKE_00308,JPPLDLFD_01589
uvrB_2,uvrB_2,UvrABC system protein B,3,3,1.0,7,19,,,,2874,2874,2874.0,CHONFCMC_01212,KGGMHOKE_00219,JPPLDLFD_00026
group_569,,hypothetical protein,3,3,1.0,7,18,,,,1296,1296,1296.0,CHONFCMC_01120,KGGMHOKE_00319,JPPLDLFD_01601
group_567,,Deoxyguanosine kinase,3,3,1.0,7,16,,,,675,675,675.0,CHONFCMC_01137,KGGMHOKE_01795,JPPLDLFD_01583
group_566,,hypothetical protein,3,3,1.0,7,15,,,,675,675,675.0,CHONFCMC_01105,KGGMHOKE_00263,JPPLDLFD_01616
dltD,dltD,Protein DltD,3,3,1.0,7,14,,,,1302,1302,1302.0,CHONFCMC_01086,KGGMHOKE_00241,JPPLDLFD_01638
group_565,,hypothetical protein,3,3,1.0,7,13,,,,312,312,312.0,CHONFCMC_01093,KGGMHOKE_00248,JPPLDLFD_01631
group_564,,hypothetical protein,3,3,1.0,7,11,,,,210,210,210.0,CHONFCMC_01118,KGGMHOKE_00321,JPPLDLFD_01603
pbuG_2,pbuG_2,Guanine/hypoxanthine permease PbuG,3,3,1.0,7,10,,,,1311,1311,1311.0,CHONFCMC_01142,KGGMHOKE_01806,JPPLDLFD_01567
pbuG_1,pbuG_1,Guanine/hypoxanthine permease PbuG,3,3,1.0,7,9,,,,1311,1311,1311.0,CHONFCMC_01139,KGGMHOKE_01803,JPPLDLFD_01570
fpaP_2,fpaP_2,Proline iminopeptidase,3,3,1.0,7,8,,,,915,915,915.0,CHONFCMC_01228,KGGMHOKE_00204,JPPLDLFD_00012
group_563,,hypothetical protein,3,3,1.0,7,7,,,,708,735,717.0,CHONFCMC_01141,KGGMHOKE_01805,JPPLDLFD_01568
group_562,,hypothetical protein,3,3,1.0,7,6,,,,183,183,183.0,CHONFCMC_01140,KGGMHOKE_01804,JPPLDLFD_01569
group_561,,hypothetical protein,3,3,1.0,7,5,,,,915,915,915.0,CHONFCMC_01081,KGGMHOKE_00236,JPPLDLFD_01643
group_560,,hypothetical protein,3,3,1.0,7,4,,,,1320,1320,1320.0,CHONFCMC_01082,KGGMHOKE_00237,JPPLDLFD_01642
garB,garB,Glutathione amide reductase,3,3,1.0,7,3,,,,1332,1332,1332.0,CHONFCMC_01216,KGGMHOKE_00215,JPPLDLFD_00022
group_558,,hypothetical protein,3,3,1.0,7,1,,,,924,924,924.0,CHONFCMC_01104,KGGMHOKE_00262,JPPLDLFD_01617
group_557,,hypothetical protein,3,3,1.0,6,9,,,,1335,1335,1335.0,CHONFCMC_01069,KGGMHOKE_00775,JPPLDLFD_01080
dbpA,dbpA,ATP-dependent RNA helicase DbpA,3,3,1.0,6,8,,,,2223,2223,2223.0,CHONFCMC_01068,KGGMHOKE_00776,JPPLDLFD_01081
group_556,,hypothetical protein,3,3,1.0,6,7,,,,708,708,708.0,CHONFCMC_01071,KGGMHOKE_00773,JPPLDLFD_01078
group_555,,hypothetical protein,3,3,1.0,6,6,,,,408,408,408.0,CHONFCMC_01072,KGGMHOKE_00772,JPPLDLFD_01077
adhE_2~~~adhE_1~~~adhE,adhE_2;adhE_1;adhE,Aldehyde-alcohol dehydrogenase,3,4,1.3333333333333333,6,5,,,,1167,2610,1943.25,CHONFCMC_01073,KGGMHOKE_00771,JPPLDLFD_01075;JPPLDLFD_01076
group_554,,hypothetical protein;ISL3 family transposase ISLjo2,3,3,1.0,6,4,,,,1071,1149,1097.0,CHONFCMC_01075,KGGMHOKE_00769,JPPLDLFD_01073
group_553,,ISL3 family transposase ISLjo2,3,3,1.0,6,3,,,,225,225,225.0,CHONFCMC_01076,KGGMHOKE_00768,JPPLDLFD_01072
group_552,,hypothetical protein,3,3,1.0,6,2,,,,1890,1890,1890.0,CHONFCMC_01070,KGGMHOKE_00774,JPPLDLFD_01079
cycA_1,cycA_1,D-serine/D-alanine/glycine transporter,3,3,1.0,6,1,,,,1374,1374,1374.0,CHONFCMC_01074,KGGMHOKE_00770,JPPLDLFD_01074
pncB2,pncB2,Nicotinate phosphoribosyltransferase pncB2,3,3,1.0,4,49,,,,1473,1473,1473.0,CHONFCMC_01042,KGGMHOKE_00163,JPPLDLFD_00373
group_551,,hypothetical protein,3,3,1.0,4,48,,,,702,702,702.0,CHONFCMC_01035,KGGMHOKE_00170,JPPLDLFD_00366
group_550,,hypothetical protein,3,3,1.0,4,47,,,,522,522,522.0,CHONFCMC_01062,KGGMHOKE_00143,JPPLDLFD_00393
group_549,,hypothetical protein,3,3,1.0,4,46,,,,1122,1122,1122.0,CHONFCMC_01048,KGGMHOKE_00157,JPPLDLFD_00379
group_548,,Protein SprT-like protein,3,3,1.0,4,45,,,,459,459,459.0,CHONFCMC_01034,KGGMHOKE_00171,JPPLDLFD_00365
psiE,psiE,Protein PsiE,3,3,1.0,4,44,,,,405,405,405.0,CHONFCMC_01061,KGGMHOKE_00144,JPPLDLFD_00392
pcrA,pcrA,ATP-dependent DNA helicase PcrA,3,3,1.0,4,43,,,,2274,2274,2274.0,CHONFCMC_01030,KGGMHOKE_00175,JPPLDLFD_00361
secA_2,secA_2,Protein translocase subunit SecA,3,3,1.0,4,42,,,,2367,2367,2367.0,CHONFCMC_01016,KGGMHOKE_00188,JPPLDLFD_01010
uup_5,;uup_5,putative ABC transporter ATP-binding/permease protein;ATP-binding protein Uup,3,3,1.0,4,41,,,,1569,1569,1569.0,CHONFCMC_01039,KGGMHOKE_00166,JPPLDLFD_00370
yerH,yerH,putative lipoprotein YerH,3,3,1.0,4,40,,,,1140,1140,1140.0,CHONFCMC_01028,KGGMHOKE_00177,JPPLDLFD_00359
group_547,,hypothetical protein,3,3,1.0,4,39,,,,183,183,183.0,CHONFCMC_01013,KGGMHOKE_00192,JPPLDLFD_01006
nadE,nadE,NH(3)-dependent NAD(+) synthetase,3,3,1.0,4,38,,,,834,834,834.0,CHONFCMC_01041,KGGMHOKE_00164,JPPLDLFD_00372
asp2,asp2,Accessory Sec system protein Asp2,3,3,1.0,4,37,,,,1548,1548,1548.0,CHONFCMC_01018,KGGMHOKE_00186,JPPLDLFD_01012
secY_1,secY_1,Protein translocase subunit SecY,3,3,1.0,4,36,,,,1098,1191,1160.0,CHONFCMC_01021,KGGMHOKE_00184,JPPLDLFD_01014
gatC_2,gatC_2,Glutamyl-tRNA(Gln) amidotransferase subunit C,3,3,1.0,4,35,,,,303,303,303.0,CHONFCMC_01027,KGGMHOKE_00178,JPPLDLFD_00358
group_546,,hypothetical protein,3,3,1.0,4,34,,,,723,723,723.0,CHONFCMC_01060,KGGMHOKE_00145,JPPLDLFD_00391
group_545,,hypothetical protein,3,3,1.0,4,33,,,,786,786,786.0,CHONFCMC_01059,KGGMHOKE_00146,JPPLDLFD_00390
murR,murR,HTH-type transcriptional regulator MurR,3,3,1.0,4,32,,,,840,840,840.0,CHONFCMC_01053,KGGMHOKE_00152,JPPLDLFD_00384
group_544,,Calcium-transporting ATPase 1,3,3,1.0,4,31,,,,2676,2676,2676.0,CHONFCMC_01040,KGGMHOKE_00165,JPPLDLFD_00371
group_543,,hypothetical protein,3,3,1.0,4,30,,,,210,210,210.0,CHONFCMC_01023,KGGMHOKE_00182,JPPLDLFD_00354
tagA,tagA,N-acetylglucosaminyldiphosphoundecaprenol N-acetyl-beta-D-mannosaminyltransferase,3,3,1.0,4,29,,,,729,729,729.0,CHONFCMC_01045,KGGMHOKE_00160,JPPLDLFD_00376
panT,panT,Pantothenate transporter PanT,3,3,1.0,4,28,,,,618,618,618.0,CHONFCMC_01032,KGGMHOKE_00173,JPPLDLFD_00363
rpiA_2,rpiA_2,Ribose-5-phosphate isomerase A,3,3,1.0,4,27,,,,666,666,666.0,CHONFCMC_01054,KGGMHOKE_00151,JPPLDLFD_00385
gtfB_3~~~gtfB_2,gtfB_3;gtfB_2,UDP-N-acetylglucosamine--peptide N-acetylglucosaminyltransferase stabilizing protein GtfB,3,4,1.3333333333333333,4,26,,,,267,1329,1005.75,CHONFCMC_01014,KGGMHOKE_00191,JPPLDLFD_01007;JPPLDLFD_01008
group_542,,hypothetical protein,3,3,1.0,4,25,,,,903,903,903.0,CHONFCMC_01058,KGGMHOKE_00147,JPPLDLFD_00389
asp1,asp1;,Accessory Sec system protein Asp1;hypothetical protein,3,4,1.3333333333333333,4,24,,,,675,1512,1124.25,CHONFCMC_01020;CHONFCMC_01019,KGGMHOKE_00185,JPPLDLFD_01013
group_541,,hypothetical protein,3,3,1.0,4,23,,,,1974,1974,1974.0,CHONFCMC_01043,KGGMHOKE_00162,JPPLDLFD_00374
group_540,,hypothetical protein;Sulfurtransferase,3,3,1.0,4,22,,,,135,303,247.0,CHONFCMC_01049,KGGMHOKE_00156,JPPLDLFD_00380
group_539,,hypothetical protein,3,3,1.0,4,21,,,,975,975,975.0,CHONFCMC_01063,KGGMHOKE_00142,JPPLDLFD_00394
group_538,,hypothetical protein,3,3,1.0,4,20,,,,321,321,321.0,CHONFCMC_01056,KGGMHOKE_00149,JPPLDLFD_00387
group_537,,L-2-hydroxyisocaproate dehydrogenase,3,3,1.0,4,19,,,,909,909,909.0,CHONFCMC_01052,KGGMHOKE_00153,JPPLDLFD_00383
ligA,ligA,DNA ligase,3,3,1.0,4,18,,,,2007,2007,2007.0,CHONFCMC_01029,KGGMHOKE_00176,JPPLDLFD_00360
nagR_2,nagR_2,HTH-type transcriptional repressor NagR,3,3,1.0,4,17,,,,702,702,702.0,CHONFCMC_01047,KGGMHOKE_00158,JPPLDLFD_00378
group_536,,hypothetical protein,3,3,1.0,4,16,,,,627,627,627.0,CHONFCMC_01031,KGGMHOKE_00174,JPPLDLFD_00362
dagK,dagK,Diacylglycerol kinase,3,3,1.0,4,15,,,,909,909,909.0,CHONFCMC_01024,KGGMHOKE_00181,JPPLDLFD_00355
group_535,,hypothetical protein,3,5,1.6666666666666667,4,14,,,,867,10152,4987.2,CHONFCMC_01012;CHONFCMC_01011,KGGMHOKE_00194;KGGMHOKE_00193,JPPLDLFD_01005
gatB,gatB,Aspartyl/glutamyl-tRNA(Asn/Gln) amidotransferase subunit B,3,3,1.0,4,13,,,,1431,1431,1431.0,CHONFCMC_01025,KGGMHOKE_00180,JPPLDLFD_00356
group_534,,hypothetical protein,3,3,1.0,4,12,,,,807,807,807.0,CHONFCMC_01038,KGGMHOKE_00167,JPPLDLFD_00369
tarD,tarD,Glycerol-3-phosphate cytidylyltransferase,3,3,1.0,4,11,,,,387,387,387.0,CHONFCMC_01046,KGGMHOKE_00159,JPPLDLFD_00377
rfbX,rfbX,Putative O-antigen transporter,3,3,1.0,4,10,,,,1437,1437,1437.0,CHONFCMC_01036,KGGMHOKE_00169,JPPLDLFD_00367
group_533,,hypothetical protein,3,3,1.0,4,9,,,,855,855,855.0,CHONFCMC_01017,KGGMHOKE_00187,JPPLDLFD_01011
group_532,,Aldo-keto reductase/MSMEI_2347,3,3,1.0,4,8,,,,858,858,858.0,CHONFCMC_01065,KGGMHOKE_00140,JPPLDLFD_00396
gatA,gatA,Glutamyl-tRNA(Gln) amidotransferase subunit A,3,3,1.0,4,7,,,,1440,1440,1440.0,CHONFCMC_01026,KGGMHOKE_00179,JPPLDLFD_00357
gtfA_2~~~gtfA_1~~~gtfA,gtfA_2;gtfA_1;gtfA,UDP-N-acetylglucosamine--peptide N-acetylglucosaminyltransferase GtfA subunit,3,4,1.3333333333333333,4,6,,,,243,1530,1143.0,CHONFCMC_01015,KGGMHOKE_00190;KGGMHOKE_00189,JPPLDLFD_01009
bshA,bshA,N-acetyl-alpha-D-glucosaminyl L-malate synthase,3,3,1.0,4,5,,,,1101,1101,1101.0,CHONFCMC_01044,KGGMHOKE_00161,JPPLDLFD_00375
iolG,iolG,Inositol 2-dehydrogenase/D-chiro-inositol 3-dehydrogenase,3,3,1.0,4,4,,,,987,987,987.0,CHONFCMC_01055,KGGMHOKE_00150,JPPLDLFD_00386
tagF,tagF,Teichoic acid poly(glycerol phosphate) polymerase,3,3,1.0,4,3,,,,1149,1149,1149.0,CHONFCMC_01037,KGGMHOKE_00168,JPPLDLFD_00368
yidA_3,yidA_3,Sugar phosphatase YidA,3,3,1.0,4,2,,,,816,816,816.0,CHONFCMC_01022,KGGMHOKE_00183,JPPLDLFD_00353
rclA,rclA,putative pyridine nucleotide-disulfide oxidoreductase RclA,3,3,1.0,4,1,,,,1332,1332,1332.0,CHONFCMC_01066,KGGMHOKE_00139,JPPLDLFD_00397
glnA,glnA,Glutamine synthetase,3,3,1.0,3,209,,,,1338,1338,1338.0,CHONFCMC_00911,KGGMHOKE_01465,JPPLDLFD_01201
dnaB_1,dnaB_1,Replicative helicase loading/DNA remodeling protein DnaB,3,3,1.0,3,208,,,,1341,1341,1341.0,CHONFCMC_00944,KGGMHOKE_01432,JPPLDLFD_01238
group_531,,hypothetical protein,3,3,1.0,3,207,,,,231,231,231.0,CHONFCMC_00915,KGGMHOKE_01461,JPPLDLFD_01205
group_529,,putative RNA methyltransferase,3,3,1.0,3,205,,,,1353,1353,1353.0,CHONFCMC_00993,KGGMHOKE_01346,JPPLDLFD_00749
group_528,,hypothetical protein,3,3,1.0,3,204,,,,462,462,462.0,CHONFCMC_00899,KGGMHOKE_01477,JPPLDLFD_01189
rluD_2,;rluD_2,hypothetical protein;Ribosomal large subunit pseudouridine synthase D,3,3,1.0,3,203,,,,849,849,849.0,CHONFCMC_00987,KGGMHOKE_01400,JPPLDLFD_01268
nrdR,nrdR,Transcriptional repressor NrdR,3,3,1.0,3,202,,,,465,465,465.0,CHONFCMC_00945,KGGMHOKE_01431,JPPLDLFD_01239
ybhL_2,ybhL_2,Inner membrane protein YbhL,3,3,1.0,3,201,,,,714,714,714.0,CHONFCMC_01001,KGGMHOKE_01338,JPPLDLFD_00757
trxB,trxB,Thioredoxin reductase,3,3,1.0,3,199,,,,936,936,936.0,CHONFCMC_00857,KGGMHOKE_01519,JPPLDLFD_01147
menH_1,menH_1,2-succinyl-6-hydroxy-24-cyclohexadiene-1-carboxylate synthase,3,3,1.0,3,197,,,,945,945,945.0,CHONFCMC_00907,KGGMHOKE_01469,JPPLDLFD_01197
nhaC,nhaC,Na(+)/H(+) antiporter NhaC,3,3,1.0,3,196,,,,1377,1377,1377.0,CHONFCMC_00996,KGGMHOKE_01343,JPPLDLFD_00752
rlmCD,rlmCD,23S rRNA (uracil-C(5))-methyltransferase RlmCD,3,3,1.0,3,195,,,,1380,1380,1380.0,CHONFCMC_00903,KGGMHOKE_01473,JPPLDLFD_01193
greA_1,greA_1,Transcription elongation factor GreA,3,3,1.0,3,193,,,,483,483,483.0,CHONFCMC_00921,KGGMHOKE_01455,JPPLDLFD_01211
group_526,,N(4)-(Beta-N-acetylglucosaminyl)-L-asparaginase,3,3,1.0,3,192,,,,954,954,954.0,CHONFCMC_00967,KGGMHOKE_01419,JPPLDLFD_01249
arlR,arlR,Response regulator ArlR,3,3,1.0,3,191,,,,729,729,729.0,CHONFCMC_00930,KGGMHOKE_01446,JPPLDLFD_01220
fabG,fabG,3-oxoacyl-[acyl-carrier-protein] reductase FabG,3,3,1.0,3,190,,,,729,729,729.0,CHONFCMC_00873,KGGMHOKE_01503,JPPLDLFD_01163
hprK,hprK,HPr kinase/phosphorylase,3,3,1.0,3,189,,,,960,960,960.0,CHONFCMC_00860,KGGMHOKE_01516,JPPLDLFD_01150
hit,hit,Protein hit,3,3,1.0,3,188,,,,435,435,435.0,CHONFCMC_00978,KGGMHOKE_01409,JPPLDLFD_01259
ptsH,ptsH,Phosphocarrier protein HPr,3,3,1.0,3,186,,,,267,267,267.0,CHONFCMC_00893,KGGMHOKE_01483,JPPLDLFD_01183
group_523,,hypothetical protein,3,3,1.0,3,183,,,,498,498,498.0,CHONFCMC_00900,KGGMHOKE_01476,JPPLDLFD_01190
yhaM,yhaM,3'-5' exoribonuclease YhaM,3,3,1.0,3,181,,,,978,978,978.0,CHONFCMC_00982,KGGMHOKE_01405,JPPLDLFD_01263
group_522,,hypothetical protein,3,3,1.0,3,180,,,,489,489,489.0,CHONFCMC_00979,KGGMHOKE_01408,JPPLDLFD_01260
yccX,yccX,Acylphosphatase,3,3,1.0,3,179,,,,276,276,276.0,CHONFCMC_00927,KGGMHOKE_01449,JPPLDLFD_01217
yidC,yidC,Membrane protein insertase YidC,3,3,1.0,3,177,,,,984,984,984.0,CHONFCMC_00928,KGGMHOKE_01448,JPPLDLFD_01218
group_520,,hypothetical protein,3,3,1.0,3,176,,,,525,549,541.0,CHONFCMC_00991,KGGMHOKE_01396,JPPLDLFD_01272
group_519,,hypothetical protein,3,3,1.0,3,175,,,,279,279,279.0,CHONFCMC_00861,KGGMHOKE_01515,JPPLDLFD_01151
group_517,,hypothetical protein,3,3,1.0,3,173,,,,282,282,282.0,CHONFCMC_00896,KGGMHOKE_01480,JPPLDLFD_01186
infC,infC,Translation initiation factor IF-3,3,3,1.0,3,170,,,,519,519,519.0,CHONFCMC_00941,KGGMHOKE_01435,JPPLDLFD_01231
group_514,,hypothetical protein,3,3,1.0,3,169,,,,519,519,519.0,CHONFCMC_00937,KGGMHOKE_01439,JPPLDLFD_01227
group_512,,hypothetical protein,3,3,1.0,3,167,,,,522,522,522.0,CHONFCMC_01004,KGGMHOKE_01335,JPPLDLFD_00761
prfB,prfB,Peptide chain release factor 2,3,3,1.0,3,166,,,,999,999,999.0,CHONFCMC_00862,KGGMHOKE_01514,JPPLDLFD_01152
rlmP,rlmP,23S rRNA (guanosine(2553)-2'-O)-methyltransferase RlmP,3,3,1.0,3,165,,,,762,762,762.0,CHONFCMC_00926,KGGMHOKE_01450,JPPLDLFD_01216
add,add,Adenosine deaminase,3,3,1.0,3,162,,,,1008,1008,1008.0,CHONFCMC_00938,KGGMHOKE_01438,JPPLDLFD_01228
gtf3,gtf3,N-acetylglucosaminyltransferase,3,3,1.0,3,161,,,,1014,1014,1014.0,CHONFCMC_01006,KGGMHOKE_01333,JPPLDLFD_00763
group_510,,hypothetical protein,3,3,1.0,3,160,,,,1014,1014,1014.0,CHONFCMC_00872,KGGMHOKE_01504,JPPLDLFD_01162
yvqK,yvqK,Corrinoid adenosyltransferase,3,3,1.0,3,159,,,,537,537,537.0,CHONFCMC_01005,KGGMHOKE_01334,JPPLDLFD_00762
sasA_3,sasA_3,Adaptive-response sensory-kinase SasA,3,3,1.0,3,158,,,,1536,1536,1536.0,CHONFCMC_00929,KGGMHOKE_01447,JPPLDLFD_01219
gpsA,gpsA,Glycerol-3-phosphate dehydrogenase [NAD(P)+],3,3,1.0,3,157,,,,1020,1020,1020.0,CHONFCMC_00858,KGGMHOKE_01518,JPPLDLFD_01148
pgl,pgl,6-phosphogluconolactonase,3,3,1.0,3,155,,,,1023,1023,1023.0,CHONFCMC_00881,KGGMHOKE_01495,JPPLDLFD_01171
prfC,prfC,Peptide chain release factor 3,3,3,1.0,3,153,,,,1569,1569,1569.0,CHONFCMC_00897,KGGMHOKE_01479,JPPLDLFD_01187
hpf,hpf,Ribosome hibernation promotion factor,3,3,1.0,3,151,,,,546,546,546.0,CHONFCMC_00864,KGGMHOKE_01512,JPPLDLFD_01154
galE_1~~~galE,galE_1;galE,UDP-glucose 4-epimerase,3,3,1.0,3,149,,,,273,993,513.0,CHONFCMC_00856,KGGMHOKE_01089,JPPLDLFD_01146
pheS,pheS,Phenylalanine--tRNA ligase alpha subunit,3,3,1.0,3,148,,,,1050,1050,1050.0,CHONFCMC_00924,KGGMHOKE_01452,JPPLDLFD_01214
group_505,,hypothetical protein,3,3,1.0,3,147,,,,297,297,297.0,CHONFCMC_00908,KGGMHOKE_01468,JPPLDLFD_01198
pepV_2~~~pepV_1,pepV_2;pepV_1,Beta-Ala-Xaa dipeptidase,3,3,1.0,3,146,,,,1317,1317,1317.0,CHONFCMC_00968,KGGMHOKE_01418,JPPLDLFD_01250
group_502,,hypothetical protein,3,3,1.0,3,143,,,,558,558,558.0,CHONFCMC_00998,KGGMHOKE_01341,JPPLDLFD_00754
rny,rny,Ribonuclease Y,3,3,1.0,3,142,,,,1623,1623,1623.0,CHONFCMC_00869,KGGMHOKE_01507,JPPLDLFD_01159
ytpP,ytpP,Thioredoxin-like protein YtpP,3,3,1.0,3,141,,,,321,321,321.0,CHONFCMC_00971,KGGMHOKE_01415,JPPLDLFD_01253
group_501,,hypothetical protein,3,3,1.0,3,140,,,,549,561,553.0,CHONFCMC_00931,KGGMHOKE_01445,JPPLDLFD_01221
yqgN,yqgN,putative protein YqgN,3,3,1.0,3,139,,,,558,558,558.0,CHONFCMC_00917,KGGMHOKE_01459,JPPLDLFD_01207
ybjI~~~ybjI_2,ybjI;ybjI_2,5-amino-6-(5-phospho-D-ribitylamino)uracil phosphatase YbjI,3,3,1.0,3,138,,,,813,813,813.0,CHONFCMC_00909,KGGMHOKE_01467,JPPLDLFD_01199
cspR,cspR,Putative tRNA (cytidine(34)-2'-O)-methyltransferase,3,3,1.0,3,137,,,,558,558,558.0,CHONFCMC_00878,KGGMHOKE_01498,JPPLDLFD_01168
nadK,nadK,NAD kinase,3,3,1.0,3,136,,,,804,804,804.0,CHONFCMC_00885,KGGMHOKE_01491,JPPLDLFD_01175
comFC,comFC,Competence protein ComFC,3,3,1.0,3,135,,,,495,672,613.0,CHONFCMC_00865,KGGMHOKE_01511,JPPLDLFD_01155
mltG,mltG,Endolytic murein transglycosylase,3,3,1.0,3,133,,,,1095,1095,1095.0,CHONFCMC_00922,KGGMHOKE_01454,JPPLDLFD_01212
recA,recA,Protein RecA,3,3,1.0,3,132,,,,1095,1095,1095.0,CHONFCMC_00870,KGGMHOKE_01506,JPPLDLFD_01160
group_498,,hypothetical protein,3,3,1.0,3,130,,,,525,525,525.0,CHONFCMC_00966,KGGMHOKE_01420,JPPLDLFD_01248
pbpX_1,pbpX_1,Putative penicillin-binding protein PbpX,3,3,1.0,3,129,,,,1041,1041,1041.0,CHONFCMC_00992,KGGMHOKE_01387,JPPLDLFD_00748
pgsA,pgsA,CDP-diacylglycerol--glycerol-3-phosphate 3-phosphatidyltransferase,3,3,1.0,3,128,,,,564,564,564.0,CHONFCMC_00871,KGGMHOKE_01505,JPPLDLFD_01161
recX,recX,Regulatory protein RecX,3,3,1.0,3,126,,,,816,816,816.0,CHONFCMC_00902,KGGMHOKE_01474,JPPLDLFD_01192
ykoD_1,ykoD_1,Putative HMP/thiamine import ATP-binding protein YkoD,3,3,1.0,3,125,,,,1722,1722,1722.0,CHONFCMC_00999,KGGMHOKE_01340,JPPLDLFD_00755
yqeH,yqeH,putative protein YqeH,3,3,1.0,3,124,,,,1110,1110,1110.0,CHONFCMC_00936,KGGMHOKE_01440,JPPLDLFD_01226
ptsI,ptsI,Phosphoenolpyruvate-protein phosphotransferase,3,3,1.0,3,123,,,,1740,1740,1740.0,CHONFCMC_00892,KGGMHOKE_01484,JPPLDLFD_01182
sph,sph,Oleate hydratase,3,3,1.0,3,121,,,,1776,1776,1776.0,CHONFCMC_00883,KGGMHOKE_01493,JPPLDLFD_01173
ecfT_1,ecfT_1,Energy-coupling factor transporter transmembrane protein EcfT,3,3,1.0,3,119,,,,831,831,831.0,CHONFCMC_01000,KGGMHOKE_01339,JPPLDLFD_00756
rsfS,rsfS,Ribosomal silencing factor RsfS,3,3,1.0,3,117,,,,348,348,348.0,CHONFCMC_00933,KGGMHOKE_01443,JPPLDLFD_01223
group_494,,hypothetical protein,3,3,1.0,3,115,,,,351,351,351.0,CHONFCMC_00980,KGGMHOKE_01407,JPPLDLFD_01261
group_492,,hypothetical protein,3,3,1.0,3,113,,,,354,354,354.0,CHONFCMC_00985,KGGMHOKE_01402,JPPLDLFD_01266
mutM,mutM,Formamidopyrimidine-DNA glycosylase,3,3,1.0,3,112,,,,831,831,831.0,CHONFCMC_00947,KGGMHOKE_01429,JPPLDLFD_01241
group_491,,Nucleoside triphosphate/diphosphate phosphatase,3,3,1.0,3,111,,,,591,591,591.0,CHONFCMC_00901,KGGMHOKE_01475,JPPLDLFD_01191
tagO,tagO,putative undecaprenyl-phosphate N-acetylglucosaminyl 1-phosphate transferase,3,3,1.0,3,110,,,,1143,1143,1143.0,CHONFCMC_00868,KGGMHOKE_01508,JPPLDLFD_01158
coaE,coaE,Dephospho-CoA kinase,3,3,1.0,3,108,,,,597,597,597.0,CHONFCMC_00946,KGGMHOKE_01430,JPPLDLFD_01240
group_489,,Bis(5'-nucleosyl)-tetraphosphatase symmetrical,3,3,1.0,3,107,,,,597,597,597.0,CHONFCMC_00934,KGGMHOKE_01442,JPPLDLFD_01224
rplT,rplT,Large ribosomal subunit protein bL20,3,3,1.0,3,106,,,,357,357,357.0,CHONFCMC_00939,KGGMHOKE_01437,JPPLDLFD_01229
yodB,yodB,HTH-type transcriptional regulator YodB,3,3,1.0,3,105,,,,357,357,357.0,CHONFCMC_00925,KGGMHOKE_01451,JPPLDLFD_01215
lgt,lgt,Phosphatidylglycerol--prolipoprotein diacylglyceryl transferase,3,3,1.0,3,103,,,,837,837,837.0,CHONFCMC_00859,KGGMHOKE_01517,JPPLDLFD_01149
tmcAL,tmcAL,tRNA(Met) cytidine acetate ligase,3,3,1.0,3,101,,,,1158,1158,1158.0,CHONFCMC_00932,KGGMHOKE_01444,JPPLDLFD_01222
spxH,spxH,ClpXP adapter protein SpxH,3,3,1.0,3,100,,,,606,606,606.0,CHONFCMC_00888,KGGMHOKE_01488,JPPLDLFD_01178
mvaS,mvaS,Hydroxymethylglutaryl-CoA synthase,3,3,1.0,3,99,,,,1164,1164,1164.0,CHONFCMC_00904,KGGMHOKE_01472,JPPLDLFD_01194
thlA,thlA,Acetyl-CoA acetyltransferase,3,3,1.0,3,98,,,,1167,1167,1167.0,CHONFCMC_00906,KGGMHOKE_01470,JPPLDLFD_01196
yfcJ,yfcJ,putative MFS-type transporter YfcJ,3,3,1.0,3,97,,,,1170,1170,1170.0,CHONFCMC_00910,KGGMHOKE_01466,JPPLDLFD_01200
group_486,,(R)-S-adenosyl-L-methionine hydrolase,3,3,1.0,3,95,,,,846,846,846.0,CHONFCMC_00997,KGGMHOKE_01342,JPPLDLFD_00753
thrS,thrS,Threonine--tRNA ligase,3,3,1.0,3,94,,,,1932,1932,1932.0,CHONFCMC_00942,KGGMHOKE_01434,JPPLDLFD_01236
group_483,,hypothetical protein,3,3,1.0,3,91,,,,108,108,108.0,CHONFCMC_00972,KGGMHOKE_01414,JPPLDLFD_01254
group_482,,Putative transport protein,3,3,1.0,3,90,,,,1182,1182,1182.0,CHONFCMC_00879,KGGMHOKE_01497,JPPLDLFD_01169
group_480,,hypothetical protein,3,3,1.0,3,88,,,,624,624,624.0,CHONFCMC_00887,KGGMHOKE_01489,JPPLDLFD_01177
group_477,,hypothetical protein,3,3,1.0,3,85,,,,381,381,381.0,CHONFCMC_00880,KGGMHOKE_01496,JPPLDLFD_01170
nadD,nadD,Nicotinate-nucleotide adenylyltransferase,3,3,1.0,3,82,,,,627,627,627.0,CHONFCMC_00935,KGGMHOKE_01441,JPPLDLFD_01225
yjbM,yjbM,GTP pyrophosphokinase YjbM,3,3,1.0,3,81,,,,627,627,627.0,CHONFCMC_00886,KGGMHOKE_01490,JPPLDLFD_01176
group_475,,hypothetical protein,3,3,1.0,3,80,,,,387,387,387.0,CHONFCMC_01003,KGGMHOKE_01336,JPPLDLFD_00760
pbp2a,pbp2a,Penicillin-binding protein 2a,3,3,1.0,3,79,,,,2058,2058,2058.0,CHONFCMC_00986,KGGMHOKE_01401,JPPLDLFD_01267
group_472,,hypothetical protein,3,3,1.0,3,76,,,,1212,1212,1212.0,CHONFCMC_00976,KGGMHOKE_01411,JPPLDLFD_01257
pbpA,pbpA,Penicillin-binding protein 2A,3,3,1.0,3,74,,,,2100,2100,2100.0,CHONFCMC_00919,KGGMHOKE_01457,JPPLDLFD_01209
group_469,,hypothetical protein,3,3,1.0,3,72,,,,1215,1215,1215.0,CHONFCMC_00875,KGGMHOKE_01501,JPPLDLFD_01165
rpmGA,rpmGA,Large ribosomal subunit protein bL33A,3,3,1.0,3,71,,,,150,150,150.0,CHONFCMC_00918,KGGMHOKE_01458,JPPLDLFD_01208
clpE_1,clpE_1,ATP-dependent Clp protease ATP-binding subunit ClpE,3,3,1.0,3,69,,,,2169,2169,2169.0,CHONFCMC_00895,KGGMHOKE_01481,JPPLDLFD_01185
glyE_2,glyE_2,Glycosyltransferase GlyE,3,3,1.0,3,68,,,,1218,1218,1218.0,CHONFCMC_01010,KGGMHOKE_01329,JPPLDLFD_00767
group_466,,hypothetical protein,3,3,1.0,3,66,,,,399,399,399.0,CHONFCMC_00990,KGGMHOKE_01397,JPPLDLFD_01271
cutC,cutC,PF03932 family protein CutC,3,3,1.0,3,65,,,,645,645,645.0,CHONFCMC_00964,KGGMHOKE_01422,JPPLDLFD_01246
glpE,glpE,Thiosulfate sulfurtransferase GlpE,3,3,1.0,3,64,,,,399,399,399.0,CHONFCMC_00914,KGGMHOKE_01462,JPPLDLFD_01204
yhaO,yhaO,putative metallophosphoesterase YhaO,3,3,1.0,3,63,,,,1224,1224,1224.0,CHONFCMC_00984,KGGMHOKE_01403,JPPLDLFD_01265
spx,spx,Global transcriptional regulator Spx,3,3,1.0,3,62,,,,402,402,402.0,CHONFCMC_00891,KGGMHOKE_01485,JPPLDLFD_01181
rtpR,rtpR,Adenosylcobalamin-dependent ribonucleoside-triphosphate reductase,3,3,1.0,3,61,,,,2235,2235,2235.0,CHONFCMC_01002,KGGMHOKE_01337,JPPLDLFD_00759
pheT_2,pheT_2,Phenylalanine--tRNA ligase beta subunit,3,3,1.0,3,58,,,,648,648,648.0,CHONFCMC_00970,KGGMHOKE_01416,JPPLDLFD_01252
corC,corC,Magnesium and cobalt efflux protein CorC,3,3,1.0,3,57,,,,867,867,867.0,CHONFCMC_00898,KGGMHOKE_01478,JPPLDLFD_01188
group_462,,hypothetical protein,3,4,1.3333333333333333,3,55,,,,102,558,384.0,CHONFCMC_00973;CHONFCMC_00974,KGGMHOKE_01413,JPPLDLFD_01255
nagR_1~~~nagR_2,nagR_1;nagR_2,HTH-type transcriptional repressor NagR,3,3,1.0,3,54,,,,729,735,733.0,CHONFCMC_00969,KGGMHOKE_01417,JPPLDLFD_01251
group_461,,hypothetical protein,3,3,1.0,3,53,,,,180,180,180.0,CHONFCMC_00913,KGGMHOKE_01463,JPPLDLFD_01203
mvaA,mvaA,3-hydroxy-3-methylglutaryl-coenzyme A reductase,3,3,1.0,3,52,,,,1236,1236,1236.0,CHONFCMC_00905,KGGMHOKE_01471,JPPLDLFD_01195
group_460,,hypothetical protein,3,3,1.0,3,51,,,,1236,1236,1236.0,CHONFCMC_00874,KGGMHOKE_01502,JPPLDLFD_01164
glyE_1,glyE_1,Glycosyltransferase GlyE,3,3,1.0,3,49,,,,1245,1245,1245.0,CHONFCMC_01009,KGGMHOKE_01330,JPPLDLFD_00766
secA_1,secA_1,Protein translocase subunit SecA,3,3,1.0,3,45,,,,2400,2400,2400.0,CHONFCMC_00863,KGGMHOKE_01513,JPPLDLFD_01153
trmB,trmB,tRNA (guanine-N(7)-)-methyltransferase,3,3,1.0,3,44,,,,654,654,654.0,CHONFCMC_00975,KGGMHOKE_01412,JPPLDLFD_01256
group_455,,hypothetical protein,3,3,1.0,3,43,,,,183,183,183.0,CHONFCMC_00894,KGGMHOKE_01482,JPPLDLFD_01184
mecA,mecA,Adapter protein MecA 1,3,3,1.0,3,42,,,,654,654,654.0,CHONFCMC_00890,KGGMHOKE_01486,JPPLDLFD_01180
pheT_1,pheT_1,Phenylalanine--tRNA ligase beta subunit,3,3,1.0,3,41,,,,2415,2415,2415.0,CHONFCMC_00923,KGGMHOKE_01453,JPPLDLFD_01213
spoIIIE,spoIIIE,DNA translocase SpoIIIE,3,3,1.0,3,40,,,,2430,2430,2430.0,CHONFCMC_00876,KGGMHOKE_01500,JPPLDLFD_01166
group_454,,hypothetical protein,3,3,1.0,3,39,,,,2439,2439,2439.0,CHONFCMC_00983,KGGMHOKE_01404,JPPLDLFD_01264
group_450,,hypothetical protein,3,3,1.0,3,35,,,,885,885,885.0,CHONFCMC_00889,KGGMHOKE_01487,JPPLDLFD_01179
comFA,comFA,Competence protein ComFA,3,3,1.0,3,34,,,,1269,1269,1269.0,CHONFCMC_00866,KGGMHOKE_01510,JPPLDLFD_01156
group_449,,hypothetical protein,3,3,1.0,3,33,,,,2580,2580,2580.0,CHONFCMC_00920,KGGMHOKE_01456,JPPLDLFD_01210
group_448,,hypothetical protein,3,3,1.0,3,32,,,,1278,1278,1278.0,CHONFCMC_00882,KGGMHOKE_01494,JPPLDLFD_01172
polA,polA,DNA polymerase I,3,3,1.0,3,31,,,,2661,2661,2661.0,CHONFCMC_00948,KGGMHOKE_01428,JPPLDLFD_01242
yigZ,yigZ,IMPACT family member YigZ,3,3,1.0,3,30,,,,666,666,666.0,CHONFCMC_00867,KGGMHOKE_01509,JPPLDLFD_01157
rpmI,rpmI,Large ribosomal subunit protein bL35,3,3,1.0,3,28,,,,201,201,201.0,CHONFCMC_00940,KGGMHOKE_01436,JPPLDLFD_01230
group_446,,hypothetical protein,3,3,1.0,3,27,,,,435,435,435.0,CHONFCMC_00877,KGGMHOKE_01499,JPPLDLFD_01167
glyG,glyG,Glycosyltransferase GlyG,3,3,1.0,3,26,,,,885,885,885.0,CHONFCMC_01007,KGGMHOKE_01332,JPPLDLFD_00764
prsA,prsA,Foldase protein PrsA,3,3,1.0,3,25,,,,897,897,897.0,CHONFCMC_00981,KGGMHOKE_01406,JPPLDLFD_01262
dnaI,dnaI,Replicative helicase loader DnaI,3,3,1.0,3,18,,,,900,900,900.0,CHONFCMC_00943,KGGMHOKE_01433,JPPLDLFD_01237
group_442,,hypothetical protein,3,3,1.0,3,17,,,,900,900,900.0,CHONFCMC_00884,KGGMHOKE_01492,JPPLDLFD_01174
ecsA,ecsA,ABC-type transporter ATP-binding protein EcsA,3,3,1.0,3,14,,,,747,747,747.0,CHONFCMC_00977,KGGMHOKE_01410,JPPLDLFD_01258
gtfB_1~~~gtfB_2,gtfB_1;gtfB_2,UDP-N-acetylglucosamine--peptide N-acetylglucosaminyltransferase stabilizing protein GtfB,3,3,1.0,3,13,,,,2019,2019,2019.0,CHONFCMC_01008,KGGMHOKE_01331,JPPLDLFD_00765
licC_1,licC_1,Lichenan permease IIC component,3,3,1.0,3,11,,,,1314,1314,1314.0,CHONFCMC_00965,KGGMHOKE_01421,JPPLDLFD_01247
murC,murC,UDP-N-acetylmuramate--L-alanine ligase,3,3,1.0,3,10,,,,1314,1314,1314.0,CHONFCMC_00963,KGGMHOKE_01423,JPPLDLFD_01245
group_438,,hypothetical protein,3,3,1.0,3,9,,,,684,684,684.0,CHONFCMC_00994,KGGMHOKE_01345,JPPLDLFD_00750
gluP,gluP,Rhomboid protease GluP,3,3,1.0,3,5,,,,687,687,687.0,CHONFCMC_00916,KGGMHOKE_01460,JPPLDLFD_01206
dinB_1,dinB_1,DNA polymerase IV,3,3,1.0,3,4,,,,1320,1320,1320.0,CHONFCMC_00989,KGGMHOKE_01398,JPPLDLFD_01270
bcrA_1~~~bcrA_2~~~bcrA,bcrA_1;bcrA_2;bcrA,Bacitracin transport ATP-binding protein BcrA,3,3,1.0,3,3,,,,705,705,705.0,CHONFCMC_00995,KGGMHOKE_01344,JPPLDLFD_00751
miaA,miaA,tRNA dimethylallyltransferase,3,3,1.0,3,2,,,,921,921,921.0,CHONFCMC_00912,KGGMHOKE_01464,JPPLDLFD_01202
group_434,,hypothetical protein,3,3,1.0,2,946,,,,453,453,453.0,CHONFCMC_00244,KGGMHOKE_00430,JPPLDLFD_00448
smpB,smpB,SsrA-binding protein,3,3,1.0,2,944,,,,456,456,456.0,CHONFCMC_00834,KGGMHOKE_00291,JPPLDLFD_00419
group_432,,hypothetical protein,3,3,1.0,2,943,,,,462,462,462.0,CHONFCMC_00626,KGGMHOKE_00851,JPPLDLFD_00969
group_430,,hypothetical protein,3,3,1.0,2,940,,,,465,465,465.0,CHONFCMC_00759,KGGMHOKE_01021,JPPLDLFD_01356
lspA,lspA,Lipoprotein signal peptidase,3,3,1.0,2,939,,,,465,465,465.0,CHONFCMC_00516,KGGMHOKE_00696,JPPLDLFD_00152
dps,dps,DNA protection during starvation protein,3,3,1.0,2,937,,,,468,468,468.0,CHONFCMC_00127,KGGMHOKE_00043,JPPLDLFD_00716
prmC,prmC,Release factor glutamine methyltransferase,3,3,1.0,2,935,,,,843,843,843.0,CHONFCMC_00779,KGGMHOKE_01041,JPPLDLFD_01336
tsaE,tsaE,tRNA threonylcarbamoyladenosine biosynthesis protein TsaE,3,3,1.0,2,934,,,,477,477,477.0,CHONFCMC_00826,KGGMHOKE_00299,JPPLDLFD_00411
yfkJ,yfkJ,Low molecular weight protein-tyrosine-phosphatase YfkJ,3,3,1.0,2,933,,,,477,477,477.0,CHONFCMC_00694,KGGMHOKE_00955,JPPLDLFD_01420
rimP,rimP,Ribosome maturation factor RimP,3,3,1.0,2,932,,,,477,477,477.0,CHONFCMC_00318,KGGMHOKE_00505,JPPLDLFD_00524
group_428,,Putative universal stress protein,3,3,1.0,2,931,,,,480,480,480.0,CHONFCMC_00762,KGGMHOKE_01024,JPPLDLFD_01353
bltD,bltD,Spermine/spermidine N(1)-acetyltransferase,3,3,1.0,2,928,,,,483,483,483.0,CHONFCMC_00478,KGGMHOKE_00657,JPPLDLFD_00191
group_424,,hypothetical protein,3,3,1.0,2,926,,,,492,492,492.0,CHONFCMC_00045,KGGMHOKE_01566,JPPLDLFD_00129
atpF,atpF,ATP synthase subunit b,3,3,1.0,2,923,,,,501,501,501.0,CHONFCMC_00774,KGGMHOKE_01036,JPPLDLFD_01341
coaD,coaD,Phosphopantetheine adenylyltransferase,3,3,1.0,2,922,,,,501,501,501.0,CHONFCMC_00707,KGGMHOKE_00968,JPPLDLFD_01407
group_423,,hypothetical protein,3,3,1.0,2,921,,,,504,504,504.0,CHONFCMC_00362,KGGMHOKE_00549,JPPLDLFD_00257
dfrA,dfrA,Dihydrofolate reductase,3,3,1.0,2,919,,,,510,510,510.0,CHONFCMC_00339,KGGMHOKE_00526,JPPLDLFD_00567
group_420,,hypothetical protein,3,3,1.0,2,917,,,,510,510,510.0,CHONFCMC_00147,KGGMHOKE_00075,JPPLDLFD_01029
group_419,,hypothetical protein,3,3,1.0,2,916,,,,516,516,516.0,CHONFCMC_00830,KGGMHOKE_00295,JPPLDLFD_00415
group_418,,hypothetical protein,3,3,1.0,2,915,,,,516,516,516.0,CHONFCMC_00808,KGGMHOKE_01073,JPPLDLFD_01307
group_417,,hypothetical protein,3,3,1.0,2,914,,,,516,516,516.0,CHONFCMC_00693,KGGMHOKE_00954,JPPLDLFD_01421
rimM,rimM,Ribosome maturation factor RimM,3,3,1.0,2,911,,,,522,522,522.0,CHONFCMC_00295,KGGMHOKE_00482,JPPLDLFD_00501
hslV,hslV,ATP-dependent protease subunit HslV,3,3,1.0,2,910,,,,525,525,525.0,CHONFCMC_00632,KGGMHOKE_00857,JPPLDLFD_00963
ybeY,ybeY,Endoribonuclease YbeY,3,3,1.0,2,909,,,,528,528,528.0,CHONFCMC_00378,KGGMHOKE_00565,JPPLDLFD_00273
apt,apt,Adenine phosphoribosyltransferase,3,3,1.0,2,908,,,,528,528,528.0,CHONFCMC_00335,KGGMHOKE_00522,JPPLDLFD_00563
group_415,,hypothetical protein,3,3,1.0,2,907,,,,531,531,531.0,CHONFCMC_00692,KGGMHOKE_00953,JPPLDLFD_01422
polC_2,polC_2,DNA polymerase III PolC-type,3,3,1.0,2,905,,,,534,534,534.0,CHONFCMC_00825,KGGMHOKE_00300,JPPLDLFD_00410
group_413,,hypothetical protein,3,3,1.0,2,904,,,,534,534,534.0,CHONFCMC_00743,KGGMHOKE_01006,JPPLDLFD_01371
pyrR_2,pyrR_2,Bifunctional protein pyrR,3,3,1.0,2,902,,,,537,537,537.0,CHONFCMC_00409,KGGMHOKE_00598,JPPLDLFD_00670
group_411,,hypothetical protein,3,3,1.0,2,901,,,,540,540,540.0,CHONFCMC_00848,KGGMHOKE_00277,JPPLDLFD_00433
pyrR_1,pyrR_1,Bifunctional protein pyrR,3,3,1.0,2,900,,,,543,543,543.0,CHONFCMC_00404,KGGMHOKE_00593,JPPLDLFD_00665
pncA,pncA,Nicotinamidase,3,3,1.0,2,898,,,,546,546,546.0,CHONFCMC_00410,KGGMHOKE_00599,JPPLDLFD_00671
atpH_1,atpH_1,ATP synthase subunit delta,3,3,1.0,2,897,,,,549,549,549.0,CHONFCMC_00773,KGGMHOKE_01035,JPPLDLFD_01342
rsmD,rsmD,Ribosomal RNA small subunit methyltransferase D,3,3,1.0,2,896,,,,549,549,549.0,CHONFCMC_00708,KGGMHOKE_00969,JPPLDLFD_01406
def_1,def_1,Peptide deformylase,3,3,1.0,2,894,,,,555,555,555.0,CHONFCMC_00712,KGGMHOKE_00973,JPPLDLFD_01402
frr,frr,Ribosome-recycling factor,3,3,1.0,2,892,,,,558,558,558.0,CHONFCMC_00312,KGGMHOKE_00499,JPPLDLFD_00518
group_408,,hypothetical protein,3,3,1.0,2,891,,,,558,558,558.0,CHONFCMC_00247,KGGMHOKE_00433,JPPLDLFD_00451
nudF,nudF,ADP-ribose pyrophosphatase,3,3,1.0,2,888,,,,564,564,564.0,CHONFCMC_00724,KGGMHOKE_00986,JPPLDLFD_01390
group_405,,hypothetical protein,3,3,1.0,2,886,,,,570,570,570.0,CHONFCMC_00831,KGGMHOKE_00294,JPPLDLFD_00416
group_404,,hypothetical protein,3,3,1.0,2,885,,,,570,570,570.0,CHONFCMC_00509,KGGMHOKE_00689,JPPLDLFD_00159
efp_1,efp_1,Elongation factor P,3,3,1.0,2,884,,,,570,570,570.0,CHONFCMC_00256,KGGMHOKE_00442,JPPLDLFD_00461
hpt_2,hpt_2,Hypoxanthine-guanine phosphoribosyltransferase,3,3,1.0,2,883,,,,570,570,570.0,CHONFCMC_00140,KGGMHOKE_00068,JPPLDLFD_01140
lacB,lacB,Galactose-6-phosphate isomerase subunit LacB,3,3,1.0,2,881,,,,576,576,576.0,CHONFCMC_00043,KGGMHOKE_01564,JPPLDLFD_00131
grpE,grpE,Protein GrpE,3,3,1.0,2,880,,,,579,579,579.0,CHONFCMC_00329,KGGMHOKE_00516,JPPLDLFD_00557
engB,engB,putative GTP-binding protein EngB,3,3,1.0,2,879,,,,585,585,585.0,CHONFCMC_00695,KGGMHOKE_00956,JPPLDLFD_01419
group_402,,hypothetical protein,3,3,1.0,2,878,,,,585,585,585.0,CHONFCMC_00344,KGGMHOKE_00531,JPPLDLFD_00572
clpP,clpP,ATP-dependent Clp protease proteolytic subunit,3,3,1.0,2,877,,,,588,588,588.0,CHONFCMC_00844,KGGMHOKE_00281,JPPLDLFD_00429
group_401,,hypothetical protein,3,3,1.0,2,876,,,,588,588,588.0,CHONFCMC_00230,KGGMHOKE_00416,JPPLDLFD_01050
scpB,scpB,Segregation and condensation protein B,3,3,1.0,2,875,,,,591,591,591.0,CHONFCMC_00664,KGGMHOKE_00890,JPPLDLFD_00929
ribU,ribU,Riboflavin transporter RibU,3,3,1.0,2,874,,,,594,594,594.0,CHONFCMC_00661,KGGMHOKE_00887,JPPLDLFD_00932
tdk,tdk,Thymidine kinase,3,3,1.0,2,873,,,,600,600,600.0,CHONFCMC_00781,KGGMHOKE_01043,JPPLDLFD_01334
group_400,,hypothetical protein,3,3,1.0,2,872,,,,603,603,603.0,CHONFCMC_00789,KGGMHOKE_01051,JPPLDLFD_01326
rpsD,rpsD,Small ribosomal subunit protein uS4,3,3,1.0,2,870,,,,612,612,612.0,CHONFCMC_00758,KGGMHOKE_01020,JPPLDLFD_01357
group_399,,hypothetical protein,3,3,1.0,2,869,,,,612,612,612.0,CHONFCMC_00746,KGGMHOKE_01009,JPPLDLFD_01368
uptA,uptA,Undecaprenyl phosphate transporter A,3,3,1.0,2,868,,,,612,612,612.0,CHONFCMC_00682,KGGMHOKE_00908,JPPLDLFD_00911
ywaC,ywaC,GTP pyrophosphokinase YwaC,3,3,1.0,2,866,,,,612,612,612.0,CHONFCMC_00157,KGGMHOKE_00405,JPPLDLFD_01019
maa,maa,Maltose O-acetyltransferase,3,3,1.0,2,865,,,,615,615,615.0,CHONFCMC_00534,KGGMHOKE_00714,JPPLDLFD_01066
plsC,plsC,1-acyl-sn-glycerol-3-phosphate acyltransferase,3,3,1.0,2,864,,,,615,615,615.0,CHONFCMC_00307,KGGMHOKE_00494,JPPLDLFD_00513
gmk_1,gmk_1,Guanylate kinase,3,3,1.0,2,863,,,,615,615,615.0,CHONFCMC_00266,KGGMHOKE_00452,JPPLDLFD_00471
group_397,,hypothetical protein,3,3,1.0,2,862,,,,621,621,621.0,CHONFCMC_00061,KGGMHOKE_01589,JPPLDLFD_00113
group_396,,hypothetical protein,3,3,1.0,2,861,,,,624,624,624.0,CHONFCMC_00599,KGGMHOKE_00762,JPPLDLFD_00985
lexA,lexA,LexA repressor,3,3,1.0,2,860,,,,624,624,624.0,CHONFCMC_00301,KGGMHOKE_00488,JPPLDLFD_00507
group_395,,hypothetical protein,3,3,1.0,2,859,,,,627,627,627.0,CHONFCMC_00327,KGGMHOKE_00514,JPPLDLFD_00533
upp,upp,Uracil phosphoribosyltransferase,3,3,1.0,2,858,,,,630,630,630.0,CHONFCMC_00777,KGGMHOKE_01039,JPPLDLFD_01338
recU,recU,Holliday junction resolvase RecU,3,3,1.0,2,856,,,,630,630,630.0,CHONFCMC_00508,KGGMHOKE_00688,JPPLDLFD_00160
nth_1,nth_1,Endonuclease III,3,3,1.0,2,855,,,,630,630,630.0,CHONFCMC_00506,KGGMHOKE_00686,JPPLDLFD_00162
udk,udk,Uridine kinase,3,3,1.0,2,854,,,,636,636,636.0,CHONFCMC_00102,KGGMHOKE_00015,JPPLDLFD_00078
pyrE,pyrE,Orotate phosphoribosyltransferase,3,3,1.0,2,853,,,,639,639,639.0,CHONFCMC_00401,KGGMHOKE_00590,JPPLDLFD_00662
glnM,glnM,putative glutamine ABC transporter permease protein GlnM,3,3,1.0,2,852,,,,639,639,639.0,CHONFCMC_00095,KGGMHOKE_00008,JPPLDLFD_00085
group_394,,hypothetical protein,3,3,1.0,2,851,,,,642,642,642.0,CHONFCMC_00683,KGGMHOKE_00909,JPPLDLFD_00910
spsB_1,spsB_1,Signal peptidase IB,3,3,1.0,2,850,,,,642,642,642.0,CHONFCMC_00298,KGGMHOKE_00485,JPPLDLFD_00504
group_391,,hypothetical protein,3,3,1.0,2,847,,,,645,645,645.0,CHONFCMC_00717,KGGMHOKE_00979,JPPLDLFD_01397
dnaD,dnaD,Replicative helicase loading/DNA remodeling protein DnaD,3,3,1.0,2,846,,,,645,645,645.0,CHONFCMC_00505,KGGMHOKE_00685,JPPLDLFD_00163
tmung,tmung,Type-4 uracil-DNA glycosylase,3,3,1.0,2,843,,,,651,651,651.0,CHONFCMC_00300,KGGMHOKE_00487,JPPLDLFD_00506
rpe,rpe,Ribulose-phosphate 3-epimerase,3,3,1.0,2,842,,,,651,651,651.0,CHONFCMC_00274,KGGMHOKE_00460,JPPLDLFD_00479
glnP,glnP,putative glutamine ABC transporter permease protein GlnP,3,3,1.0,2,841,,,,651,651,651.0,CHONFCMC_00096,KGGMHOKE_00009,JPPLDLFD_00084
group_389,,hypothetical protein,3,3,1.0,2,840,,,,657,657,657.0,CHONFCMC_00546,KGGMHOKE_00726,JPPLDLFD_00836
cnbA,cnbA,Chloronitrobenzene nitroreductase,3,3,1.0,2,839,,,,657,657,657.0,CHONFCMC_00137,KGGMHOKE_00065,JPPLDLFD_00707
gpmA_1,gpmA_1,23-bisphosphoglycerate-dependent phosphoglycerate mutase,3,3,1.0,2,836,,,,660,660,660.0,CHONFCMC_00718,KGGMHOKE_00980,JPPLDLFD_01396
plsY_1,plsY_1,Glycerol-3-phosphate acyltransferase,3,3,1.0,2,835,,,,660,660,660.0,CHONFCMC_00533,KGGMHOKE_00713,JPPLDLFD_01067
cmk,cmk,Cytidylate kinase,3,3,1.0,2,833,,,,666,666,666.0,CHONFCMC_00660,KGGMHOKE_00886,JPPLDLFD_00933
group_387,,hypothetical protein,3,3,1.0,2,832,,,,666,666,666.0,CHONFCMC_00642,KGGMHOKE_00867,JPPLDLFD_00952
tcrA,tcrA,Transcriptional regulatory protein TcrA,3,3,1.0,2,830,,,,666,666,666.0,CHONFCMC_00158,KGGMHOKE_00406,JPPLDLFD_01018
group_386,,Phosphorylated carbohydrates phosphatase,3,3,1.0,2,828,,,,681,681,681.0,CHONFCMC_00747,KGGMHOKE_01010,JPPLDLFD_01367
rnc,rnc,Ribonuclease 3,3,3,1.0,2,827,,,,681,681,681.0,CHONFCMC_00288,KGGMHOKE_00475,JPPLDLFD_00494
group_384,,hypothetical protein,3,3,1.0,2,825,,,,681,681,681.0,CHONFCMC_00044,KGGMHOKE_01565,JPPLDLFD_00130
phoU,phoU,Phosphate-specific transport system accessory protein PhoU,3,3,1.0,2,824,,,,684,684,684.0,CHONFCMC_00125,KGGMHOKE_00041,JPPLDLFD_00718
group_383,,hypothetical protein,3,3,1.0,2,823,,,,687,687,687.0,CHONFCMC_00705,KGGMHOKE_00966,JPPLDLFD_01409
strA,strA,Sortase A,3,3,1.0,2,822,,,,690,690,690.0,CHONFCMC_00333,KGGMHOKE_00520,JPPLDLFD_00561
ung,ung,Uracil-DNA glycosylase,3,3,1.0,2,821,,,,696,696,696.0,CHONFCMC_00828,KGGMHOKE_00297,JPPLDLFD_00413
group_382,,hypothetical protein,3,3,1.0,2,820,,,,696,696,696.0,CHONFCMC_00164,KGGMHOKE_00412,JPPLDLFD_01054
rpiA_1,rpiA_1,Ribose-5-phosphate isomerase A,3,3,1.0,2,819,,,,699,699,699.0,CHONFCMC_00130,KGGMHOKE_00059,JPPLDLFD_00713
rsuA,rsuA,Ribosomal small subunit pseudouridine synthase A,3,3,1.0,2,818,,,,702,702,702.0,CHONFCMC_00753,KGGMHOKE_01015,JPPLDLFD_01362
mtnN,mtnN,5'-methylthioadenosine/S-adenosylhomocysteine nucleosidase,3,3,1.0,2,817,,,,702,702,702.0,CHONFCMC_00722,KGGMHOKE_00984,JPPLDLFD_01392
metP,metP,Methionine import system permease protein MetP,3,3,1.0,2,816,,,,702,702,702.0,CHONFCMC_00354,KGGMHOKE_00541,JPPLDLFD_00249
group_381,,hypothetical protein,3,3,1.0,2,815,,,,708,708,708.0,CHONFCMC_00812,KGGMHOKE_01077,JPPLDLFD_01303
pyrF,pyrF,Orotidine 5'-phosphate decarboxylase,3,3,1.0,2,814,,,,708,708,708.0,CHONFCMC_00402,KGGMHOKE_00591,JPPLDLFD_00663
group_380,,Multidrug efflux system ATP-binding protein,3,3,1.0,2,813,,,,708,708,708.0,CHONFCMC_00389,KGGMHOKE_00576,JPPLDLFD_00650
resD,resD,Transcriptional regulatory protein ResD,3,3,1.0,2,812,,,,711,711,711.0,CHONFCMC_00792,KGGMHOKE_01054,JPPLDLFD_01323
group_379,,hypothetical protein,3,3,1.0,2,811,,,,711,711,711.0,CHONFCMC_00142,KGGMHOKE_00070,JPPLDLFD_01142
atpB,atpB,ATP synthase subunit a,3,3,1.0,2,810,,,,717,717,717.0,CHONFCMC_00776,KGGMHOKE_01038,JPPLDLFD_01339
rluB,rluB,Ribosomal large subunit pseudouridine synthase B,3,3,1.0,2,809,,,,720,720,720.0,CHONFCMC_00663,KGGMHOKE_00889,JPPLDLFD_00930
uppS,uppS,Ditranspolycis-undecaprenyl-diphosphate synthase ((2E6E)-farnesyl-diphosphate specific),3,3,1.0,2,808,,,,720,720,720.0,CHONFCMC_00313,KGGMHOKE_00500,JPPLDLFD_00519
trmD,trmD,tRNA (guanine-N(1)-)-methyltransferase,3,3,1.0,2,807,,,,723,723,723.0,CHONFCMC_00296,KGGMHOKE_00483,JPPLDLFD_00502
pyrH,pyrH,Uridylate kinase,3,3,1.0,2,806,,,,726,726,726.0,CHONFCMC_00311,KGGMHOKE_00498,JPPLDLFD_00517
treR,treR,HTH-type transcriptional regulator TreR,3,3,1.0,2,805,,,,726,726,726.0,CHONFCMC_00099,KGGMHOKE_00012,JPPLDLFD_00081
gmuR_1,gmuR_1,HTH-type transcriptional regulator GmuR,3,3,1.0,2,804,,,,729,729,729.0,CHONFCMC_00132,KGGMHOKE_00061,JPPLDLFD_00711
group_378,,putative transcriptional regulatory protein,3,3,1.0,2,803,,,,732,732,732.0,CHONFCMC_00807,KGGMHOKE_01072,JPPLDLFD_01308
uup_5~~~potA_1~~~potA_2,uup_5;potA_1;potA_2,ATP-binding protein Uup;Spermidine/putrescine import ATP-binding protein PotA,3,4,1.3333333333333333,2,800,,,,489,1104,834.75,CHONFCMC_00823,KGGMHOKE_00302;KGGMHOKE_01088,JPPLDLFD_00408
group_376,artM_1,Arginine transport ATP-binding protein ArtM,3,3,1.0,2,799,,,,735,735,735.0,CHONFCMC_00118,KGGMHOKE_00034,JPPLDLFD_00725
group_375,,hypothetical protein,3,3,1.0,2,797,,,,741,741,741.0,CHONFCMC_00662,KGGMHOKE_00888,JPPLDLFD_00931
scpA,scpA,Segregation and condensation protein A,3,3,1.0,2,796,,,,744,744,744.0,CHONFCMC_00665,KGGMHOKE_00891,JPPLDLFD_00928
glnQ_1,glnQ_1,Glutamine transport ATP-binding protein GlnQ,3,3,1.0,2,794,,,,750,750,750.0,CHONFCMC_00093,KGGMHOKE_00006,JPPLDLFD_00087
rnhB,rnhB,Ribonuclease HII,3,3,1.0,2,793,,,,753,753,753.0,CHONFCMC_00637,KGGMHOKE_00862,JPPLDLFD_00958
recO,recO,DNA repair protein RecO,3,3,1.0,2,792,,,,753,753,753.0,CHONFCMC_00380,KGGMHOKE_00567,JPPLDLFD_00275
prpC,prpC,Protein phosphatase PrpC,3,3,1.0,2,791,,,,753,753,753.0,CHONFCMC_00271,KGGMHOKE_00457,JPPLDLFD_00476
tpiA,tpiA,Triosephosphate isomerase,3,3,1.0,2,790,,,,756,756,756.0,CHONFCMC_00838,KGGMHOKE_00287,JPPLDLFD_00423
lacX_1,lacX_1,Protein LacX plasmid,3,3,1.0,2,789,,,,888,888,888.0,CHONFCMC_00630,KGGMHOKE_00855,JPPLDLFD_00965
pstB3_2,pstB3_2,Phosphate import ATP-binding protein PstB 3,3,3,1.0,2,788,,,,756,756,756.0,CHONFCMC_00124,KGGMHOKE_00040,JPPLDLFD_00719
lacR_1,lacR_1,Lactose phosphotransferase system repressor,3,3,1.0,2,784,,,,765,765,765.0,CHONFCMC_00041,KGGMHOKE_01562,JPPLDLFD_00133
ydjP,ydjP,AB hydrolase superfamily protein YdjP,3,3,1.0,2,778,,,,777,777,777.0,CHONFCMC_00811,KGGMHOKE_01076,JPPLDLFD_01304
rpsB,rpsB,Small ribosomal subunit protein uS2,3,3,1.0,2,776,,,,786,786,786.0,CHONFCMC_00309,KGGMHOKE_00496,JPPLDLFD_00515
potI,potI,Putrescine transport system permease protein PotI,3,3,1.0,2,775,,,,789,789,789.0,CHONFCMC_00066,KGGMHOKE_01597,JPPLDLFD_00108
ybjI_1,ybjI_1,5-amino-6-(5-phospho-D-ribitylamino)uracil phosphatase YbjI,3,3,1.0,2,774,,,,789,789,789.0,CHONFCMC_00036,KGGMHOKE_01557,JPPLDLFD_00137
gpsB_2,gpsB_2,Cell cycle adapter protein GpsB,3,3,1.0,2,772,,,,792,792,792.0,CHONFCMC_00727,KGGMHOKE_00989,JPPLDLFD_01387
group_367,,hypothetical protein,3,3,1.0,2,771,,,,792,792,792.0,CHONFCMC_00314,KGGMHOKE_00501,JPPLDLFD_00520
group_366,,putative oxidoreductase,3,3,1.0,2,769,,,,795,795,795.0,CHONFCMC_00676,KGGMHOKE_00902,JPPLDLFD_00917
group_364,,hypothetical protein,3,3,1.0,2,767,,,,795,795,795.0,CHONFCMC_00101,KGGMHOKE_00014,JPPLDLFD_00079
potC,potC,Spermidine/putrescine transport system permease protein PotC,3,3,1.0,2,765,,,,798,798,798.0,CHONFCMC_00821,KGGMHOKE_01086,JPPLDLFD_00406
rqcP2,rqcP2,Ribosome-associated protein quality control protein P2,3,3,1.0,2,764,,,,798,798,798.0,CHONFCMC_00728,KGGMHOKE_00990,JPPLDLFD_01386
group_363,,hypothetical protein,3,3,1.0,2,763,,,,798,798,798.0,CHONFCMC_00106,KGGMHOKE_00019,JPPLDLFD_00740
pstB3_1,pstB3_1,Phosphate import ATP-binding protein PstB 3,3,3,1.0,2,761,,,,801,801,801.0,CHONFCMC_00123,KGGMHOKE_00039,JPPLDLFD_00720
group_362,,hypothetical protein,3,3,1.0,2,760,,,,804,804,804.0,CHONFCMC_00685,KGGMHOKE_00911,JPPLDLFD_00908
potH,potH,Putrescine transport system permease protein PotH,3,3,1.0,2,757,,,,813,813,813.0,CHONFCMC_00822,KGGMHOKE_01087,JPPLDLFD_00407
tlyA,tlyA,16S/23S rRNA (cytidine-2'-O)-methyltransferase TlyA,3,3,1.0,2,756,,,,813,813,813.0,CHONFCMC_00263,KGGMHOKE_00449,JPPLDLFD_00468
vmlR_2,;vmlR_2,hypothetical protein;Ribosome protection protein VmlR,3,3,1.0,2,754,,,,126,1509,1048.0,CHONFCMC_00617,KGGMHOKE_00841,JPPLDLFD_00972
yafP,yafP,putative N-acetyltransferase YafP,3,3,1.0,2,753,,,,447,447,447.0,CHONFCMC_00472,KGGMHOKE_00651,JPPLDLFD_01274
group_358,,hypothetical protein,3,3,1.0,2,752,,,,819,819,819.0,CHONFCMC_00467,KGGMHOKE_00646,JPPLDLFD_01279
group_357,,hypothetical protein,3,3,1.0,2,751,,,,819,819,819.0,CHONFCMC_00390,KGGMHOKE_00577,JPPLDLFD_00651
yokD,yokD,SPbeta prophage-derived aminoglycoside N(3')-acetyltransferase-like protein YokD,3,3,1.0,2,749,,,,810,828,816.0,CHONFCMC_00493,KGGMHOKE_00672,JPPLDLFD_00176
group_355,,hypothetical protein,3,4,1.3333333333333333,2,748,,,,609,2571,1917.75,CHONFCMC_00415,KGGMHOKE_00604;KGGMHOKE_00603,JPPLDLFD_00676
group_353,,hypothetical protein,3,3,1.0,2,746,,,,336,336,336.0,CHONFCMC_00471,KGGMHOKE_00650,JPPLDLFD_01275
glnH_1,glnH_1,ABC transporter glutamine-binding protein GlnH,3,3,1.0,2,743,,,,822,822,822.0,CHONFCMC_00092,KGGMHOKE_00005,JPPLDLFD_00088
group_351,,putative ABC transporter ATP-binding protein,3,3,1.0,2,742,,,,702,711,708.0,CHONFCMC_00414,KGGMHOKE_00602,JPPLDLFD_00675
group_350,,Gamma-resorcylate decarboxylase;hypothetical protein,3,3,1.0,2,740,,,,609,609,609.0,CHONFCMC_00544,KGGMHOKE_00724,JPPLDLFD_00833
group_349,,hypothetical protein,3,3,1.0,2,739,,,,585,672,630.0,CHONFCMC_00412,KGGMHOKE_00601,JPPLDLFD_00674
map,map,Methionine aminopeptidase 1,3,3,1.0,2,738,,,,825,825,825.0,CHONFCMC_00149,KGGMHOKE_00077,JPPLDLFD_01027
glnH_2,glnH_2,ABC transporter glutamine-binding protein GlnH,3,3,1.0,2,737,,,,825,825,825.0,CHONFCMC_00094,KGGMHOKE_00007,JPPLDLFD_00086
bglR~~~uidA_2~~~uidA_1,bglR;uidA_2;uidA_1,Beta-glucuronidase,3,5,1.6666666666666667,2,734,,,,198,1797,1012.8,CHONFCMC_00582,KGGMHOKE_00744,JPPLDLFD_00864;JPPLDLFD_01004;JPPLDLFD_01003
group_345,,hypothetical protein,3,5,1.6666666666666667,2,730,,,,96,645,374.4,CHONFCMC_00481;CHONFCMC_00480,KGGMHOKE_00659,JPPLDLFD_00188;JPPLDLFD_00189
group_344,,hypothetical protein,3,3,1.0,2,729,,,,579,1083,876.0,CHONFCMC_00548,KGGMHOKE_00729,JPPLDLFD_00839
group_343,,hypothetical protein,3,3,1.0,2,728,,,,831,831,831.0,CHONFCMC_00067,KGGMHOKE_01598,JPPLDLFD_00107
msbA_2~~~uup_4~~~msbA_3,msbA_2;uup_4;msbA_3,ATP-dependent lipid A-core flippase;ATP-binding protein Uup,3,3,1.0,2,726,,,,1596,1605,1599.0,CHONFCMC_00592,KGGMHOKE_00755,JPPLDLFD_00993
group_340,,hypothetical protein,3,4,1.3333333333333333,2,723,,,,303,846,632.25,CHONFCMC_00614,KGGMHOKE_00838,JPPLDLFD_00973;JPPLDLFD_00974
cbh_2,cbh_2,Bile salt hydrolase/transferase,3,3,1.0,2,720,,,,978,978,978.0,CHONFCMC_00583,KGGMHOKE_00745,JPPLDLFD_01002
rppH,;rppH,Nudix hydrolase;hypothetical protein;RNA pyrophosphohydrolase,3,4,1.3333333333333333,2,717,,,,93,465,337.5,CHONFCMC_00488,KGGMHOKE_00665,JPPLDLFD_00183;JPPLDLFD_00184
group_337,,hypothetical protein,3,3,1.0,2,716,,,,150,546,414.0,CHONFCMC_00463,KGGMHOKE_00642,JPPLDLFD_01283
group_336,,hypothetical protein,3,3,1.0,2,714,,,,837,837,837.0,CHONFCMC_00391,KGGMHOKE_00578,JPPLDLFD_00652
drrA1,drrA1,Daunorubicin resistance ATP-binding protein DrrA1,3,3,1.0,2,712,,,,852,852,852.0,CHONFCMC_00590,KGGMHOKE_00753,JPPLDLFD_00995
group_334,,hypothetical protein,3,3,1.0,2,710,,,,453,453,453.0,CHONFCMC_00588,KGGMHOKE_00751,JPPLDLFD_00997
ampR~~~hdfR_3~~~gltC,ampR;hdfR_3;gltC;,HTH-type transcriptional activator AmpR;HTH-type transcriptional regulator HdfR;Transcriptional dual regulator GltC;hypothetical protein,3,4,1.3333333333333333,2,709,,,,138,861,462.75,CHONFCMC_00623,KGGMHOKE_00849;KGGMHOKE_00848,JPPLDLFD_00971
rbgA,rbgA,Ribosome biogenesis GTPase A,3,3,1.0,2,707,,,,840,840,840.0,CHONFCMC_00638,KGGMHOKE_00863,JPPLDLFD_00957
group_332,,hypothetical protein,3,3,1.0,2,704,,,,840,840,840.0,CHONFCMC_00251,KGGMHOKE_00437,JPPLDLFD_00456
glcR_1,glcR_1,HTH-type transcriptional repressor GlcR,3,3,1.0,2,703,,,,777,780,779.0,CHONFCMC_00134,KGGMHOKE_00063,JPPLDLFD_00709
group_329,,hypothetical protein,3,3,1.0,2,698,,,,759,762,761.0,CHONFCMC_00371,KGGMHOKE_00558,JPPLDLFD_00266
yqfL,yqfL,Putative pyruvate phosphate dikinase regulatory protein,3,3,1.0,2,697,,,,843,843,843.0,CHONFCMC_00374,KGGMHOKE_00561,JPPLDLFD_00269
yheI_2,yheI_2,putative multidrug resistance ABC transporter ATP-binding/permease protein YheI,3,3,1.0,2,696,,,,1584,1584,1584.0,CHONFCMC_00591,KGGMHOKE_00754,JPPLDLFD_00994
group_328,,hypothetical protein,3,3,1.0,2,695,,,,816,855,842.0,CHONFCMC_00689,KGGMHOKE_00950,JPPLDLFD_01425
dprA,dprA,DNA processing protein DprA,3,3,1.0,2,694,,,,846,846,846.0,CHONFCMC_00636,KGGMHOKE_00861,JPPLDLFD_00959
lacA_1~~~ganA,lacA_1;ganA,Beta-galactosidase GalA;Beta-galactosidase GanA,3,4,1.3333333333333333,2,692,,,,936,2043,1514.25,CHONFCMC_00078,KGGMHOKE_01611,JPPLDLFD_00096;JPPLDLFD_00095
group_327,,hypothetical protein,3,4,1.3333333333333333,2,689,,,,108,483,357.75,CHONFCMC_00469,KGGMHOKE_00648,JPPLDLFD_01276;JPPLDLFD_01277
fetA_2,fetA_2,putative iron export ATP-binding protein FetA,3,3,1.0,2,687,,,,639,642,641.0,CHONFCMC_00613,KGGMHOKE_00837,JPPLDLFD_00975
msrB,msrB,Peptide methionine sulfoxide reductase MsrB,3,3,1.0,2,686,,,,432,432,432.0,CHONFCMC_00370,KGGMHOKE_00557,JPPLDLFD_00265
group_326,,hypothetical protein,3,5,1.6666666666666667,2,685,,,,159,822,465.0,CHONFCMC_00580;CHONFCMC_00581,KGGMHOKE_00743,JPPLDLFD_00863;JPPLDLFD_00862
group_324,,hypothetical protein,3,3,1.0,2,683,,,,501,501,501.0,CHONFCMC_00487,KGGMHOKE_00664,JPPLDLFD_00185
cdaA,cdaA,Cyclic di-AMP synthase CdaA,3,3,1.0,2,682,,,,849,849,849.0,CHONFCMC_00819,KGGMHOKE_01084,JPPLDLFD_00404
brnQ_3~~~brnQ_2~~~brnQ_1,brnQ_3;brnQ_2;brnQ_1,Branched-chain amino acid permease BrnQ,3,4,1.3333333333333333,2,680,,,,357,1368,1022.25,CHONFCMC_00584,KGGMHOKE_00747;KGGMHOKE_00746,JPPLDLFD_01001
catM,catM,HTH-type transcriptional regulator CatM,3,3,1.0,2,679,,,,849,849,849.0,CHONFCMC_00342,KGGMHOKE_00529,JPPLDLFD_00570
folD,folD,Bifunctional protein FolD protein,3,3,1.0,2,678,,,,849,849,849.0,CHONFCMC_00259,KGGMHOKE_00445,JPPLDLFD_00464
group_322,,hypothetical protein,3,3,1.0,2,677,,,,396,396,396.0,CHONFCMC_00587,KGGMHOKE_00750,JPPLDLFD_00998
group_321,,(R)-mandelonitrile lyase,3,3,1.0,2,675,,,,414,414,414.0,CHONFCMC_00585,KGGMHOKE_00748,JPPLDLFD_01000
mreC,mreC,Cell shape-determining protein MreC,3,3,1.0,2,673,,,,852,852,852.0,CHONFCMC_00744,KGGMHOKE_01007,JPPLDLFD_01370
group_319,,hypothetical protein,3,3,1.0,2,672,,,,360,360,360.0,CHONFCMC_00474,KGGMHOKE_00653,JPPLDLFD_01298
group_318,,hypothetical protein,3,3,1.0,2,671,,,,852,852,852.0,CHONFCMC_00350,KGGMHOKE_00537,JPPLDLFD_00245
group_316,,hypothetical protein,3,3,1.0,2,669,,,,414,414,414.0,CHONFCMC_00609,KGGMHOKE_00833,JPPLDLFD_00980
divIB,divIB,Cell division protein DivIB,3,3,1.0,2,668,,,,855,855,855.0,CHONFCMC_00733,KGGMHOKE_00995,JPPLDLFD_01381
deoD,deoD,Purine nucleoside phosphorylase DeoD-type,3,3,1.0,2,667,,,,765,765,765.0,CHONFCMC_00489,KGGMHOKE_00667,JPPLDLFD_00182
group_315,,hypothetical protein,3,3,1.0,2,666,,,,576,576,576.0,CHONFCMC_00464,KGGMHOKE_00643,JPPLDLFD_01282
group_314,,Putative bifunctional phosphatase/peptidyl-prolyl cis-trans isomerase,3,3,1.0,2,665,,,,396,588,524.0,CHONFCMC_00527,KGGMHOKE_00707,JPPLDLFD_00141
metQ,metQ,putative D-methionine-binding lipoprotein MetQ,3,3,1.0,2,664,,,,855,855,855.0,CHONFCMC_00352,KGGMHOKE_00539,JPPLDLFD_00247
group_313,,hypothetical protein,3,3,1.0,2,663,,,,237,237,237.0,CHONFCMC_00542,KGGMHOKE_00722,JPPLDLFD_01058
group_312,,hypothetical protein,3,3,1.0,2,662,,,,858,858,858.0,CHONFCMC_00699,KGGMHOKE_00960,JPPLDLFD_01415
ybhL_2~~~ybhL_1,ybhL_2;ybhL_1,Inner membrane protein YbhL,3,3,1.0,2,661,,,,714,714,714.0,CHONFCMC_00543,KGGMHOKE_00723,JPPLDLFD_01057
dgoD,dgoD,D-galactonate dehydratase,3,3,1.0,2,660,,,,1173,1173,1173.0,CHONFCMC_00593,KGGMHOKE_00756,JPPLDLFD_00991
glcT~~~licT_5~~~licT_1,glcT;licT_5;licT_1,PtsGHI operon antiterminator;Transcription antiterminator LicT,3,3,1.0,2,658,,,,651,840,777.0,CHONFCMC_00049,KGGMHOKE_01570,JPPLDLFD_00125
gmuF,gmuF,putative mannose-6-phosphate isomerase GmuF,3,3,1.0,2,657,,,,966,966,966.0,CHONFCMC_00794,KGGMHOKE_01056,JPPLDLFD_01321
ywpJ,ywpJ,Phosphatase YwpJ,3,3,1.0,2,656,,,,861,861,861.0,CHONFCMC_00829,KGGMHOKE_00296,JPPLDLFD_00414
group_311,,hypothetical protein,3,3,1.0,2,655,,,,855,855,855.0,CHONFCMC_00589,KGGMHOKE_00752,JPPLDLFD_00996
group_309,,hypothetical protein,3,4,1.3333333333333333,2,653,,,,255,1032,784.5,CHONFCMC_00624;CHONFCMC_00625,KGGMHOKE_00850,JPPLDLFD_00970
group_307,,hypothetical protein,3,3,1.0,2,651,,,,267,267,267.0,CHONFCMC_00479,KGGMHOKE_00658,JPPLDLFD_00190
ydaF,ydaF,Putative ribosomal N-acetyltransferase YdaF,3,3,1.0,2,650,,,,534,543,540.0,CHONFCMC_00477,KGGMHOKE_00656,JPPLDLFD_00192
thrB_1,thrB_1,Homoserine kinase,3,3,1.0,2,649,,,,864,864,864.0,CHONFCMC_00428,KGGMHOKE_00617,JPPLDLFD_01099
prmA,prmA,Ribosomal protein L11 methyltransferase,3,3,1.0,2,648,,,,948,948,948.0,CHONFCMC_00363,KGGMHOKE_00550,JPPLDLFD_00258
group_306,,hypothetical protein,3,3,1.0,2,647,,,,867,867,867.0,CHONFCMC_00262,KGGMHOKE_00448,JPPLDLFD_00467
group_305,,D-ribitol-5-phosphate phosphatase,3,3,1.0,2,646,,,,600,600,600.0,CHONFCMC_00600,KGGMHOKE_00763,JPPLDLFD_00984
pstS1,pstS1,Phosphate-binding protein PstS 1,3,3,1.0,2,645,,,,870,870,870.0,CHONFCMC_00120,KGGMHOKE_00036,JPPLDLFD_00723
yvcJ,yvcJ,Nucleotide-binding protein YvcJ,3,3,1.0,2,644,,,,876,876,876.0,CHONFCMC_00847,KGGMHOKE_00278,JPPLDLFD_00432
group_304,,hypothetical protein,3,3,1.0,2,643,,,,1071,1212,1165.0,CHONFCMC_00813,KGGMHOKE_01078,JPPLDLFD_01302
group_303,,hypothetical protein,3,3,1.0,2,642,,,,492,492,492.0,CHONFCMC_00547,KGGMHOKE_00727,JPPLDLFD_00837
group_302,,Aldo-keto reductase/MSMEI_2347,3,3,1.0,2,641,,,,876,876,876.0,CHONFCMC_00536,KGGMHOKE_00716,JPPLDLFD_01064
treA,treA,Trehalose-6-phosphate hydrolase,3,3,1.0,2,640,,,,1659,1725,1681.0,CHONFCMC_00098,KGGMHOKE_00011,JPPLDLFD_00082
qmcA,qmcA,Protein QmcA,3,3,1.0,2,639,,,,876,876,876.0,CHONFCMC_00466,KGGMHOKE_00645,JPPLDLFD_01280
group_301,,hypothetical protein,3,3,1.0,2,638,,,,327,327,327.0,CHONFCMC_00133,KGGMHOKE_00062,JPPLDLFD_00710
rihC,rihC,Non-specific ribonucleoside hydrolase RihC,3,3,1.0,2,637,,,,924,924,924.0,CHONFCMC_00131,KGGMHOKE_00060,JPPLDLFD_00712
group_300,,hypothetical protein,3,3,1.0,2,636,,,,879,879,879.0,CHONFCMC_00373,KGGMHOKE_00560,JPPLDLFD_00268
rhaS_1,rhaS_1,HTH-type transcriptional activator RhaS,3,3,1.0,2,635,,,,879,879,879.0,CHONFCMC_00240,KGGMHOKE_00426,JPPLDLFD_00444
group_299,,hypothetical protein,3,5,1.6666666666666667,2,633,,,,240,1308,783.6,CHONFCMC_00105,KGGMHOKE_00018,JPPLDLFD_00741;JPPLDLFD_00074;JPPLDLFD_00075
group_298,,hypothetical protein,3,3,1.0,2,632,,,,384,423,397.0,CHONFCMC_00686,KGGMHOKE_00912,JPPLDLFD_00907
uup_4,uup_4;,ATP-binding protein Uup;putative ABC transporter ATP-binding protein,3,3,1.0,2,630,,,,1599,1608,1605.0,CHONFCMC_00468,KGGMHOKE_00647,JPPLDLFD_01278
group_296,,hypothetical protein,3,3,1.0,2,626,,,,603,603,603.0,CHONFCMC_00629,KGGMHOKE_00854,JPPLDLFD_00966
group_294,,hypothetical protein,3,3,1.0,2,624,,,,729,729,729.0,CHONFCMC_00351,KGGMHOKE_00538,JPPLDLFD_00246
group_293,,hypothetical protein,3,3,1.0,2,623,,,,531,531,531.0,CHONFCMC_00119,KGGMHOKE_00035,JPPLDLFD_00724
group_292,,hypothetical protein,3,3,1.0,2,622,,,,885,885,885.0,CHONFCMC_00053,KGGMHOKE_01575,JPPLDLFD_00121
yajO,;yajO,hypothetical protein;1-deoxyxylulose-5-phosphate synthase YajO,3,3,1.0,2,621,,,,378,477,411.0,CHONFCMC_00537,KGGMHOKE_00717,JPPLDLFD_01063
nth_2,nth_2,Endonuclease III,3,3,1.0,2,620,,,,651,651,651.0,CHONFCMC_00535,KGGMHOKE_00715,JPPLDLFD_01065
msrA~~~msrA2,msrA;msrA2,Peptide methionine sulfoxide reductase MsrA;Peptide methionine sulfoxide reductase MsrA 2,3,3,1.0,2,619,,,,558,558,558.0,CHONFCMC_00372,KGGMHOKE_00559,JPPLDLFD_00267
degV_2,degV_2,Protein DegV,3,3,1.0,2,618,,,,888,888,888.0,CHONFCMC_00522,KGGMHOKE_00702,JPPLDLFD_00146
patB,patB;,Cystathionine beta-lyase PatB;hypothetical protein,3,3,1.0,2,617,,,,216,1170,851.0,CHONFCMC_00795,KGGMHOKE_01057,JPPLDLFD_01320
group_291,,hypothetical protein,3,3,1.0,2,616,,,,1215,1278,1236.0,CHONFCMC_00645,KGGMHOKE_00870,JPPLDLFD_00949
group_289,,hypothetical protein,3,3,1.0,2,613,,,,891,891,891.0,CHONFCMC_00644,KGGMHOKE_00869,JPPLDLFD_00950
hdfR_1,hdfR_1,HTH-type transcriptional regulator HdfR,3,3,1.0,2,612,,,,891,891,891.0,CHONFCMC_00524,KGGMHOKE_00704,JPPLDLFD_00144
glcU_1,glcU_1,putative glucose uptake protein GlcU,3,3,1.0,2,611,,,,891,891,891.0,CHONFCMC_00492,KGGMHOKE_00670,JPPLDLFD_00178
pstA,pstA,Phosphate transport system permease protein PstA,3,3,1.0,2,610,,,,891,891,891.0,CHONFCMC_00122,KGGMHOKE_00038,JPPLDLFD_00721
group_288,,hypothetical protein,3,3,1.0,2,609,,,,894,894,894.0,CHONFCMC_00810,KGGMHOKE_01075,JPPLDLFD_01305
cvfB,cvfB,Conserved virulence factor B,3,3,1.0,2,607,,,,894,894,894.0,CHONFCMC_00668,KGGMHOKE_00894,JPPLDLFD_00925
group_286,,hypothetical protein,3,3,1.0,2,605,,,,729,729,729.0,CHONFCMC_00394,KGGMHOKE_00581,JPPLDLFD_00655
truB,truB,tRNA pseudouridine synthase B,3,3,1.0,2,604,,,,894,894,894.0,CHONFCMC_00324,KGGMHOKE_00511,JPPLDLFD_00530
rsgA,rsgA,Small ribosomal subunit biogenesis GTPase RsgA,3,3,1.0,2,603,,,,894,894,894.0,CHONFCMC_00273,KGGMHOKE_00459,JPPLDLFD_00478
group_285,,hypothetical protein,3,3,1.0,2,601,,,,477,477,477.0,CHONFCMC_00688,KGGMHOKE_00949,JPPLDLFD_01426
group_284,,hypothetical protein,3,3,1.0,2,599,,,,1377,1377,1377.0,CHONFCMC_00358,KGGMHOKE_00545,JPPLDLFD_00253
comA_2~~~comA_4,comA_2;comA_4,Transport/processing ATP-binding protein ComA,3,3,1.0,2,598,,,,1584,1584,1584.0,CHONFCMC_00495,KGGMHOKE_00675,JPPLDLFD_00173
group_282,,hypothetical protein,3,3,1.0,2,595,,,,588,588,588.0,CHONFCMC_00073,KGGMHOKE_01604,JPPLDLFD_00101
trmK,trmK,tRNA (adenine(22)-N(1))-methyltransferase,3,3,1.0,2,593,,,,684,684,684.0,CHONFCMC_00385,KGGMHOKE_00572,JPPLDLFD_00284
pnbA,pnbA,4-nitrobenzoate reductase,3,3,1.0,2,592,,,,666,666,666.0,CHONFCMC_00232,KGGMHOKE_00418,JPPLDLFD_01048
aes,aes,Acetyl esterase,3,3,1.0,2,591,,,,903,903,903.0,CHONFCMC_00241,KGGMHOKE_00427,JPPLDLFD_00445
murB,murB,UDP-N-acetylenolpyruvoylglucosamine reductase,3,3,1.0,2,590,,,,906,906,906.0,CHONFCMC_00824,KGGMHOKE_00301,JPPLDLFD_00409
nanK,nanK,N-acetylmannosamine kinase,3,3,1.0,2,589,,,,906,906,906.0,CHONFCMC_00239,KGGMHOKE_00425,JPPLDLFD_00443
uup_6~~~comA_3~~~uup_2,uup_6;comA_3;uup_2,ATP-binding protein Uup;Transport/processing ATP-binding protein ComA,3,3,1.0,2,586,,,,1581,1581,1581.0,CHONFCMC_00494,KGGMHOKE_00674,JPPLDLFD_00174
xerD,xerD,Tyrosine recombinase XerD,3,3,1.0,2,583,,,,909,909,909.0,CHONFCMC_00667,KGGMHOKE_00893,JPPLDLFD_00926
group_279,,GTP cyclohydrolase 1 type 2,3,3,1.0,2,582,,,,798,798,798.0,CHONFCMC_00386,KGGMHOKE_00573,JPPLDLFD_00285
group_278,,hypothetical protein,3,3,1.0,2,581,,,,849,1155,1053.0,CHONFCMC_00655,KGGMHOKE_00881,JPPLDLFD_00938
era,era,GTPase Era,3,3,1.0,2,580,,,,909,909,909.0,CHONFCMC_00379,KGGMHOKE_00566,JPPLDLFD_00274
group_277,,hypothetical protein,3,3,1.0,2,579,,,,666,666,666.0,CHONFCMC_00690,KGGMHOKE_00951,JPPLDLFD_01424
gtaB,gtaB,UTP--glucose-1-phosphate uridylyltransferase,3,3,1.0,2,578,,,,909,909,909.0,CHONFCMC_00151,KGGMHOKE_00079,JPPLDLFD_01025
rluD_1,rluD_1,Ribosomal large subunit pseudouridine synthase D,3,3,1.0,2,576,,,,915,915,915.0,CHONFCMC_00517,KGGMHOKE_00697,JPPLDLFD_00151
oppC,oppC,Oligopeptide transport system permease protein OppC,3,3,1.0,2,575,,,,915,915,915.0,CHONFCMC_00285,KGGMHOKE_00471,JPPLDLFD_00490
pepO_2~~~pepO_1,pepO_2;pepO_1,Neutral endopeptidase,3,3,1.0,2,573,,,,864,1944,1584.0,CHONFCMC_00423,KGGMHOKE_00612,JPPLDLFD_01104
glyQ,glyQ,Glycine--tRNA ligase alpha subunit,3,3,1.0,2,572,,,,918,918,918.0,CHONFCMC_00381,KGGMHOKE_00568,JPPLDLFD_00276
group_274,,hypothetical protein,3,3,1.0,2,571,,,,846,846,846.0,CHONFCMC_00596,KGGMHOKE_00759,JPPLDLFD_00988
group_273,,hypothetical protein,3,3,1.0,2,570,,,,696,699,698.0,CHONFCMC_00138,KGGMHOKE_00066,JPPLDLFD_01138
glsA2,glsA2,Glutaminase 2,3,3,1.0,2,569,,,,921,921,921.0,CHONFCMC_00056,KGGMHOKE_01578,JPPLDLFD_00118
group_271,xerC_2,Tyrosine recombinase XerC,3,3,1.0,2,567,,,,924,924,924.0,CHONFCMC_00633,KGGMHOKE_00858,JPPLDLFD_00962
group_270,,hypothetical protein,3,3,1.0,2,565,,,,561,573,565.0,CHONFCMC_00233,KGGMHOKE_00419,JPPLDLFD_01047
degV_1,degV_1,Protein DegV,3,3,1.0,2,564,,,,924,924,924.0,CHONFCMC_00513,KGGMHOKE_00693,JPPLDLFD_00155
group_269,,hypothetical protein,3,3,1.0,2,563,,,,1227,1227,1227.0,CHONFCMC_00427,KGGMHOKE_00616,JPPLDLFD_01100
asd,asd,Aspartate-semialdehyde dehydrogenase,3,3,1.0,2,562,,,,1059,1059,1059.0,CHONFCMC_00425,KGGMHOKE_00614,JPPLDLFD_01102
pyrDB,pyrDB,Dihydroorotate dehydrogenase B (NAD(+)) catalytic subunit,3,3,1.0,2,561,,,,924,924,924.0,CHONFCMC_00403,KGGMHOKE_00592,JPPLDLFD_00664
group_268,,hypothetical protein,3,3,1.0,2,560,,,,924,924,924.0,CHONFCMC_00150,KGGMHOKE_00078,JPPLDLFD_01026
rbsKrbiA,rbsK/rbiA,Bifunctional ribokinase/ribose-5-phosphate isomerase A,3,3,1.0,2,559,,,,924,924,924.0,CHONFCMC_00129,KGGMHOKE_00058,JPPLDLFD_00714
group_267,,hypothetical protein,3,3,1.0,2,558,,,,885,921,897.0,CHONFCMC_00068,KGGMHOKE_01599,JPPLDLFD_00106
ytlR_1~~~ytlR_2~~~ytlR,ytlR_1;ytlR_2;ytlR,Putative lipid kinase YtlR,3,4,1.3333333333333333,2,557,,,,372,936,694.5,CHONFCMC_00715,KGGMHOKE_00977;KGGMHOKE_00976,JPPLDLFD_01399
fetB~~~fetB_2~~~fetB_1,fetB;fetB_2;fetB_1,putative iron export permease protein FetB,3,4,1.3333333333333333,2,556,,,,216,759,561.0,CHONFCMC_00612,KGGMHOKE_00836,JPPLDLFD_00977;JPPLDLFD_00976
aldC,aldC,Alpha-acetolactate decarboxylase,3,3,1.0,2,555,,,,717,717,717.0,CHONFCMC_00610,KGGMHOKE_00834,JPPLDLFD_00979
group_266,,hypothetical protein,3,3,1.0,2,554,,,,1017,1356,1130.0,CHONFCMC_00062,KGGMHOKE_01590,JPPLDLFD_00112
rihB,rihB,Pyrimidine-specific ribonucleoside hydrolase RihB,3,3,1.0,2,553,,,,927,927,927.0,CHONFCMC_00681,KGGMHOKE_00907,JPPLDLFD_00912
group_265,,hypothetical protein,3,3,1.0,2,552,,,,438,438,438.0,CHONFCMC_00235,KGGMHOKE_00421,JPPLDLFD_01045
ldh_1,ldh_1,L-lactate dehydrogenase,3,3,1.0,2,551,,,,927,927,927.0,CHONFCMC_00357,KGGMHOKE_00544,JPPLDLFD_00252
dapX,dapX,putative N-acetyl-LL-diaminopimelate aminotransferase,3,3,1.0,2,550,,,,1185,1185,1185.0,CHONFCMC_00369,KGGMHOKE_00556,JPPLDLFD_00264
group_264,,hypothetical protein,3,3,1.0,2,549,,,,594,606,598.0,CHONFCMC_00108,KGGMHOKE_00021,JPPLDLFD_00738
rnz,rnz,Ribonuclease Z,3,3,1.0,2,548,,,,930,930,930.0,CHONFCMC_00677,KGGMHOKE_00903,JPPLDLFD_00916
group_263,,hypothetical protein,3,3,1.0,2,544,,,,315,315,315.0,CHONFCMC_00114,KGGMHOKE_00030,JPPLDLFD_00730
group_262,,hypothetical protein,3,3,1.0,2,543,,,,495,495,495.0,CHONFCMC_00503,KGGMHOKE_00683,JPPLDLFD_00165
galK_2~~~galK_1,galK_2;galK_1,Galactokinase,3,3,1.0,2,542,,,,918,918,918.0,CHONFCMC_00499,KGGMHOKE_00679,JPPLDLFD_00169
ppaC,ppaC,putative manganese-dependent inorganic pyrophosphatase,3,3,1.0,2,541,,,,936,936,936.0,CHONFCMC_00529,KGGMHOKE_00709,JPPLDLFD_00139
ribCF,ribCF,Bifunctional riboflavin kinase/FMN adenylyltransferase,3,3,1.0,2,540,,,,939,939,939.0,CHONFCMC_00325,KGGMHOKE_00512,JPPLDLFD_00531
whiA,whiA,putative cell division protein WhiA,3,3,1.0,2,539,,,,942,942,942.0,CHONFCMC_00845,KGGMHOKE_00280,JPPLDLFD_00430
mrr,mrr,Type IV methyl-directed restriction enzyme EcoKMrr,3,3,1.0,2,538,,,,942,942,942.0,CHONFCMC_00647,KGGMHOKE_00872,JPPLDLFD_00948
fmt,fmt,Methionyl-tRNA formyltransferase,3,3,1.0,2,534,,,,945,945,945.0,CHONFCMC_00269,KGGMHOKE_00455,JPPLDLFD_00474
rsmH,rsmH,Ribosomal RNA small subunit methyltransferase H,3,3,1.0,2,531,,,,948,948,948.0,CHONFCMC_00739,KGGMHOKE_01002,JPPLDLFD_01375
group_256,,hypothetical protein,3,3,1.0,2,528,,,,720,720,720.0,CHONFCMC_00586,KGGMHOKE_00749,JPPLDLFD_00999
levG_2~~~levG_1~~~levG,levG_2;levG_1;levG,Levansucrase,3,5,1.6666666666666667,2,526,,,,1032,2307,1388.4,CHONFCMC_00797,KGGMHOKE_01060;KGGMHOKE_01059,JPPLDLFD_01318;JPPLDLFD_01319
arcD~~~aaxC_2~~~aaxC_1~~~aaxC,arcD;aaxC_2;aaxC_1;aaxC,Arginine/ornithine antiporter;Arginine/agmatine antiporter,3,5,1.6666666666666667,2,525,,,,312,1434,855.6,CHONFCMC_00076,KGGMHOKE_01609;KGGMHOKE_01607;KGGMHOKE_01608,JPPLDLFD_00098
atpG,atpG,ATP synthase gamma chain,3,3,1.0,2,524,,,,957,957,957.0,CHONFCMC_00771,KGGMHOKE_01033,JPPLDLFD_01344
pyrB,pyrB,Aspartate carbamoyltransferase catalytic subunit,3,3,1.0,2,523,,,,957,957,957.0,CHONFCMC_00405,KGGMHOKE_00594,JPPLDLFD_00666
thyA,thyA,Thymidylate synthase,3,3,1.0,2,522,,,,957,957,957.0,CHONFCMC_00338,KGGMHOKE_00525,JPPLDLFD_00566
mraY,mraY,Phospho-N-acetylmuramoyl-pentapeptide-transferase,3,3,1.0,2,521,,,,960,960,960.0,CHONFCMC_00736,KGGMHOKE_00999,JPPLDLFD_01378
pfkA,pfkA,ATP-dependent 6-phosphofructokinase,3,3,1.0,2,520,,,,960,960,960.0,CHONFCMC_00670,KGGMHOKE_00896,JPPLDLFD_00923
group_254,,hypothetical protein,3,3,1.0,2,519,,,,291,684,553.0,CHONFCMC_00607,KGGMHOKE_00831,JPPLDLFD_00982
group_253,,PhoH-like protein,3,3,1.0,2,518,,,,960,960,960.0,CHONFCMC_00377,KGGMHOKE_00564,JPPLDLFD_00272
btuD_1,btuD_1,Vitamin B12 import ATP-binding protein BtuD,3,3,1.0,2,517,,,,960,960,960.0,CHONFCMC_00154,KGGMHOKE_00402,JPPLDLFD_01023
rhaS_1~~~rhaR_1,rhaS_1;rhaR_1,HTH-type transcriptional activator RhaS;HTH-type transcriptional activator RhaR,3,3,1.0,2,516,,,,837,837,837.0,CHONFCMC_00038,KGGMHOKE_01559,JPPLDLFD_00135
rbsD_2~~~rbsD_1~~~rbsD,rbsD_2;rbsD_1;rbsD,D-ribose pyranase,3,4,1.3333333333333333,2,515,,,,186,396,294.0,CHONFCMC_00491,KGGMHOKE_00669,JPPLDLFD_00180;JPPLDLFD_00179
oppB,oppB,Oligopeptide transport system permease protein OppB,3,3,1.0,2,513,,,,963,963,963.0,CHONFCMC_00284,KGGMHOKE_00470,JPPLDLFD_00489
thrB_2,thrB_2,Homoserine kinase,3,3,1.0,2,512,,,,966,966,966.0,CHONFCMC_00498,KGGMHOKE_00678,JPPLDLFD_00170
cynR~~~hdfR_2,;cynR;hdfR_2,hypothetical protein;HTH-type transcriptional regulator CynR;HTH-type transcriptional regulator HdfR,3,4,1.3333333333333333,2,511,,,,426,954,708.0,CHONFCMC_00530,KGGMHOKE_00710,JPPLDLFD_01070;JPPLDLFD_01071
oppF,oppF,Oligopeptide transport ATP-binding protein OppF,3,3,1.0,2,510,,,,969,969,969.0,CHONFCMC_00283,KGGMHOKE_00469,JPPLDLFD_00488
mltF_2~~~artQ~~~mltF_1,mltF_2;artQ;mltF_1,Membrane-bound lytic murein transglycosylase F;Arginine transport system permease protein ArtQ,3,4,1.3333333333333333,2,509,,,,627,1497,1092.0,CHONFCMC_00117,KGGMHOKE_00033,JPPLDLFD_00727;JPPLDLFD_00726
group_251,,hypothetical protein,3,4,1.3333333333333333,2,508,,,,363,1323,984.0,CHONFCMC_00250,KGGMHOKE_00436,JPPLDLFD_00455;JPPLDLFD_00454
spsB_2,spsB_2,Signal peptidase IB,3,3,1.0,2,504,,,,573,573,573.0,CHONFCMC_00393,KGGMHOKE_00580,JPPLDLFD_00654
pta,pta,Phosphate acetyltransferase,3,3,1.0,2,502,,,,978,978,978.0,CHONFCMC_00827,KGGMHOKE_00298,JPPLDLFD_00412
group_249,,DegV domain-containing protein,3,4,1.3333333333333333,2,501,,,,327,858,645.75,CHONFCMC_00641,KGGMHOKE_00866,JPPLDLFD_00954;JPPLDLFD_00953
group_248,,hypothetical protein,3,3,1.0,2,500,,,,978,978,978.0,CHONFCMC_00395,KGGMHOKE_00582,JPPLDLFD_00656
lacE_2~~~lacE_3~~~lacE_1,lacE_2;lacE_3;lacE_1,PTS system lactose-specific EIICB component,3,4,1.3333333333333333,2,499,,,,771,1698,1265.25,CHONFCMC_00051,KGGMHOKE_01572;KGGMHOKE_01573,JPPLDLFD_00123
group_247,,hypothetical protein,3,3,1.0,2,498,,,,264,303,290.0,CHONFCMC_00473,KGGMHOKE_00652,JPPLDLFD_01297
cbh_1,cbh_1,Bile salt hydrolase/transferase,3,3,1.0,2,496,,,,981,981,981.0,CHONFCMC_00348,KGGMHOKE_00535,JPPLDLFD_00576
galM,galM,Aldose 1-epimerase,3,3,1.0,2,492,,,,987,987,987.0,CHONFCMC_00852,KGGMHOKE_00273,JPPLDLFD_00437
mbl,mbl,Cell shape-determining protein Mbl,3,3,1.0,2,491,,,,990,990,990.0,CHONFCMC_00767,KGGMHOKE_01029,JPPLDLFD_01348
holA,holA,DNA polymerase III subunit delta,3,3,1.0,2,489,,,,990,990,990.0,CHONFCMC_00703,KGGMHOKE_00964,JPPLDLFD_01411
group_245,,hypothetical protein,3,3,1.0,2,488,,,,738,852,814.0,CHONFCMC_00088,KGGMHOKE_00001,JPPLDLFD_00092
group_244,,hypothetical protein,3,3,1.0,2,487,,,,327,327,327.0,CHONFCMC_00245,KGGMHOKE_00431,JPPLDLFD_00449
rimI_1,;rimI_1,hypothetical protein;[Ribosomal protein bS18]-alanine N-acetyltransferase,3,3,1.0,2,486,,,,372,570,504.0,CHONFCMC_00833,KGGMHOKE_00292,JPPLDLFD_00418
ywlC,ywlC,Threonylcarbamoyl-AMP synthase,3,3,1.0,2,485,,,,993,993,993.0,CHONFCMC_00778,KGGMHOKE_01040,JPPLDLFD_01337
group_243,,hypothetical protein,3,3,1.0,2,484,,,,111,111,111.0,CHONFCMC_00627,KGGMHOKE_00852,JPPLDLFD_00968
group_241,,hypothetical protein,3,3,1.0,2,482,,,,996,996,996.0,CHONFCMC_00121,KGGMHOKE_00037,JPPLDLFD_00722
lacR_2,lacR_2,HTH-type transcriptional regulator LacR,3,3,1.0,2,480,,,,1002,1002,1002.0,CHONFCMC_00855,KGGMHOKE_00270,JPPLDLFD_00440
pdxK,pdxK,Pyridoxine/pyridoxal/pyridoxamine kinase,3,3,1.0,2,479,,,,831,858,849.0,CHONFCMC_00246,KGGMHOKE_00432,JPPLDLFD_00450
group_240,,hypothetical protein,3,3,1.0,2,478,,,,135,135,135.0,CHONFCMC_00832,KGGMHOKE_00293,JPPLDLFD_00417
group_239,,hypothetical protein,3,3,1.0,2,477,,,,1002,1002,1002.0,CHONFCMC_00805,KGGMHOKE_01069,JPPLDLFD_01310
group_238,,hypothetical protein,3,3,1.0,2,476,,,,1002,1002,1002.0,CHONFCMC_00801,KGGMHOKE_01064,JPPLDLFD_01314
mreB,mreB,Cell shape-determining protein MreB,3,3,1.0,2,475,,,,1002,1002,1002.0,CHONFCMC_00745,KGGMHOKE_01008,JPPLDLFD_01369
group_237,,hypothetical protein,3,3,1.0,2,474,,,,1497,1737,1657.0,CHONFCMC_00601,KGGMHOKE_00764,JPPLDLFD_00983
plsX,plsX,Phosphate acyltransferase,3,3,1.0,2,473,,,,1002,1002,1002.0,CHONFCMC_00280,KGGMHOKE_00466,JPPLDLFD_00485
group_236,,hypothetical protein,3,3,1.0,2,472,,,,564,564,564.0,CHONFCMC_00628,KGGMHOKE_00853,JPPLDLFD_00967
thiN,thiN,Thiamine pyrophosphokinase,3,3,1.0,2,470,,,,669,669,669.0,CHONFCMC_00275,KGGMHOKE_00461,JPPLDLFD_00480
group_234,,hypothetical protein,3,3,1.0,2,469,,,,303,837,481.0,CHONFCMC_00097,KGGMHOKE_00010,JPPLDLFD_00083
ylbL,ylbL,putative protein YlbL,3,3,1.0,2,468,,,,1014,1014,1014.0,CHONFCMC_00706,KGGMHOKE_00967,JPPLDLFD_01408
oppD,oppD,Oligopeptide transport ATP-binding protein OppD,3,3,1.0,2,466,,,,1011,1011,1011.0,CHONFCMC_00282,KGGMHOKE_00468,JPPLDLFD_00487
oppA_3~~~oppA_5,oppA_3;oppA_5,Oligopeptide-binding protein OppA,3,3,1.0,2,465,,,,1605,1758,1707.0,CHONFCMC_00287,KGGMHOKE_00474,JPPLDLFD_00493
group_233,,putative HTH-type transcriptional regulator,3,3,1.0,2,464,,,,438,438,438.0,CHONFCMC_00608,KGGMHOKE_00832,JPPLDLFD_00981
group_232,,hypothetical protein,3,3,1.0,2,463,,,,282,282,282.0,CHONFCMC_00723,KGGMHOKE_00985,JPPLDLFD_01391
comGA,;comGA,hypothetical protein;Competence protein ComGA,3,4,1.3333333333333333,2,462,,,,141,978,722.25,CHONFCMC_00806,KGGMHOKE_01070;KGGMHOKE_01071,JPPLDLFD_01309
gap,gap,Glyceraldehyde-3-phosphate dehydrogenase,3,3,1.0,2,461,,,,1017,1017,1017.0,CHONFCMC_00840,KGGMHOKE_00285,JPPLDLFD_00425
ansA,ansA,L-asparaginase 1,3,3,1.0,2,460,,,,1017,1017,1017.0,CHONFCMC_00359,KGGMHOKE_00546,JPPLDLFD_00254
group_231,,hypothetical protein,3,3,1.0,2,459,,,,450,450,450.0,CHONFCMC_00490,KGGMHOKE_00668,JPPLDLFD_00181
amiE,amiE,N-acetylmuramyl-L-alanine amidase,3,3,1.0,2,458,,,,1020,1020,1020.0,CHONFCMC_00783,KGGMHOKE_01045,JPPLDLFD_01332
yidA_1,yidA_1,Sugar phosphatase YidA,3,3,1.0,2,457,,,,807,807,807.0,CHONFCMC_00037,KGGMHOKE_01558,JPPLDLFD_00136
fni,fni,Isopentenyl-diphosphate delta-isomerase,3,3,1.0,2,456,,,,1026,1026,1026.0,CHONFCMC_00496,KGGMHOKE_00676,JPPLDLFD_00172
tsf,tsf,Elongation factor Ts,3,3,1.0,2,455,,,,1026,1026,1026.0,CHONFCMC_00310,KGGMHOKE_00497,JPPLDLFD_00516
group_230,,hypothetical protein,3,3,1.0,2,454,,,,1029,1029,1029.0,CHONFCMC_00398,KGGMHOKE_00585,JPPLDLFD_00659
yfiC,yfiC,tRNA1(Val) (adenine(37)-N6)-methyltransferase,3,3,1.0,2,453,,,,1029,1029,1029.0,CHONFCMC_00308,KGGMHOKE_00495,JPPLDLFD_00514
cdaR,cdaR;,CdaA regulatory protein CdaR;hypothetical protein,3,4,1.3333333333333333,2,452,,,,252,969,726.0,CHONFCMC_00818,KGGMHOKE_01083,JPPLDLFD_00402;JPPLDLFD_00403
group_229,,hypothetical protein,3,3,1.0,2,451,,,,318,330,322.0,CHONFCMC_00349,KGGMHOKE_00536,JPPLDLFD_00244
murG_1~~~murG_2~~~murG,murG_1;murG_2;murG,UDP-N-acetylglucosamine--N-acetylmuramyl-(pentapeptide) pyrophosphoryl-undecaprenol N-acetylglucosamine transferase,3,4,1.3333333333333333,2,450,,,,522,1113,822.75,CHONFCMC_00734,KGGMHOKE_00997;KGGMHOKE_00996,JPPLDLFD_01380
cggR,cggR,Central glycolytic genes regulator,3,3,1.0,2,449,,,,1032,1032,1032.0,CHONFCMC_00841,KGGMHOKE_00284,JPPLDLFD_00426
group_228,,hypothetical protein,3,3,1.0,2,448,,,,813,813,813.0,CHONFCMC_00465,KGGMHOKE_00644,JPPLDLFD_01281
group_226,,Putative gluconeogenesis factor,3,3,1.0,2,445,,,,1038,1038,1038.0,CHONFCMC_00846,KGGMHOKE_00279,JPPLDLFD_00431
group_225,,hypothetical protein,3,4,1.3333333333333333,2,443,,,,417,834,626.25,CHONFCMC_00153;CHONFCMC_00152,KGGMHOKE_00401,JPPLDLFD_01024
oppA_2~~~oppA_3,oppA_2;oppA_3;,Oligopeptide-binding protein OppA;hypothetical protein,3,3,1.0,2,442,,,,303,1611,947.0,CHONFCMC_00286,KGGMHOKE_00472,JPPLDLFD_00491
potA_1,potA_1,Spermidine/putrescine import ATP-binding protein PotA,3,3,1.0,2,441,,,,1044,1044,1044.0,CHONFCMC_00065,KGGMHOKE_01596,JPPLDLFD_00109
recQ,recQ,ATP-dependent DNA helicase RecQ,3,3,1.0,2,438,,,,1593,1794,1727.0,CHONFCMC_00528,KGGMHOKE_00708,JPPLDLFD_00140
metN,metN,Methionine import ATP-binding protein MetN,3,3,1.0,2,436,,,,1050,1050,1050.0,CHONFCMC_00353,KGGMHOKE_00540,JPPLDLFD_00248
spuD,spuD,Putrescine-binding periplasmic protein SpuD,3,3,1.0,2,435,,,,1050,1050,1050.0,CHONFCMC_00064,KGGMHOKE_01595,JPPLDLFD_00110
group_222,,hypothetical protein,3,3,1.0,2,434,,,,447,549,515.0,CHONFCMC_00802,KGGMHOKE_01065,JPPLDLFD_01313
pyrAA_2,pyrAA_2,Carbamoyl phosphate synthase pyrimidine-specific small chain,3,3,1.0,2,433,,,,1056,1056,1056.0,CHONFCMC_00518,KGGMHOKE_00698,JPPLDLFD_00150
hrcA,hrcA,Heat-inducible transcription repressor HrcA,3,3,1.0,2,431,,,,1059,1059,1059.0,CHONFCMC_00328,KGGMHOKE_00515,JPPLDLFD_00556
group_219,,hypothetical protein,3,3,1.0,2,429,,,,615,699,671.0,CHONFCMC_00526,KGGMHOKE_00706,JPPLDLFD_00142
yoaB~~~yoaB_2,;yoaB;yoaB_2,Calcium-transporting ATPase;Calcium-transporting ATPase 1,3,4,1.3333333333333333,2,428,,,,1038,2628,1962.0,CHONFCMC_00751;CHONFCMC_00750,KGGMHOKE_01013,JPPLDLFD_01364
xerS,xerS,Tyrosine recombinase XerS,3,3,1.0,2,427,,,,1071,1071,1071.0,CHONFCMC_00525,KGGMHOKE_00705,JPPLDLFD_00143
group_218,,hypothetical protein,3,3,1.0,2,426,,,,306,795,632.0,CHONFCMC_00541,KGGMHOKE_00721,JPPLDLFD_01059
group_217,,hypothetical protein,3,3,1.0,2,425,,,,1248,1248,1248.0,CHONFCMC_00539,KGGMHOKE_00719,JPPLDLFD_01061
potD,potD,Spermidine/putrescine-binding periplasmic protein,3,3,1.0,2,424,,,,1074,1074,1074.0,CHONFCMC_00820,KGGMHOKE_01085,JPPLDLFD_00405
group_216,,Phosphomevalonate kinase,3,3,1.0,2,423,,,,1074,1074,1074.0,CHONFCMC_00497,KGGMHOKE_00677,JPPLDLFD_00171
group_215,,hypothetical protein,3,3,1.0,2,422,,,,1761,1797,1773.0,CHONFCMC_00243,KGGMHOKE_00429,JPPLDLFD_00447
uup_3~~~uup_7,uup_3;uup_7,ATP-binding protein Uup,3,3,1.0,2,421,,,,870,870,870.0,CHONFCMC_00538,KGGMHOKE_00718,JPPLDLFD_01062
ysdC,ysdC,Putative aminopeptidase YsdC,3,3,1.0,2,420,,,,1086,1086,1086.0,CHONFCMC_00074,KGGMHOKE_01605,JPPLDLFD_00100
prfA,prfA,Peptide chain release factor 1,3,3,1.0,2,419,,,,1089,1089,1089.0,CHONFCMC_00780,KGGMHOKE_01042,JPPLDLFD_01335
pyrAA_1,pyrAA_1,Carbamoyl phosphate synthase pyrimidine-specific small chain,3,3,1.0,2,418,,,,1089,1089,1089.0,CHONFCMC_00407,KGGMHOKE_00596,JPPLDLFD_00668
group_214,,hypothetical protein,3,3,1.0,2,417,,,,285,285,285.0,CHONFCMC_00761,KGGMHOKE_01023,JPPLDLFD_01354
group_213,,hypothetical protein,3,3,1.0,2,415,,,,1101,1101,1101.0,CHONFCMC_00523,KGGMHOKE_00703,JPPLDLFD_00145
yidA_3~~~yidA_2,yidA_3;yidA_2,Sugar phosphatase YidA,3,3,1.0,2,414,,,,816,816,816.0,CHONFCMC_00816,KGGMHOKE_01081,JPPLDLFD_00400
group_212,,hypothetical protein,3,3,1.0,2,413,,,,747,747,747.0,CHONFCMC_00598,KGGMHOKE_00761,JPPLDLFD_00986
group_211,,hypothetical protein,3,3,1.0,2,412,,,,1104,1104,1104.0,CHONFCMC_00752,KGGMHOKE_01014,JPPLDLFD_01363
rpsO,rpsO,Small ribosomal subunit protein uS15,3,3,1.0,2,407,,,,270,270,270.0,CHONFCMC_00701,KGGMHOKE_00962,JPPLDLFD_01413
group_210,,Putative phosphatase,3,3,1.0,2,406,,,,822,822,822.0,CHONFCMC_00399,KGGMHOKE_00586,JPPLDLFD_00660
ypdF,ypdF,Aminopeptidase YpdF,3,3,1.0,2,405,,,,1110,1110,1110.0,CHONFCMC_00255,KGGMHOKE_00441,JPPLDLFD_00460
group_209,,hypothetical protein,3,3,1.0,2,404,,,,177,282,247.0,CHONFCMC_00346,KGGMHOKE_00533,JPPLDLFD_00574
group_207,,hypothetical protein,3,3,1.0,2,401,,,,1116,1116,1116.0,CHONFCMC_00540,KGGMHOKE_00720,JPPLDLFD_01060
sigA,sigA,RNA polymerase sigma factor SigA,3,3,1.0,2,398,,,,1122,1122,1122.0,CHONFCMC_00384,KGGMHOKE_00571,JPPLDLFD_00279
ypsC,ypsC,Putative RNA methyltransferase YpsC,3,3,1.0,2,395,,,,1125,1125,1125.0,CHONFCMC_00511,KGGMHOKE_00691,JPPLDLFD_00157
mnmA,mnmA,tRNA-specific 2-thiouridylase MnmA,3,3,1.0,2,394,,,,1128,1128,1128.0,CHONFCMC_00719,KGGMHOKE_00981,JPPLDLFD_01395
group_203,,hypothetical protein,3,3,1.0,2,393,,,,1131,1131,1131.0,CHONFCMC_00231,KGGMHOKE_00417,JPPLDLFD_01049
group_202,,Putative bifunctional phosphatase/peptidyl-prolyl cis-trans isomerase,3,3,1.0,2,392,,,,771,771,771.0,CHONFCMC_00163,KGGMHOKE_00411,JPPLDLFD_01055
group_201,,hypothetical protein,3,3,1.0,2,391,,,,909,909,909.0,CHONFCMC_00161,KGGMHOKE_00409,JPPLDLFD_01015
group_199,,hypothetical protein,3,3,1.0,2,389,,,,849,849,849.0,CHONFCMC_00116,KGGMHOKE_00032,JPPLDLFD_00728
ftsY,ftsY,Signal recognition particle receptor FtsY,3,3,1.0,2,388,,,,1332,1332,1332.0,CHONFCMC_00290,KGGMHOKE_00477,JPPLDLFD_00496
mnaA,mnaA,UDP-N-acetylglucosamine 2-epimerase,3,3,1.0,2,386,,,,1143,1143,1143.0,CHONFCMC_00146,KGGMHOKE_00074,JPPLDLFD_01030
iscS_2,iscS_2,Cysteine desulfurase IscS,3,3,1.0,2,385,,,,1155,1155,1155.0,CHONFCMC_00755,KGGMHOKE_01017,JPPLDLFD_01360
iscS_1,iscS_1,Cysteine desulfurase IscS,3,3,1.0,2,384,,,,1155,1155,1155.0,CHONFCMC_00721,KGGMHOKE_00983,JPPLDLFD_01393
dnaJ,dnaJ,Chaperone protein DnaJ,3,3,1.0,2,358,,,,1167,1167,1167.0,CHONFCMC_00331,KGGMHOKE_00518,JPPLDLFD_00559
galK_2,galK_2,Galactokinase,3,3,1.0,2,357,,,,1170,1170,1170.0,CHONFCMC_00854,KGGMHOKE_00271,JPPLDLFD_00439
cfa,cfa,Cyclopropane-fatty-acyl-phospholipid synthase,3,3,1.0,2,352,,,,1182,1182,1182.0,CHONFCMC_00306,KGGMHOKE_00493,JPPLDLFD_00512
group_172,,hypothetical protein,3,3,1.0,2,351,,,,114,114,114.0,CHONFCMC_00249,KGGMHOKE_00435,JPPLDLFD_00453
ftsW,ftsW,putative peptidoglycan glycosyltransferase FtsW,3,3,1.0,2,349,,,,1185,1185,1185.0,CHONFCMC_00710,KGGMHOKE_00971,JPPLDLFD_01404
group_170,,hypothetical protein,3,3,1.0,2,348,,,,1185,1185,1185.0,CHONFCMC_00242,KGGMHOKE_00428,JPPLDLFD_00446
group_168,,hypothetical protein,3,3,1.0,2,346,,,,129,129,129.0,CHONFCMC_00742,KGGMHOKE_01005,JPPLDLFD_01372
tuf,tuf,Elongation factor Tu,3,3,1.0,2,345,,,,1191,1191,1191.0,CHONFCMC_00698,KGGMHOKE_00959,JPPLDLFD_01416
rodA,rodA,Peptidoglycan glycosyltransferase RodA,3,3,1.0,2,344,,,,1197,1197,1197.0,CHONFCMC_00763,KGGMHOKE_01025,JPPLDLFD_01352
cca,cca,CCA-adding enzyme,3,3,1.0,2,341,,,,1197,1197,1197.0,CHONFCMC_00643,KGGMHOKE_00868,JPPLDLFD_00951
ackA_1,ackA_1,Acetate kinase,3,3,1.0,2,340,,,,1200,1200,1200.0,CHONFCMC_00800,KGGMHOKE_01063,JPPLDLFD_01315
rps1,rps1,Small ribosomal subunit protein bS1,3,3,1.0,2,339,,,,1200,1200,1200.0,CHONFCMC_00659,KGGMHOKE_00885,JPPLDLFD_00934
undec1A,undec1A,Cysteine/Cysteine sulfinic acid decarboxylase,3,3,1.0,2,337,,,,1209,1209,1209.0,CHONFCMC_00809,KGGMHOKE_01074,JPPLDLFD_01306
pgk,pgk,Phosphoglycerate kinase,3,3,1.0,2,336,,,,1212,1212,1212.0,CHONFCMC_00839,KGGMHOKE_00286,JPPLDLFD_00424
sbnD_1,sbnD_1,Staphyloferrin B transporter,3,3,1.0,2,335,,,,1212,1212,1212.0,CHONFCMC_00070,KGGMHOKE_01601,JPPLDLFD_00104
group_164,,hypothetical protein,3,3,1.0,2,334,,,,153,153,153.0,CHONFCMC_00104,KGGMHOKE_00017,JPPLDLFD_00076
thiI,thiI,putative tRNA sulfurtransferase,3,3,1.0,2,333,,,,1218,1218,1218.0,CHONFCMC_00754,KGGMHOKE_01016,JPPLDLFD_01361
nusA,nusA,Transcription termination/antitermination protein NusA,3,3,1.0,2,330,,,,1224,1224,1224.0,CHONFCMC_00319,KGGMHOKE_00506,JPPLDLFD_00525
cpdA,cpdA,3'5'-cyclic adenosine monophosphate phosphodiesterase CpdA,3,3,1.0,2,323,,,,1233,1233,1233.0,CHONFCMC_00512,KGGMHOKE_00692,JPPLDLFD_00156
rpsU,rpsU,Small ribosomal subunit protein bS21,3,3,1.0,2,322,,,,177,177,177.0,CHONFCMC_00375,KGGMHOKE_00562,JPPLDLFD_00270
niaP,niaP,Niacin transporter NiaP,3,3,1.0,2,321,,,,1233,1233,1233.0,CHONFCMC_00087,KGGMHOKE_01620,JPPLDLFD_00093
group_154,,putative tautomerase.1,3,3,1.0,2,319,,,,180,180,180.0,CHONFCMC_00248,KGGMHOKE_00434,JPPLDLFD_00452
yfmL,yfmL,putative ATP-dependent RNA helicase YfmL,3,3,1.0,2,318,,,,1236,1236,1236.0,CHONFCMC_00143,KGGMHOKE_00071,JPPLDLFD_01143
pepT_1,pepT_1,Peptidase T,3,3,1.0,2,317,,,,1248,1248,1248.0,CHONFCMC_00387,KGGMHOKE_00574,JPPLDLFD_00286
rasP,rasP,Regulator of sigma-W protease RasP,3,3,1.0,2,315,,,,1257,1257,1257.0,CHONFCMC_00315,KGGMHOKE_00502,JPPLDLFD_00521
group_152,,hypothetical protein,3,3,1.0,2,314,,,,186,186,186.0,CHONFCMC_00766,KGGMHOKE_01028,JPPLDLFD_01349
fpgS,fpgS,Folylpolyglutamate synthase,3,3,1.0,2,313,,,,1260,1260,1260.0,CHONFCMC_00748,KGGMHOKE_01011,JPPLDLFD_01366
ypiA,ypiA,TPR repeat-containing protein YpiA,3,3,1.0,2,312,,,,1260,1260,1260.0,CHONFCMC_00656,KGGMHOKE_00882,JPPLDLFD_00937
group_151,,hypothetical protein,3,3,1.0,2,311,,,,186,186,186.0,CHONFCMC_00757,KGGMHOKE_01019,JPPLDLFD_01358
clpX,clpX,ATP-dependent Clp protease ATP-binding subunit ClpX,3,3,1.0,2,310,,,,1266,1266,1266.0,CHONFCMC_00696,KGGMHOKE_00957,JPPLDLFD_01418
group_150,,hypothetical protein,3,3,1.0,2,309,,,,186,186,186.0,CHONFCMC_00392,KGGMHOKE_00579,JPPLDLFD_00653
rpmB,rpmB,Large ribosomal subunit protein bL28,3,3,1.0,2,308,,,,186,186,186.0,CHONFCMC_00276,KGGMHOKE_00462,JPPLDLFD_00481
group_149,,hypothetical protein,3,3,1.0,2,307,,,,189,189,189.0,0_refound_2,KGGMHOKE_01066,2_refound_10
group_148,,hypothetical protein,3,3,1.0,2,306,,,,1269,1269,1269.0,CHONFCMC_00691,KGGMHOKE_00952,JPPLDLFD_01423
rpmF,rpmF,Large ribosomal subunit protein bL32,3,3,1.0,2,304,,,,192,192,192.0,CHONFCMC_00674,KGGMHOKE_00900,JPPLDLFD_00919
sasA_1,sasA_1,Adaptive-response sensory-kinase SasA,3,3,1.0,2,303,,,,1275,1275,1275.0,CHONFCMC_00159,KGGMHOKE_00407,JPPLDLFD_01017
obg,obg,GTPase Obg,3,3,1.0,2,302,,,,1287,1287,1287.0,CHONFCMC_00679,KGGMHOKE_00905,JPPLDLFD_00914
pyrC,pyrC,Dihydroorotase,3,3,1.0,2,300,,,,1278,1278,1278.0,CHONFCMC_00406,KGGMHOKE_00595,JPPLDLFD_00667
rarA_1,rarA_1,Replication-associated recombination protein A,3,3,1.0,2,299,,,,1281,1281,1281.0,CHONFCMC_00545,KGGMHOKE_00725,JPPLDLFD_00835
hisS,hisS,Histidine--tRNA ligase,3,3,1.0,2,295,,,,1287,1287,1287.0,CHONFCMC_00367,KGGMHOKE_00554,JPPLDLFD_00262
eno2_1,eno2_1,Enolase 2,3,3,1.0,2,293,,,,1287,1287,1287.0,CHONFCMC_00345,KGGMHOKE_00532,JPPLDLFD_00573
psd_2,psd_2,Phosphatidylserine decarboxylase proenzyme,3,3,1.0,2,292,,,,1287,1287,1287.0,CHONFCMC_00077,KGGMHOKE_01610,JPPLDLFD_00097
psd_1,psd_1,Phosphatidylserine decarboxylase proenzyme,3,3,1.0,2,291,,,,1287,1287,1287.0,CHONFCMC_00075,KGGMHOKE_01606,JPPLDLFD_00099
group_140,,hypothetical protein,3,3,1.0,2,287,,,,201,201,201.0,CHONFCMC_00672,KGGMHOKE_00898,JPPLDLFD_00921
eno2_2,eno2_2,Enolase 2,3,3,1.0,2,285,,,,1299,1299,1299.0,CHONFCMC_00837,KGGMHOKE_00288,JPPLDLFD_00422
group_138,,hypothetical protein,3,3,1.0,2,284,,,,207,207,207.0,CHONFCMC_00798,KGGMHOKE_01061,JPPLDLFD_01317
rarA_2,rarA_2,Replication-associated recombination protein A,3,3,1.0,2,283,,,,1299,1299,1299.0,CHONFCMC_00760,KGGMHOKE_01022,JPPLDLFD_01355
asnS,asnS,Asparagine--tRNA ligase,3,3,1.0,2,282,,,,1299,1299,1299.0,CHONFCMC_00504,KGGMHOKE_00684,JPPLDLFD_00164
der,der,GTPase Der,3,3,1.0,2,281,,,,1308,1308,1308.0,CHONFCMC_00658,KGGMHOKE_00884,JPPLDLFD_00935
cspA,cspA,Cold shock-like protein CspA,3,3,1.0,2,280,,,,210,210,210.0,CHONFCMC_00725,KGGMHOKE_00987,JPPLDLFD_01389
group_137,,Oleate hydratase,3,3,1.0,2,279,,,,1308,1308,1308.0,CHONFCMC_00034,KGGMHOKE_01555,JPPLDLFD_01292
group_135,,hypothetical protein,3,3,1.0,2,277,,,,210,210,210.0,CHONFCMC_00071,KGGMHOKE_01602,JPPLDLFD_00103
steT,steT,Serine/threonine exchanger SteT,3,3,1.0,2,276,,,,1311,1311,1311.0,CHONFCMC_00141,KGGMHOKE_00069,JPPLDLFD_01141
atpH_2,atpH_2,ATP synthase subunit c,3,3,1.0,2,275,,,,213,213,213.0,CHONFCMC_00775,KGGMHOKE_01037,JPPLDLFD_01340
trmFO,trmFO,Methylenetetrahydrofolate--tRNA-(uracil-5-)-methyltransferase TrmFO,3,3,1.0,2,273,,,,1317,1317,1317.0,CHONFCMC_00634,KGGMHOKE_00859,JPPLDLFD_00961
rsmB,rsmB,Ribosomal RNA small subunit methyltransferase B,3,3,1.0,2,272,,,,1317,1317,1317.0,CHONFCMC_00270,KGGMHOKE_00456,JPPLDLFD_00475
rpoZ,rpoZ,DNA-directed RNA polymerase subunit omega,3,3,1.0,2,271,,,,219,219,219.0,CHONFCMC_00267,KGGMHOKE_00453,JPPLDLFD_00472
pepE_1,pepE_1,Aminopeptidase E,3,3,1.0,2,270,,,,1317,1317,1317.0,CHONFCMC_00238,KGGMHOKE_00424,JPPLDLFD_00442
group_131,,hypothetical protein,3,3,1.0,2,266,,,,222,222,222.0,CHONFCMC_00303,KGGMHOKE_00490,JPPLDLFD_00509
group_129,,hypothetical protein,3,3,1.0,2,264,,,,228,228,228.0,CHONFCMC_00764,KGGMHOKE_01026,JPPLDLFD_01351
celB,celB,PTS system cellobiose-specific EIIC component,3,3,1.0,2,263,,,,1332,1332,1332.0,CHONFCMC_00144,KGGMHOKE_00072,JPPLDLFD_01144
pyrP,pyrP,Uracil permease,3,3,1.0,2,261,,,,1332,1332,1332.0,CHONFCMC_00040,KGGMHOKE_01561,JPPLDLFD_00134
rpoY,rpoY,DNA-directed RNA polymerase subunit epsilon,3,3,1.0,2,260,,,,228,228,228.0,CHONFCMC_00713,KGGMHOKE_00974,JPPLDLFD_01401
group_128,,hypothetical protein,3,3,1.0,2,259,,,,228,228,228.0,CHONFCMC_00640,KGGMHOKE_00865,JPPLDLFD_00955
pgi,pgi,Glucose-6-phosphate isomerase,3,3,1.0,2,256,,,,1344,1344,1344.0,CHONFCMC_00788,KGGMHOKE_01050,JPPLDLFD_01327
group_126,,hypothetical protein,3,3,1.0,2,255,,,,1344,1344,1344.0,CHONFCMC_00340,KGGMHOKE_00527,JPPLDLFD_00568
secG,secG,putative protein-export membrane protein SecG,3,3,1.0,2,254,,,,234,234,234.0,CHONFCMC_00836,KGGMHOKE_00289,JPPLDLFD_00421
group_124,,hypothetical protein,3,3,1.0,2,252,,,,234,234,234.0,CHONFCMC_00768,KGGMHOKE_01030,JPPLDLFD_01347
tig,tig,Trigger factor,3,3,1.0,2,251,,,,1350,1350,1350.0,CHONFCMC_00697,KGGMHOKE_00958,JPPLDLFD_01417
murT,murT,Lipid II isoglutaminyl synthase (glutamine-hydrolyzing) subunit MurT,3,3,1.0,2,248,,,,1353,1353,1353.0,CHONFCMC_00782,KGGMHOKE_01044,JPPLDLFD_01333
group_121,,putative transporter,3,3,1.0,2,247,,,,1353,1353,1353.0,CHONFCMC_00684,KGGMHOKE_00910,JPPLDLFD_00909
glmM,glmM,Phosphoglucosamine mutase,3,3,1.0,2,246,,,,1356,1356,1356.0,CHONFCMC_00817,KGGMHOKE_01082,JPPLDLFD_00401
yclM,yclM,Aspartokinase 3,3,3,1.0,2,245,,,,1356,1356,1356.0,CHONFCMC_00424,KGGMHOKE_00613,JPPLDLFD_01103
npr,npr,NADH peroxidase,3,3,1.0,2,243,,,,1365,1365,1365.0,CHONFCMC_00568,KGGMHOKE_00732,JPPLDLFD_00859
acpP,acpP,Acyl carrier protein,3,3,1.0,2,242,,,,243,243,243.0,CHONFCMC_00281,KGGMHOKE_00467,JPPLDLFD_00486
xseB,xseB,Exodeoxyribonuclease 7 small subunit,3,3,1.0,2,240,,,,246,246,246.0,CHONFCMC_00261,KGGMHOKE_00447,JPPLDLFD_00466
group_118,,hypothetical protein,3,3,1.0,2,239,,,,1368,1368,1368.0,CHONFCMC_00103,KGGMHOKE_00016,JPPLDLFD_00077
ftsA,ftsA,Cell division protein FtsA,3,3,1.0,2,237,,,,1371,1371,1371.0,CHONFCMC_00732,KGGMHOKE_00994,JPPLDLFD_01382
group_116,,hypothetical protein,3,3,1.0,2,236,,,,249,249,249.0,CHONFCMC_00302,KGGMHOKE_00489,JPPLDLFD_00508
xseA,xseA,Exodeoxyribonuclease 7 large subunit,3,3,1.0,2,235,,,,1371,1371,1371.0,CHONFCMC_00260,KGGMHOKE_00446,JPPLDLFD_00465
group_115,,hypothetical protein,3,3,1.0,2,234,,,,249,249,249.0,CHONFCMC_00048,KGGMHOKE_01569,JPPLDLFD_00126
ftsZ,ftsZ,Cell division protein FtsZ,3,3,1.0,2,233,,,,1374,1374,1374.0,CHONFCMC_00731,KGGMHOKE_00993,JPPLDLFD_01383
group_114,,NADH:fumarate oxidoreductase,3,3,1.0,2,232,,,,1374,1374,1374.0,CHONFCMC_00356,KGGMHOKE_00543,JPPLDLFD_00251
brnQ_2,brnQ_2,Branched-chain amino acid permease BrnQ,3,3,1.0,2,229,,,,1380,1380,1380.0,CHONFCMC_00597,KGGMHOKE_00760,JPPLDLFD_00987
group_111,,hypothetical protein,3,3,1.0,2,228,,,,1380,1380,1380.0,CHONFCMC_00139,KGGMHOKE_00067,JPPLDLFD_01139
hsrA,hsrA,putative transport protein HsrA,3,3,1.0,2,227,,,,1383,1383,1383.0,CHONFCMC_00787,KGGMHOKE_01049,JPPLDLFD_01328
murD,murD,UDP-N-acetylmuramoylalanine--D-glutamate ligase,3,3,1.0,2,226,,,,1383,1383,1383.0,CHONFCMC_00735,KGGMHOKE_00998,JPPLDLFD_01379
rpsT,rpsT,Small ribosomal subunit protein bS20,3,3,1.0,2,225,,,,258,258,258.0,CHONFCMC_00702,KGGMHOKE_00963,JPPLDLFD_01412
rsmF,rsmF,Ribosomal RNA small subunit methyltransferase F,3,3,1.0,2,223,,,,1392,1392,1392.0,CHONFCMC_00396,KGGMHOKE_00583,JPPLDLFD_00657
clpY,clpY,ATP-dependent protease ATPase subunit ClpY,3,3,1.0,2,222,,,,1395,1395,1395.0,CHONFCMC_00631,KGGMHOKE_00856,JPPLDLFD_00964
yflS,yflS,Putative malate transporter YflS,3,3,1.0,2,217,,,,1416,1416,1416.0,CHONFCMC_00055,KGGMHOKE_01577,JPPLDLFD_00119
gatC_1,gatC_1,PTS system galactitol-specific EIIC component,3,3,1.0,2,216,,,,1419,1419,1419.0,CHONFCMC_00047,KGGMHOKE_01568,JPPLDLFD_00127
pepDA_1,pepDA_1,Dipeptidase A,3,3,1.0,2,215,,,,1425,1425,1425.0,CHONFCMC_00291,KGGMHOKE_00478,JPPLDLFD_00497
fumC,fumC,Fumarate hydratase class II,3,3,1.0,2,212,,,,1428,1428,1428.0,CHONFCMC_00355,KGGMHOKE_00542,JPPLDLFD_00250
lacG_1,lacG_1,6-phospho-beta-galactosidase,3,3,1.0,2,211,,,,1428,1428,1428.0,CHONFCMC_00052,KGGMHOKE_01574,JPPLDLFD_00122
rpsP,rpsP,Small ribosomal subunit protein bS16,3,3,1.0,2,209,,,,273,273,273.0,CHONFCMC_00294,KGGMHOKE_00481,JPPLDLFD_00500
ffh,ffh,Signal recognition particle protein,3,3,1.0,2,208,,,,1431,1431,1431.0,CHONFCMC_00293,KGGMHOKE_00480,JPPLDLFD_00499
hup,hup,DNA-binding protein HU,3,3,1.0,2,207,,,,276,276,276.0,CHONFCMC_00657,KGGMHOKE_00883,JPPLDLFD_00936
atpD,atpD,ATP synthase subunit beta,3,3,1.0,2,203,,,,1443,1443,1443.0,CHONFCMC_00770,KGGMHOKE_01032,JPPLDLFD_01345
ycaM_2,ycaM_2,Inner membrane transporter YcaM,3,3,1.0,2,202,,,,1449,1449,1449.0,CHONFCMC_00843,KGGMHOKE_00282,JPPLDLFD_00428
ctpA,ctpA,Carboxy-terminal processing protease CtpA,3,3,1.0,2,201,,,,1449,1449,1449.0,CHONFCMC_00639,KGGMHOKE_00864,JPPLDLFD_00956
sasA_2,sasA_2,Adaptive-response sensory-kinase SasA,3,3,1.0,2,199,,,,1452,1452,1452.0,CHONFCMC_00791,KGGMHOKE_01053,JPPLDLFD_01324
galT,galT,Galactose-1-phosphate uridylyltransferase,3,3,1.0,2,196,,,,1470,1470,1470.0,CHONFCMC_00853,KGGMHOKE_00272,JPPLDLFD_00438
mdtP_2,mdtP_2,Multidrug transporter protein MdtP,3,3,1.0,2,195,,,,1473,1473,1473.0,CHONFCMC_00234,KGGMHOKE_00420,JPPLDLFD_01046
thrC,thrC,Threonine synthase,3,3,1.0,2,190,,,,1488,1488,1488.0,CHONFCMC_00426,KGGMHOKE_00615,JPPLDLFD_01101
cls_1,cls_1,Cardiolipin synthase,3,3,1.0,2,189,,,,1488,1488,1488.0,CHONFCMC_00337,KGGMHOKE_00524,JPPLDLFD_00565
dtpT,dtpT,Di-/tripeptide transporter,3,3,1.0,2,188,,,,1494,1494,1494.0,CHONFCMC_00086,KGGMHOKE_01619,JPPLDLFD_00094
vmlR_1,vmlR_1,Ribosome protection protein VmlR,3,3,1.0,2,187,,,,1506,1506,1506.0,CHONFCMC_00326,KGGMHOKE_00513,JPPLDLFD_00532
yjeM,yjeM,Inner membrane transporter YjeM,3,3,1.0,2,184,,,,1509,1509,1509.0,CHONFCMC_00336,KGGMHOKE_00523,JPPLDLFD_00564
atpA,atpA,ATP synthase subunit alpha,3,3,1.0,2,183,,,,1512,1512,1512.0,CHONFCMC_00772,KGGMHOKE_01034,JPPLDLFD_01343
group_96,,Putative membrane protein insertion efficiency factor,3,3,1.0,2,182,,,,294,294,294.0,CHONFCMC_00765,KGGMHOKE_01027,JPPLDLFD_01350
group_93,,hypothetical protein,3,3,1.0,2,179,,,,294,294,294.0,CHONFCMC_00594,KGGMHOKE_00757,JPPLDLFD_00990
group_92,,hypothetical protein,3,3,1.0,2,178,,,,294,294,294.0,CHONFCMC_00265,KGGMHOKE_00451,JPPLDLFD_00470
comGC,comGC,Competence protein ComGC,3,3,1.0,2,175,,,,297,297,297.0,CHONFCMC_00804,KGGMHOKE_01068,JPPLDLFD_01311
group_89,,hypothetical protein,3,3,1.0,2,174,,,,297,297,297.0,CHONFCMC_00729,KGGMHOKE_00991,JPPLDLFD_01385
group_88,,hypothetical protein,3,3,1.0,2,173,,,,1539,1539,1539.0,CHONFCMC_00126,KGGMHOKE_00042,JPPLDLFD_00717
group_87,,hypothetical protein,3,3,1.0,2,172,,,,297,297,297.0,CHONFCMC_00320,KGGMHOKE_00507,JPPLDLFD_00526
rpmA,rpmA,Large ribosomal subunit protein bL27,3,3,1.0,2,171,,,,300,300,300.0,CHONFCMC_00254,KGGMHOKE_00440,JPPLDLFD_00459
egtUBC,egtUBC,putative ergothioneine transporter EgtUBC,3,3,1.0,2,169,,,,1548,1548,1548.0,CHONFCMC_00155,KGGMHOKE_00403,JPPLDLFD_01022
cpdB,cpdB,2'3'-cyclic-nucleotide 2'-phosphodiesterase/3'-nucleotidase,3,3,1.0,2,168,,,,1566,1566,1566.0,CHONFCMC_00673,KGGMHOKE_00899,JPPLDLFD_00920
group_84,,hypothetical protein,3,3,1.0,2,166,,,,312,312,312.0,CHONFCMC_00321,KGGMHOKE_00508,JPPLDLFD_00527
rplU,rplU,Large ribosomal subunit protein bL21,3,3,1.0,2,165,,,,312,312,312.0,CHONFCMC_00253,KGGMHOKE_00439,JPPLDLFD_00458
group_83,,hypothetical protein,3,3,1.0,2,164,,,,1596,1596,1596.0,CHONFCMC_00400,KGGMHOKE_00587,JPPLDLFD_00661
group_82,,hypothetical protein,3,3,1.0,2,163,,,,315,315,315.0,CHONFCMC_00046,KGGMHOKE_01567,JPPLDLFD_00128
ybiT,ybiT,putative ATP-binding protein YbiT,3,3,1.0,2,161,,,,1623,1623,1623.0,CHONFCMC_00347,KGGMHOKE_00534,JPPLDLFD_00575
ycaM_1,ycaM_1,Inner membrane transporter YcaM,3,3,1.0,2,157,,,,1650,1650,1650.0,CHONFCMC_00069,KGGMHOKE_01600,JPPLDLFD_00105
rnj1,rnj1,Ribonuclease J 1,3,3,1.0,2,156,,,,1680,1680,1680.0,CHONFCMC_00714,KGGMHOKE_00975,JPPLDLFD_01400
group_78,,putative protein,3,3,1.0,2,155,,,,1665,1665,1665.0,CHONFCMC_00278,KGGMHOKE_00464,JPPLDLFD_00483
group_77,,hypothetical protein,3,3,1.0,2,152,,,,327,327,327.0,CHONFCMC_00675,KGGMHOKE_00901,JPPLDLFD_00918
alsS,alsS,Acetolactate synthase,3,3,1.0,2,151,,,,1680,1680,1680.0,CHONFCMC_00611,KGGMHOKE_00835,JPPLDLFD_00978
group_76,,hypothetical protein,3,3,1.0,2,150,,,,327,327,327.0,CHONFCMC_00397,KGGMHOKE_00584,JPPLDLFD_00658
fhs1,fhs1,Formate--tetrahydrofolate ligase 1,3,3,1.0,2,149,,,,1680,1680,1680.0,CHONFCMC_00515,KGGMHOKE_00695,JPPLDLFD_00153
recN,recN,DNA repair protein RecN,3,3,1.0,2,148,,,,1680,1680,1680.0,CHONFCMC_00264,KGGMHOKE_00450,JPPLDLFD_00469
rqcH,rqcH,Rqc2 RqcH,3,3,1.0,2,147,,,,1692,1692,1692.0,CHONFCMC_00520,KGGMHOKE_00700,JPPLDLFD_00148
group_74,,hypothetical protein,3,3,1.0,2,144,,,,1692,1692,1692.0,CHONFCMC_00361,KGGMHOKE_00548,JPPLDLFD_00256
proS,proS,Proline--tRNA ligase,3,3,1.0,2,143,,,,1698,1698,1698.0,CHONFCMC_00316,KGGMHOKE_00503,JPPLDLFD_00522
ade,ade,Adenine deaminase,3,3,1.0,2,142,,,,1701,1701,1701.0,CHONFCMC_00063,KGGMHOKE_01594,JPPLDLFD_00111
pgcA,pgcA,Phosphoglucomutase,3,3,1.0,2,140,,,,1725,1725,1725.0,CHONFCMC_00851,KGGMHOKE_00274,JPPLDLFD_00436
group_73,,hypothetical protein,3,3,1.0,2,139,,,,336,336,336.0,CHONFCMC_00741,KGGMHOKE_01004,JPPLDLFD_01373
group_72,,hypothetical protein,3,3,1.0,2,138,,,,336,336,336.0,CHONFCMC_00720,KGGMHOKE_00982,JPPLDLFD_01394
group_71,,hypothetical protein,3,3,1.0,2,137,,,,336,336,336.0,CHONFCMC_00709,KGGMHOKE_00970,JPPLDLFD_01405
ezrA,ezrA,Septation ring formation regulator EzrA,3,3,1.0,2,136,,,,1728,1728,1728.0,CHONFCMC_00756,KGGMHOKE_01018,JPPLDLFD_01359
group_69,,putative ABC transporter ATP-binding protein,3,3,1.0,2,134,,,,1734,1734,1734.0,CHONFCMC_00090,KGGMHOKE_00003,JPPLDLFD_00090
oppA_1,oppA_1,Oligopeptide-binding protein OppA,3,3,1.0,2,128,,,,1755,1755,1755.0,CHONFCMC_00236,KGGMHOKE_00422,JPPLDLFD_01044
group_64,,hypothetical protein,3,3,1.0,2,127,,,,342,342,342.0,CHONFCMC_00292,KGGMHOKE_00479,JPPLDLFD_00498
group_62,,hypothetical protein,3,3,1.0,2,125,,,,342,342,342.0,CHONFCMC_00128,KGGMHOKE_00057,JPPLDLFD_00715
yheI_1,yheI_1,putative multidrug resistance ABC transporter ATP-binding/permease protein YheI,3,3,1.0,2,124,,,,1767,1767,1767.0,CHONFCMC_00304,KGGMHOKE_00491,JPPLDLFD_00510
pyk,pyk,Pyruvate kinase,3,3,1.0,2,123,,,,1770,1770,1770.0,CHONFCMC_00669,KGGMHOKE_00895,JPPLDLFD_00924
group_61,,putative ABC transporter ATP-binding protein,3,3,1.0,2,122,,,,1770,1770,1770.0,CHONFCMC_00091,KGGMHOKE_00004,JPPLDLFD_00089
rnj2,rnj2,Ribonuclease J 2,3,3,1.0,2,121,,,,1776,1776,1776.0,CHONFCMC_00700,KGGMHOKE_00961,JPPLDLFD_01414
group_60,,hypothetical protein,3,3,1.0,2,120,,,,345,345,345.0,CHONFCMC_00514,KGGMHOKE_00694,JPPLDLFD_00154
yheH,yheH,putative multidrug resistance ABC transporter ATP-binding/permease protein YheH,3,3,1.0,2,117,,,,1794,1794,1794.0,CHONFCMC_00305,KGGMHOKE_00492,JPPLDLFD_00511
group_58,,hypothetical protein,3,3,1.0,2,116,,,,1794,1794,1794.0,CHONFCMC_00054,KGGMHOKE_01576,JPPLDLFD_00120
rplS,rplS,Large ribosomal subunit protein bL19,3,3,1.0,2,115,,,,351,351,351.0,CHONFCMC_00297,KGGMHOKE_00484,JPPLDLFD_00503
uvrC,uvrC,UvrABC system protein C,3,3,1.0,2,114,,,,1803,1803,1803.0,CHONFCMC_00680,KGGMHOKE_00906,JPPLDLFD_00913
glmS,glmS,Glutamine--fructose-6-phosphate aminotransferase [isomerizing],3,3,1.0,2,112,,,,1812,1812,1812.0,CHONFCMC_00228,KGGMHOKE_00414,JPPLDLFD_01052
dnaG,dnaG,DNA primase,3,3,1.0,2,111,,,,1815,1815,1815.0,CHONFCMC_00383,KGGMHOKE_00570,JPPLDLFD_00278
bipA,bipA,Large ribosomal subunit assembly factor BipA,3,3,1.0,2,110,,,,1833,1833,1833.0,CHONFCMC_00711,KGGMHOKE_00972,JPPLDLFD_01403
lepA_2,lepA_2,Elongation factor 4,3,3,1.0,2,109,,,,1839,1839,1839.0,CHONFCMC_00332,KGGMHOKE_00519,JPPLDLFD_00560
mgsR,mgsR,Regulatory protein MgsR,3,3,1.0,2,108,,,,357,357,357.0,CHONFCMC_00252,KGGMHOKE_00438,JPPLDLFD_00457
lacF_1,lacF_1,PTS system lactose-specific EIIA component,3,3,1.0,2,107,,,,357,357,357.0,CHONFCMC_00050,KGGMHOKE_01571,JPPLDLFD_00124
aspS,aspS,Aspartate--tRNA ligase,3,3,1.0,2,105,,,,1854,1854,1854.0,CHONFCMC_00368,KGGMHOKE_00555,JPPLDLFD_00263
dnaK,dnaK,Chaperone protein DnaK,3,3,1.0,2,103,,,,1872,1872,1872.0,CHONFCMC_00330,KGGMHOKE_00517,JPPLDLFD_00558
fluC2,fluC2,Fluoride-specific ion channel FluC 2,3,3,1.0,2,102,,,,363,363,363.0,CHONFCMC_00814,KGGMHOKE_01079,JPPLDLFD_00398
ftsL_1,ftsL_1,Cell division protein FtsL,3,3,1.0,2,101,,,,363,363,363.0,CHONFCMC_00738,KGGMHOKE_01001,JPPLDLFD_01376
ribT,ribT,Protein RibT,3,3,1.0,2,100,,,,363,363,363.0,CHONFCMC_00666,KGGMHOKE_00892,JPPLDLFD_00927
group_54,,putative protein,3,3,1.0,2,97,,,,363,363,363.0,CHONFCMC_00277,KGGMHOKE_00463,JPPLDLFD_00482
group_51,,hypothetical protein,3,3,1.0,2,94,,,,366,366,366.0,CHONFCMC_00237,KGGMHOKE_00423,JPPLDLFD_00441
oatA,oatA,Peptidoglycan O-acetyltransferase OatA,3,3,1.0,2,93,,,,1926,1926,1926.0,CHONFCMC_00678,KGGMHOKE_00904,JPPLDLFD_00915
group_50,,hypothetical protein,3,3,1.0,2,92,,,,1929,1929,1929.0,CHONFCMC_00100,KGGMHOKE_00013,JPPLDLFD_00080
ytrA,ytrA,HTH-type transcriptional repressor YtrA,3,3,1.0,2,91,,,,369,369,369.0,CHONFCMC_00388,KGGMHOKE_00575,JPPLDLFD_00649
rbfA,rbfA,Ribosome-binding factor A,3,3,1.0,2,90,,,,372,372,372.0,CHONFCMC_00323,KGGMHOKE_00510,JPPLDLFD_00529
parE,parE,DNA topoisomerase IV subunit B ParE,3,3,1.0,2,86,,,,1959,1959,1959.0,CHONFCMC_00532,KGGMHOKE_00712,JPPLDLFD_01068
prkC,prkC,Serine/threonine-protein kinase PrkC,3,3,1.0,2,85,,,,1989,1989,1989.0,CHONFCMC_00272,KGGMHOKE_00458,JPPLDLFD_00477
ytcD,ytcD,putative HTH-type transcriptional regulator YtcD,3,3,1.0,2,84,,,,381,381,381.0,CHONFCMC_00595,KGGMHOKE_00758,JPPLDLFD_00989
group_48,,hypothetical protein,3,3,1.0,2,83,,,,381,381,381.0,CHONFCMC_00364,KGGMHOKE_00551,JPPLDLFD_00259
uvrB_1,uvrB_1,UvrABC system protein B,3,3,1.0,2,81,,,,2016,2016,2016.0,CHONFCMC_00850,KGGMHOKE_00275,JPPLDLFD_00435
recG,recG,ATP-dependent DNA helicase RecG,3,3,1.0,2,80,,,,2040,2040,2040.0,CHONFCMC_00279,KGGMHOKE_00465,JPPLDLFD_00484
fluC1,fluC1,Fluoride-specific ion channel FluC 1,3,3,1.0,2,77,,,,390,390,390.0,CHONFCMC_00815,KGGMHOKE_01080,JPPLDLFD_00399
glyS,glyS,Glycine--tRNA ligase beta subunit,3,3,1.0,2,76,,,,2073,2073,2073.0,CHONFCMC_00382,KGGMHOKE_00569,JPPLDLFD_00277
group_42,,hypothetical protein,3,3,1.0,2,73,,,,393,393,393.0,CHONFCMC_00793,KGGMHOKE_01055,JPPLDLFD_01322
topA,topA,DNA topoisomerase 1,3,3,1.0,2,72,,,,2082,2082,2082.0,CHONFCMC_00635,KGGMHOKE_00860,JPPLDLFD_00960
pbpB,pbpB,Penicillin-binding protein 2B,3,3,1.0,2,69,,,,2151,2151,2151.0,CHONFCMC_00737,KGGMHOKE_01000,JPPLDLFD_01377
comA_2,comA_2,Transport/processing ATP-binding protein ComA,3,3,1.0,2,68,,,,2160,2160,2160.0,CHONFCMC_00107,KGGMHOKE_00020,JPPLDLFD_00739
ltaS2,ltaS2,Lipoteichoic acid synthase 2,3,3,1.0,2,66,,,,2193,2193,2193.0,CHONFCMC_00790,KGGMHOKE_01052,JPPLDLFD_01325
nusB,nusB,Transcription antitermination protein NusB,3,3,1.0,2,64,,,,402,402,402.0,CHONFCMC_00258,KGGMHOKE_00444,JPPLDLFD_00463
relA,relA,GTP pyrophosphokinase,3,3,1.0,2,62,,,,2253,2253,2253.0,CHONFCMC_00365,KGGMHOKE_00552,JPPLDLFD_00260
kdpB,kdpB,Potassium-transporting ATPase ATP-binding subunit,3,3,1.0,2,61,,,,2268,2268,2268.0,CHONFCMC_00341,KGGMHOKE_00528,JPPLDLFD_00569
recJ,recJ,Single-stranded-DNA-specific exonuclease RecJ,3,3,1.0,2,59,,,,2271,2271,2271.0,CHONFCMC_00334,KGGMHOKE_00521,JPPLDLFD_00562
group_36,,hypothetical protein,3,3,1.0,2,58,,,,2283,2283,2283.0,CHONFCMC_00704,KGGMHOKE_00965,JPPLDLFD_01410
rnr,rnr,Ribonuclease R,3,3,1.0,2,56,,,,2340,2340,2340.0,CHONFCMC_00835,KGGMHOKE_00290,JPPLDLFD_00420
group_34,,hypothetical protein,3,3,1.0,2,55,,,,411,411,411.0,CHONFCMC_00521,KGGMHOKE_00701,JPPLDLFD_00147
group_33,,hypothetical protein,3,3,1.0,2,54,,,,411,411,411.0,CHONFCMC_00156,KGGMHOKE_00404,JPPLDLFD_01021
recD2,recD2,ATP-dependent RecD2 DNA helicase,3,3,1.0,2,53,,,,2379,2379,2379.0,CHONFCMC_00716,KGGMHOKE_00978,JPPLDLFD_01398
mtgA_1,mtgA_1,Biosynthetic peptidoglycan transglycosylase,3,3,1.0,2,52,,,,2379,2379,2379.0,CHONFCMC_00507,KGGMHOKE_00687,JPPLDLFD_00161
pepX,pepX,Xaa-Pro dipeptidyl-peptidase,3,3,1.0,2,51,,,,2385,2385,2385.0,CHONFCMC_00160,KGGMHOKE_00408,JPPLDLFD_01016
priA,priA,Replication restart protein PriA,3,3,1.0,2,49,,,,2397,2397,2397.0,CHONFCMC_00268,KGGMHOKE_00454,JPPLDLFD_00473
xpkA,xpkA,Xylulose-5-phosphate phosphoketolase,3,3,1.0,2,48,,,,2406,2406,2406.0,CHONFCMC_00136,KGGMHOKE_00064,JPPLDLFD_00708
group_31,,hypothetical protein,3,3,1.0,2,47,,,,417,417,417.0,CHONFCMC_00803,KGGMHOKE_01067,JPPLDLFD_01312
ctpE,ctpE,Calcium-transporting ATPase CtpE,3,3,1.0,2,46,,,,2427,2427,2427.0,CHONFCMC_00360,KGGMHOKE_00547,JPPLDLFD_00255
parC,parC,DNA topoisomerase IV subunit A ParC,3,3,1.0,2,45,,,,2481,2481,2481.0,CHONFCMC_00531,KGGMHOKE_00711,JPPLDLFD_01069
group_30,,hypothetical protein,3,3,1.0,2,44,,,,420,420,420.0,CHONFCMC_00229,KGGMHOKE_00415,JPPLDLFD_01051
uvrA_1,uvrA_1,UvrABC system protein A,3,3,1.0,2,41,,,,2511,2511,2511.0,CHONFCMC_00579,KGGMHOKE_00742,JPPLDLFD_00861
pepN,pepN,Aminopeptidase N,3,3,1.0,2,40,,,,2535,2535,2535.0,CHONFCMC_00162,KGGMHOKE_00410,JPPLDLFD_01056
valS,valS,Valine--tRNA ligase,3,3,1.0,2,37,,,,2640,2640,2640.0,CHONFCMC_00749,KGGMHOKE_01012,JPPLDLFD_01365
lepA_1,lepA_1,Elongation factor 4,3,3,1.0,2,36,,,,2646,2646,2646.0,CHONFCMC_00322,KGGMHOKE_00509,JPPLDLFD_00528
group_25,,hypothetical protein,3,3,1.0,2,35,,,,429,429,429.0,CHONFCMC_00299,KGGMHOKE_00486,JPPLDLFD_00505
lacA,lacA,Galactose-6-phosphate isomerase subunit LacA,3,3,1.0,2,34,,,,429,429,429.0,CHONFCMC_00042,KGGMHOKE_01563,JPPLDLFD_00132
group_24,,hypothetical protein,3,3,1.0,2,33,,,,429,429,429.0,CHONFCMC_00035,KGGMHOKE_01556,JPPLDLFD_00138
mraZ,mraZ,Transcriptional regulator MraZ,3,3,1.0,2,32,,,,432,432,432.0,CHONFCMC_00740,KGGMHOKE_01003,JPPLDLFD_01374
mgtA,mgtA,Magnesium-transporting ATPase P-type 1,3,3,1.0,2,31,,,,2679,2679,2679.0,CHONFCMC_00578,KGGMHOKE_00741,JPPLDLFD_00860
ppc,ppc,Phosphoenolpyruvate carboxylase,3,3,1.0,2,28,,,,2739,2739,2739.0,CHONFCMC_00411,KGGMHOKE_00600,JPPLDLFD_00672
group_20,,hypothetical protein,3,3,1.0,2,26,,,,432,432,432.0,CHONFCMC_00072,KGGMHOKE_01603,JPPLDLFD_00102
ileS,ileS,isoleucine--tRNA ligase IleS,3,3,1.0,2,25,,,,2802,2802,2802.0,CHONFCMC_00726,KGGMHOKE_00988,JPPLDLFD_01388
pacL,pacL,Calcium-transporting ATPase,3,3,1.0,2,24,,,,2802,2802,2802.0,CHONFCMC_00115,KGGMHOKE_00031,JPPLDLFD_00729
dinG_1,dinG_1,3'-5' exonuclease DinG,3,3,1.0,2,23,,,,2814,2814,2814.0,CHONFCMC_00502,KGGMHOKE_00682,JPPLDLFD_00166
uvrA_2,uvrA_2,UvrABC system protein A,3,3,1.0,2,22,,,,2862,2862,2862.0,CHONFCMC_00849,KGGMHOKE_00276,JPPLDLFD_00434
sepF,sepF,Cell division protein SepF,3,3,1.0,2,21,,,,435,435,435.0,CHONFCMC_00730,KGGMHOKE_00992,JPPLDLFD_01384
gpsB_1,gpsB_1,Cell cycle adapter protein GpsB,3,3,1.0,2,18,,,,438,438,438.0,CHONFCMC_00510,KGGMHOKE_00690,JPPLDLFD_00158
dtd,dtd,D-aminoacyl-tRNA deacylase,3,3,1.0,2,17,,,,438,438,438.0,CHONFCMC_00366,KGGMHOKE_00553,JPPLDLFD_00261
dnaE,dnaE,DNA polymerase III subunit alpha,3,3,1.0,2,16,,,,3117,3117,3117.0,CHONFCMC_00671,KGGMHOKE_00897,JPPLDLFD_00922
carB_2,carB_2,Carbamoyl phosphate synthase large chain,3,3,1.0,2,15,,,,3165,3165,3165.0,CHONFCMC_00519,KGGMHOKE_00699,JPPLDLFD_00149
carB_1,carB_1,Carbamoyl phosphate synthase large chain,3,3,1.0,2,14,,,,3189,3189,3189.0,CHONFCMC_00408,KGGMHOKE_00597,JPPLDLFD_00669
group_18,,hypothetical protein,3,3,1.0,2,13,,,,441,441,441.0,CHONFCMC_00786,KGGMHOKE_01048,JPPLDLFD_01329
atpC,atpC,ATP synthase epsilon chain,3,3,1.0,2,11,,,,441,441,441.0,CHONFCMC_00769,KGGMHOKE_01031,JPPLDLFD_01346
addB,addB,ATP-dependent helicase/deoxyribonuclease subunit B,3,3,1.0,2,10,,,,3477,3477,3477.0,CHONFCMC_00500,KGGMHOKE_00680,JPPLDLFD_00168
smc_1,smc_1,Chromosome partition protein Smc,3,3,1.0,2,9,,,,3561,3561,3561.0,CHONFCMC_00289,KGGMHOKE_00476,JPPLDLFD_00495
group_16,,hypothetical protein,3,3,1.0,2,8,,,,441,441,441.0,CHONFCMC_00089,KGGMHOKE_00002,JPPLDLFD_00091
addA,addA,ATP-dependent helicase/nuclease subunit A,3,3,1.0,2,7,,,,3615,3615,3615.0,CHONFCMC_00501,KGGMHOKE_00681,JPPLDLFD_00167
yqeY,yqeY,putative protein YqeY,3,3,1.0,2,6,,,,444,444,444.0,CHONFCMC_00376,KGGMHOKE_00563,JPPLDLFD_00271
polC_1,polC_1,DNA polymerase III PolC-type,3,3,1.0,2,5,,,,4299,4299,4299.0,CHONFCMC_00317,KGGMHOKE_00504,JPPLDLFD_00523
group_15,,putative protein,3,3,1.0,2,4,,,,447,447,447.0,CHONFCMC_00257,KGGMHOKE_00443,JPPLDLFD_00462
group_14,,Flavodoxin,3,3,1.0,2,3,,,,447,447,447.0,CHONFCMC_00148,KGGMHOKE_00076,JPPLDLFD_01028
tagU_2~~~tagU_1,tagU_2;tagU_1,Polyisoprenyl-teichoic acid--peptidoglycan teichoic acid transferase TagU,3,3,1.0,2,1,,,,1005,1005,1005.0,CHONFCMC_00687,KGGMHOKE_00948,JPPLDLFD_01427
mdtP_1,mdtP_1,Multidrug transporter protein MdtP,3,3,1.0,1,31,,,,1458,1458,1458.0,CHONFCMC_00006,KGGMHOKE_01526,JPPLDLFD_00794
group_11,,hypothetical protein,3,3,1.0,1,29,,,,996,996,996.0,CHONFCMC_00025,KGGMHOKE_01545,JPPLDLFD_00774
bmr3_1,bmr3_1,Multidrug resistance protein 3,3,3,1.0,1,28,,,,1479,1479,1479.0,CHONFCMC_00030,KGGMHOKE_01550,JPPLDLFD_00769
uup_6~~~uup_1,uup_6;uup_1,ATP-binding protein Uup,3,3,1.0,1,27,,,,339,1572,1161.0,CHONFCMC_00033,KGGMHOKE_01553,JPPLDLFD_01289
msrC,msrC,Free methionine-R-sulfoxide reductase,3,3,1.0,1,26,,,,459,459,459.0,CHONFCMC_00024,KGGMHOKE_01544,JPPLDLFD_00775
group_10,,hypothetical protein,3,3,1.0,1,25,,,,669,669,669.0,CHONFCMC_00022,KGGMHOKE_01542,JPPLDLFD_00778
group_8,,hypothetical protein,3,3,1.0,1,23,,,,1134,1134,1134.0,CHONFCMC_00010,KGGMHOKE_01530,JPPLDLFD_00790
group_7,,hypothetical protein,3,3,1.0,1,22,,,,651,651,651.0,CHONFCMC_00007,KGGMHOKE_01527,JPPLDLFD_00793
nnrD,nnrD,ADP-dependent (S)-NAD(P)H-hydrate dehydratase,3,3,1.0,1,21,,,,846,846,846.0,CHONFCMC_00012,KGGMHOKE_01532,JPPLDLFD_00788
leuS,leuS,Leucine--tRNA ligase,3,3,1.0,1,20,,,,2415,2415,2415.0,CHONFCMC_00008,KGGMHOKE_01528,JPPLDLFD_00792
hpt_1,hpt_1,Hypoxanthine-guanine phosphoribosyltransferase,3,3,1.0,1,19,,,,537,537,537.0,CHONFCMC_00021,KGGMHOKE_01541,JPPLDLFD_00779
group_6,,hypothetical protein,3,3,1.0,1,18,,,,939,939,939.0,CHONFCMC_00027,KGGMHOKE_01547,JPPLDLFD_00772
group_5,,hypothetical protein,3,3,1.0,1,17,,,,318,318,318.0,CHONFCMC_00017,KGGMHOKE_01537,JPPLDLFD_00783
dacA,dacA,D-alanyl-D-alanine carboxypeptidase DacA,3,3,1.0,1,16,,,,954,954,954.0,CHONFCMC_00014,KGGMHOKE_01534,JPPLDLFD_00786
uup_5~~~comA_1~~~uup_9,uup_5;comA_1;uup_9,ATP-binding protein Uup;Transport/processing ATP-binding protein ComA,3,3,1.0,1,15,,,,624,1587,1254.0,CHONFCMC_00032,KGGMHOKE_01552,JPPLDLFD_01288
group_4,,hypothetical protein,3,3,1.0,1,14,,,,783,783,783.0,CHONFCMC_00028,KGGMHOKE_01548,JPPLDLFD_00771
tag,tag,DNA-3-methyladenine glycosylase 1,3,3,1.0,1,13,,,,567,567,567.0,CHONFCMC_00026,KGGMHOKE_01546,JPPLDLFD_00773
group_3,,hypothetical protein,3,3,1.0,1,12,,,,108,108,108.0,CHONFCMC_00020,KGGMHOKE_01540,JPPLDLFD_00780
group_2,,hypothetical protein,3,3,1.0,1,11,,,,678,678,678.0,CHONFCMC_00013,KGGMHOKE_01533,JPPLDLFD_00787
yhfK,;yhfK,hypothetical protein;putative sugar epimerase YhfK,3,4,1.3333333333333333,1,10,,,,186,633,453.75,CHONFCMC_00023,KGGMHOKE_01543,JPPLDLFD_00776;JPPLDLFD_00777
murJ,murJ,Lipid II flippase MurJ,3,3,1.0,1,9,,,,1659,1659,1659.0,CHONFCMC_00009,KGGMHOKE_01529,JPPLDLFD_00791
group_1,,hypothetical protein,3,3,1.0,1,8,,,,747,747,747.0,CHONFCMC_00011,KGGMHOKE_01531,JPPLDLFD_00789
argS,argS,Arginine--tRNA ligase,3,3,1.0,1,7,,,,1677,1677,1677.0,CHONFCMC_00015,KGGMHOKE_01535,JPPLDLFD_00785
metK,metK,S-adenosylmethionine synthase,3,3,1.0,1,6,,,,1209,1209,1209.0,CHONFCMC_00005,KGGMHOKE_01525,JPPLDLFD_00795
fba,fba,Fructose-bisphosphate aldolase,3,3,1.0,1,5,,,,918,918,918.0,CHONFCMC_00016,KGGMHOKE_01536,JPPLDLFD_00784
bmr3_2,bmr3_2,Multidrug resistance protein 3,3,3,1.0,1,4,,,,1452,1452,1452.0,CHONFCMC_00031,KGGMHOKE_01551,JPPLDLFD_00768
group_0,,hypothetical protein,3,3,1.0,1,3,,,,333,333,333.0,CHONFCMC_00019,KGGMHOKE_01539,JPPLDLFD_00781
gla,gla,Glycerol facilitator-aquaporin gla,3,3,1.0,1,2,,,,756,756,756.0,CHONFCMC_00029,KGGMHOKE_01549,JPPLDLFD_00770
yjaB,yjaB;,Peptidyl-lysine N-acetyltransferase YjaB;hypothetical protein,3,3,1.0,1,1,,,,270,456,332.0,CHONFCMC_00018,KGGMHOKE_01538,JPPLDLFD_00782
group_887,,hypothetical protein,2,2,1.0,14,87,,,,720,720,720.0,,KGGMHOKE_00352,JPPLDLFD_00645
group_884,,hypothetical protein,2,2,1.0,14,79,,,,735,735,735.0,,KGGMHOKE_00351,JPPLDLFD_00646
natA,natA,ABC transporter ATP-binding protein NatA,2,2,1.0,14,65,,,,771,771,771.0,,KGGMHOKE_00350,JPPLDLFD_00647
group_876,,hypothetical protein,2,2,1.0,14,62,,,,537,537,537.0,CHONFCMC_01779,,JPPLDLFD_00228
group_860,,hypothetical protein,2,2,1.0,14,35,,,,90,90,90.0,,KGGMHOKE_00349,JPPLDLFD_00648
group_825,,hypothetical protein,2,2,1.0,11,88,,,,735,795,765.0,,KGGMHOKE_01764,JPPLDLFD_01522
group_819,,putative phosphotransferase enzyme IIB component,2,2,1.0,11,78,,,,495,495,495.0,CHONFCMC_01649,KGGMHOKE_01771,
chbG,chbG,Chitooligosaccharide deacetylase,2,2,1.0,11,53,,,,789,789,789.0,CHONFCMC_01652,KGGMHOKE_01768,
group_811,agaC,N-acetylgalactosamine permease IIC component 1,2,2,1.0,11,44,,,,816,816,816.0,CHONFCMC_01650,KGGMHOKE_01770,
manZ_6,manZ_6,PTS system mannose-specific EIID component,2,2,1.0,11,27,,,,855,855,855.0,CHONFCMC_01651,KGGMHOKE_01769,
rpoN,rpoN,RNA polymerase sigma-54 factor,2,2,1.0,11,21,,,,1242,1242,1242.0,CHONFCMC_01646,KGGMHOKE_01774,
norR,norR,Anaerobic nitric oxide reductase transcription regulator NorR,2,2,1.0,11,16,,,,2547,2547,2547.0,CHONFCMC_01647,KGGMHOKE_01773,
group_797,,hypothetical protein,2,2,1.0,11,14,,,,429,429,429.0,CHONFCMC_01648,KGGMHOKE_01772,
group_785,,hypothetical protein,2,2,1.0,10,27,,,,405,6573,3489.0,,KGGMHOKE_01131,JPPLDLFD_00678
group_774,,hypothetical protein,2,2,1.0,9,56,,,,819,819,819.0,,KGGMHOKE_01142,JPPLDLFD_00870
group_769,,hypothetical protein,2,2,1.0,9,47,,,,531,531,531.0,CHONFCMC_01571,KGGMHOKE_01153,
group_767,,hypothetical protein,2,2,1.0,9,43,,,,465,465,465.0,,KGGMHOKE_01141,JPPLDLFD_00871
group_760,,hypothetical protein,2,2,1.0,9,17,,,,744,744,744.0,,KGGMHOKE_01147,JPPLDLFD_00865
group_759,,hypothetical protein,2,2,1.0,9,16,,,,387,453,420.0,,KGGMHOKE_01148,JPPLDLFD_01287
bcrA_2,bcrA_2,Bacitracin transport ATP-binding protein BcrA,2,2,1.0,8,294,,,,705,705,705.0,CHONFCMC_01507,KGGMHOKE_01220,
group_749,,hypothetical protein,2,2,1.0,8,283,,,,900,936,918.0,CHONFCMC_01331,,JPPLDLFD_01845
group_737,,hypothetical protein,2,2,1.0,8,255,,,,729,729,729.0,CHONFCMC_01508,KGGMHOKE_01219,
group_713,,hypothetical protein,2,2,1.0,8,176,,,,1077,1077,1077.0,CHONFCMC_01351,KGGMHOKE_01668,
group_707,,hypothetical protein,2,2,1.0,8,157,,,,342,549,445.5,CHONFCMC_01419,,JPPLDLFD_01722
group_704,,hypothetical protein,2,2,1.0,8,153,,,,408,408,408.0,,KGGMHOKE_01645,JPPLDLFD_01679
group_693,,hypothetical protein,2,2,1.0,8,121,,,,4701,8541,6621.0,CHONFCMC_01323,KGGMHOKE_01698,
group_672,,hypothetical protein,2,3,1.5,8,66,,,,225,735,471.0,CHONFCMC_01509,KGGMHOKE_01217;KGGMHOKE_01218,
group_662,,hypothetical protein,2,3,1.5,8,39,,,,264,1197,802.0,CHONFCMC_01281;CHONFCMC_01282,KGGMHOKE_01904,
smc_2,smc_2,Chromosome partition protein Smc,2,2,1.0,8,38,,,,2871,2904,2887.5,CHONFCMC_01327,KGGMHOKE_01694,
sorB_2,sorB_2,PTS system sorbose-specific EIIB component,2,2,1.0,7,165,,,,480,480,480.0,CHONFCMC_01127,KGGMHOKE_00312,
bglK_2~~~bglK_1,;bglK_2;bglK_1,hypothetical protein;Beta-glucoside kinase,2,3,1.5,7,151,,,,459,897,607.0,,KGGMHOKE_01797;KGGMHOKE_01796,JPPLDLFD_01576
gtfA_2,gtfA_2,Sucrose phosphorylase,2,2,1.0,7,148,,,,1443,1443,1443.0,CHONFCMC_01148,KGGMHOKE_01811,
yfeW,yfeW,Putative D-alanyl-D-alanine carboxypeptidase,2,2,1.0,7,128,,,,1032,1032,1032.0,CHONFCMC_01128,KGGMHOKE_00311,
rhaR,rhaR,HTH-type transcriptional activator RhaR,2,2,1.0,7,126,,,,1038,1038,1038.0,,KGGMHOKE_01801,JPPLDLFD_01572
uup_2,uup_2,ATP-binding protein Uup,2,2,1.0,7,122,,,,1593,1593,1593.0,,KGGMHOKE_00228,JPPLDLFD_00032
group_618,,hypothetical protein,2,2,1.0,7,119,,,,1197,1275,1236.0,,KGGMHOKE_01800,JPPLDLFD_01573
group_613,,hypothetical protein,2,2,1.0,7,112,,,,1419,1578,1498.5,,KGGMHOKE_01799,JPPLDLFD_01574
group_610,,hypothetical protein,2,2,1.0,7,104,,,,321,324,322.5,,KGGMHOKE_00249,JPPLDLFD_01629
group_604,,hypothetical protein,2,2,1.0,7,94,,,,831,831,831.0,CHONFCMC_01101,,JPPLDLFD_01620
group_597,,hypothetical protein,2,2,1.0,7,79,,,,285,285,285.0,,KGGMHOKE_00251,JPPLDLFD_01628
degA,;degA,hypothetical protein;HTH-type transcriptional regulator DegA,2,3,1.5,7,74,,,,306,951,602.0,CHONFCMC_01149,KGGMHOKE_01812;KGGMHOKE_01813,
nagZ,nagZ,Beta-hexosaminidase,2,2,1.0,7,72,,,,1935,1935,1935.0,CHONFCMC_01124,KGGMHOKE_00315,
pepO_2,pepO_2,Neutral endopeptidase,2,2,1.0,7,71,,,,1947,1947,1947.0,CHONFCMC_01157,KGGMHOKE_01822,
manZ_3,manZ_3,PTS system mannose-specific EIID component,2,2,1.0,7,63,,,,855,855,855.0,CHONFCMC_01126,KGGMHOKE_00313,
group_583,,hypothetical protein,2,2,1.0,7,45,,,,867,867,867.0,CHONFCMC_01156,KGGMHOKE_01821,
group_582,,hypothetical protein,2,2,1.0,7,44,,,,1227,1227,1227.0,,KGGMHOKE_01798,JPPLDLFD_01575
group_579,,hypothetical protein,2,2,1.0,7,38,,,,411,411,411.0,,KGGMHOKE_01832,JPPLDLFD_01548
sorC,sorC,PTS system sorbose-specific EIIC component,2,2,1.0,7,36,,,,873,873,873.0,CHONFCMC_01125,KGGMHOKE_00314,
group_513,,hypothetical protein,2,2,1.0,3,168,,,,1218,1893,1555.5,,KGGMHOKE_01395,JPPLDLFD_01273
mdtD,;mdtD,hypothetical protein;Putative multidrug resistance protein MdtD,2,2,1.0,3,122,,,,375,1395,885.0,CHONFCMC_00950,,JPPLDLFD_01243
dpaL,dpaL,Diaminopropionate ammonia-lyase,2,2,1.0,3,118,,,,501,1182,841.5,CHONFCMC_00949,KGGMHOKE_01427,
group_495,,hypothetical protein,2,2,1.0,3,116,,,,564,792,678.0,,KGGMHOKE_01393,JPPLDLFD_00742
group_493,,hypothetical protein,2,2,1.0,3,114,,,,147,147,147.0,,KGGMHOKE_01390,JPPLDLFD_00745
group_488,,hypothetical protein,2,2,1.0,3,102,,,,786,786,786.0,,KGGMHOKE_01389,JPPLDLFD_00746
group_473,,hypothetical protein,2,2,1.0,3,77,,,,465,465,465.0,,KGGMHOKE_01388,JPPLDLFD_00747
res,res,Type III restriction-modification enzyme EcoP15I Res subunit,2,2,1.0,3,20,,,,2979,2979,2979.0,,KGGMHOKE_01392,JPPLDLFD_00743
gmuR_2,gmuR_2;,HTH-type transcriptional regulator GmuR;hypothetical protein,2,2,1.0,3,6,,,,249,711,480.0,CHONFCMC_00962,,JPPLDLFD_01244
ribH,ribH,67-dimethyl-8-ribityllumazine synthase,2,2,1.0,2,942,,,,462,462,462.0,CHONFCMC_00567,,JPPLDLFD_00858
sorB_1,sorB_1,PTS system sorbose-specific EIIB component,2,2,1.0,2,925,,,,495,495,495.0,CHONFCMC_00079,KGGMHOKE_01612,
group_416,,hypothetical protein,2,2,1.0,2,913,,,,519,519,519.0,CHONFCMC_00557,,JPPLDLFD_00848
ogt_1,ogt_1,Methylated-DNA--protein-cysteine methyltransferase,2,2,1.0,2,912,,,,522,522,522.0,CHONFCMC_00552,,JPPLDLFD_00843
group_412,,hypothetical protein,2,2,1.0,2,903,,,,537,537,537.0,,KGGMHOKE_00874,JPPLDLFD_00946
ykwC_2,ykwC_2,putative oxidoreductase YkwC,2,2,1.0,2,899,,,,546,546,546.0,CHONFCMC_00556,,JPPLDLFD_00847
group_410,,hypothetical protein,2,2,1.0,2,895,,,,552,552,552.0,CHONFCMC_00559,,JPPLDLFD_00850
rfbC,rfbC,dTDP-4-dehydrorhamnose 35-epimerase,2,2,1.0,2,871,,,,609,609,609.0,,KGGMHOKE_00927,JPPLDLFD_00894
aadR,aadR,Transcriptional activatory protein AadR,2,2,1.0,2,857,,,,630,630,630.0,CHONFCMC_00558,,JPPLDLFD_00849
group_393,,hypothetical protein,2,2,1.0,2,849,,,,645,645,645.0,,KGGMHOKE_00914,JPPLDLFD_00905
ydfK,ydfK,putative membrane protein YdfK,2,2,1.0,2,802,,,,732,732,732.0,CHONFCMC_00416,KGGMHOKE_00605,
group_372,,hypothetical protein,2,2,1.0,2,785,,,,891,891,891.0,CHONFCMC_00796,KGGMHOKE_01058,
ywqE,ywqE,Tyrosine-protein phosphatase YwqE,2,2,1.0,2,782,,,,771,771,771.0,,KGGMHOKE_00945,JPPLDLFD_01430
sorA_1,sorA_1,PTS system sorbose-specific EIIC component,2,2,1.0,2,762,,,,798,798,798.0,CHONFCMC_00080,KGGMHOKE_01613,
group_356,,hypothetical protein,2,2,1.0,2,750,,,,639,681,660.0,CHONFCMC_00651,KGGMHOKE_00878,
group_354,,hypothetical protein,2,2,1.0,2,747,,,,171,273,222.0,CHONFCMC_00476,,JPPLDLFD_00194
claer,cla-er,CLA biosynthesis enone reductase,2,2,1.0,2,745,,,,645,645,645.0,CHONFCMC_00452,,JPPLDLFD_01098
group_348,,hypothetical protein,2,2,1.0,2,735,,,,312,312,312.0,CHONFCMC_00616,KGGMHOKE_00840,
group_347,,hypothetical protein,2,2,1.0,2,733,,,,1191,1194,1192.5,CHONFCMC_00482,KGGMHOKE_00660,
sftI,sftI,Sulfoquinovose isomerase,2,2,1.0,2,732,,,,1455,1455,1455.0,CHONFCMC_00433,KGGMHOKE_00622,
group_346,,hypothetical protein,2,2,1.0,2,731,,,,258,258,258.0,CHONFCMC_00615,KGGMHOKE_00839,
group_342,,hypothetical protein,2,2,1.0,2,727,,,,375,375,375.0,CHONFCMC_00618,KGGMHOKE_00843,
group_341,,hypothetical protein,2,3,1.5,2,725,,,,264,4410,2940.0,CHONFCMC_00653;CHONFCMC_00654,KGGMHOKE_00880,
galR~~~purR_1,galR;purR_1,HTH-type transcriptional regulator GalR;HTH-type transcriptional repressor PurR,2,2,1.0,2,724,,,,1020,1020,1020.0,CHONFCMC_00432,KGGMHOKE_00621,
manZ_1,manZ_1,PTS system mannose-specific EIID component,2,2,1.0,2,722,,,,834,834,834.0,CHONFCMC_00081,KGGMHOKE_01614,
group_339,,hypothetical protein,2,3,1.5,2,721,,,,147,645,431.0,CHONFCMC_00459;CHONFCMC_00460,KGGMHOKE_00639,
htpX_1~~~htpX_2,htpX_1;htpX_2,Protease HtpX,2,3,1.5,2,719,,,,414,918,592.0,,KGGMHOKE_00918;KGGMHOKE_00919,JPPLDLFD_00902
group_338,,hypothetical protein,2,3,1.5,2,718,,,,1710,8985,4258.0,CHONFCMC_00603,KGGMHOKE_00828;KGGMHOKE_00767,
group_335,,hypothetical protein,2,2,1.0,2,713,,,,840,840,840.0,,KGGMHOKE_00916,JPPLDLFD_00903
cap8A,cap8A,Capsular polysaccharide type 8 biosynthesis protein cap8A,2,2,1.0,2,708,,,,861,873,867.0,,KGGMHOKE_00947,JPPLDLFD_01428
ywrO_1~~~ywrO~~~ywrO_2,ywrO_1;ywrO;ywrO_2,General stress protein 14,2,3,1.5,2,706,,,,219,459,302.0,CHONFCMC_00551,,JPPLDLFD_00841;JPPLDLFD_00842
group_333,,hypothetical protein,2,2,1.0,2,705,,,,453,453,453.0,,KGGMHOKE_00728,JPPLDLFD_00838
adh,adh,Alcohol dehydrogenase,2,2,1.0,2,701,,,,1041,1041,1041.0,CHONFCMC_00619,KGGMHOKE_00844,
group_330,,hypothetical protein,2,2,1.0,2,700,,,,909,909,909.0,CHONFCMC_00437,KGGMHOKE_00628,
licT_1,licT_1,Transcription antiterminator LicT,2,2,1.0,2,699,,,,843,843,843.0,CHONFCMC_00435,KGGMHOKE_00626,
aptA,aptA,Apulose-4-phosphate transketolase subunit A,2,2,1.0,2,690,,,,834,834,834.0,CHONFCMC_00431,KGGMHOKE_00620,
uup_2~~~msbA_2,uup_2;msbA_2,ATP-binding protein Uup;ATP-dependent lipid A-core flippase,2,2,1.0,2,688,,,,1578,1578,1578.0,CHONFCMC_00470,KGGMHOKE_00649,
group_325,,Aldo-keto reductase/MSMEI_2346;Aldo-keto reductase/MSMEI_2347,2,2,1.0,2,684,,,,822,822,822.0,CHONFCMC_00576,KGGMHOKE_00739,
group_320,,hypothetical protein,2,2,1.0,2,674,,,,1827,1848,1837.5,CHONFCMC_00606,KGGMHOKE_00830,
group_317,,hypothetical protein,2,3,1.5,2,670,,,,930,3117,2048.0,CHONFCMC_00602,KGGMHOKE_00766;KGGMHOKE_00765,
fbiB,fbiB;,Bifunctional F420 biosynthesis protein FbiB;hypothetical protein,2,2,1.0,2,659,,,,192,714,453.0,CHONFCMC_00484,KGGMHOKE_00661,
group_308,,hypothetical protein,2,2,1.0,2,652,,,,864,864,864.0,CHONFCMC_00621,KGGMHOKE_00846,
ywqD,ywqD,Tyrosine-protein kinase YwqD,2,2,1.0,2,634,,,,720,762,741.0,,KGGMHOKE_00946,JPPLDLFD_01429
mutX,mutX,8-oxo-dGTP diphosphatase,2,2,1.0,2,629,,,,444,444,444.0,,KGGMHOKE_00915,JPPLDLFD_00904
bglF_1~~~bglF_2,bglF_1;bglF_2,PTS system beta-glucoside-specific EIIBCA component,2,2,1.0,2,628,,,,2031,2193,2112.0,CHONFCMC_00436,KGGMHOKE_00627,
group_297,,hypothetical protein,2,2,1.0,2,627,,,,1296,1296,1296.0,CHONFCMC_00434,KGGMHOKE_00625,
group_295,,hypothetical protein,2,2,1.0,2,625,,,,537,537,537.0,CHONFCMC_00620,KGGMHOKE_00845,
lpdC,lpdC,Gallate decarboxylase,2,2,1.0,2,615,,,,1401,1485,1443.0,CHONFCMC_00418,KGGMHOKE_00607,
group_290,,hypothetical protein,2,2,1.0,2,614,,,,1353,1353,1353.0,,KGGMHOKE_00876,JPPLDLFD_00944
cas9,cas9,CRISPR-associated endonuclease Cas9,2,2,1.0,2,608,,,,4161,4161,4161.0,,KGGMHOKE_00925,JPPLDLFD_00896
group_287,,hypothetical protein,2,2,1.0,2,606,,,,729,729,729.0,,KGGMHOKE_00873,JPPLDLFD_00947
bioC,bioC,Malonyl-[acyl-carrier protein] O-methyltransferase,2,2,1.0,2,602,,,,1176,1176,1176.0,,KGGMHOKE_00930,JPPLDLFD_00891
oxyR,oxyR,DNA-binding transcriptional dual regulator OxyR,2,2,1.0,2,600,,,,897,897,897.0,CHONFCMC_00417,KGGMHOKE_00606,
rfbA,rfbA,Glucose-1-phosphate thymidylyltransferase 1,2,2,1.0,2,596,,,,885,885,885.0,,KGGMHOKE_00928,JPPLDLFD_00893
cas1,cas1,CRISPR-associated endonuclease Cas1,2,2,1.0,2,587,,,,909,909,909.0,,KGGMHOKE_00924,JPPLDLFD_00897
group_280,,hypothetical protein,2,2,1.0,2,585,,,,1533,1533,1533.0,CHONFCMC_00440,KGGMHOKE_00632,
cytR_1~~~rbsR,cytR_1;rbsR,HTH-type transcriptional repressor CytR;Ribose operon repressor,2,2,1.0,2,584,,,,960,963,961.5,CHONFCMC_00438,KGGMHOKE_00630,
group_276,,hypothetical protein,2,2,1.0,2,577,,,,912,912,912.0,,KGGMHOKE_00875,JPPLDLFD_00945
group_275,,hypothetical protein,2,2,1.0,2,574,,,,210,282,246.0,CHONFCMC_00039,KGGMHOKE_01560,
aptB,aptB,Apulose-4-phosphate transketolase subunit B,2,2,1.0,2,566,,,,942,942,942.0,CHONFCMC_00430,KGGMHOKE_00619,
lmrA,lmrA,Multidrug resistance ABC transporter ATP-binding and permease protein,2,2,1.0,2,546,,,,996,996,996.0,CHONFCMC_00577,KGGMHOKE_00740,
siwR,siwR,Stress-involved WYL domain-containing regulator,2,2,1.0,2,545,,,,933,933,933.0,CHONFCMC_00565,,JPPLDLFD_00856
group_261,,hypothetical protein,2,2,1.0,2,537,,,,2271,2271,2271.0,CHONFCMC_00461,KGGMHOKE_00640,
group_260,,hypothetical protein,2,2,1.0,2,536,,,,540,729,634.5,CHONFCMC_00462,KGGMHOKE_00641,
gdx,;gdx,hypothetical protein;Guanidinium exporter,2,2,1.0,2,535,,,,216,321,268.5,CHONFCMC_00549,,JPPLDLFD_00840
group_259,,hypothetical protein,2,3,1.5,2,532,,,,285,846,557.0,CHONFCMC_00604;CHONFCMC_00605,KGGMHOKE_00829,
group_252,,hypothetical protein,2,2,1.0,2,514,,,,669,669,669.0,,KGGMHOKE_00922,JPPLDLFD_00899
purR_1,purR_1,HTH-type transcriptional repressor PurR,2,2,1.0,2,507,,,,972,972,972.0,CHONFCMC_00057,,JPPLDLFD_00117
rmlD,rmlD,dTDP-4-dehydrorhamnose reductase,2,2,1.0,2,497,,,,987,987,987.0,,KGGMHOKE_00926,JPPLDLFD_00895
lpdB,lpdB,Flavin prenyltransferase LpdB,2,2,1.0,2,495,,,,564,564,564.0,CHONFCMC_00419,KGGMHOKE_00608,
ccpA_1,ccpA_1,Catabolite control protein A,2,2,1.0,2,494,,,,984,984,984.0,CHONFCMC_00084,KGGMHOKE_01617,
fetA_1,fetA_1,putative iron export ATP-binding protein FetA,2,2,1.0,2,493,,,,549,642,595.5,CHONFCMC_00563,,JPPLDLFD_00854
group_246,,hypothetical protein,2,2,1.0,2,490,,,,201,201,201.0,,KGGMHOKE_00921,JPPLDLFD_00900
group_242,,hypothetical protein,2,2,1.0,2,483,,,,315,447,381.0,CHONFCMC_00553,,JPPLDLFD_00844
ykwC_1,ykwC_1,putative oxidoreductase YkwC,2,2,1.0,2,481,,,,195,195,195.0,CHONFCMC_00555,,JPPLDLFD_00846
rffG,rffG,dTDP-glucose 46-dehydratase 2,2,2,1.0,2,447,,,,1038,1038,1038.0,,KGGMHOKE_00929,JPPLDLFD_00892
group_227,,hypothetical protein,2,2,1.0,2,446,,,,222,396,309.0,,KGGMHOKE_00671,JPPLDLFD_00177
cas2,cas2,CRISPR-associated endoribonuclease Cas2,2,2,1.0,2,444,,,,198,321,259.5,,KGGMHOKE_00923,JPPLDLFD_00898
ribA,ribA,GTP cyclohydrolase-2,2,2,1.0,2,440,,,,291,291,291.0,CHONFCMC_00566,,JPPLDLFD_00857
group_223,,hypothetical protein,2,2,1.0,2,437,,,,663,663,663.0,CHONFCMC_00646,KGGMHOKE_00871,
group_206,,hypothetical protein,2,2,1.0,2,400,,,,120,471,295.5,CHONFCMC_00562,,JPPLDLFD_00853
group_205,,hypothetical protein,2,2,1.0,2,399,,,,270,270,270.0,CHONFCMC_00422,KGGMHOKE_00611,
group_175,,hypothetical protein,2,2,1.0,2,356,,,,102,102,102.0,,KGGMHOKE_00022,2_refound_8
group_174,,hypothetical protein,2,2,1.0,2,355,,,,105,105,105.0,,KGGMHOKE_00026,JPPLDLFD_00734
group_171,,hypothetical protein,2,2,1.0,2,350,,,,117,117,117.0,CHONFCMC_00554,,JPPLDLFD_00845
group_163,,hypothetical protein,2,2,1.0,2,332,,,,1224,1224,1224.0,,KGGMHOKE_00673,JPPLDLFD_00175
group_158,,hypothetical protein,2,2,1.0,2,326,,,,1227,1227,1227.0,CHONFCMC_00439,KGGMHOKE_00631,
group_145,,hypothetical protein,2,2,1.0,2,297,,,,198,198,198.0,,KGGMHOKE_00028,JPPLDLFD_00732
group_144,,hypothetical protein,2,2,1.0,2,296,,,,198,198,198.0,,KGGMHOKE_00024,JPPLDLFD_00736
group_139,,hypothetical protein,2,2,1.0,2,286,,,,201,201,201.0,CHONFCMC_00453,,JPPLDLFD_01096
group_136,,hypothetical protein,2,2,1.0,2,278,,,,210,210,210.0,CHONFCMC_00475,KGGMHOKE_00654,
group_134,,hypothetical protein,2,2,1.0,2,274,,,,216,216,216.0,0_refound_3,,JPPLDLFD_00834
lafA,lafA,Bacteriocin lactacin-F subunit LafA,2,2,1.0,2,262,,,,228,228,228.0,,KGGMHOKE_00023,JPPLDLFD_00737
group_127,,hypothetical protein,2,2,1.0,2,258,,,,231,231,231.0,,KGGMHOKE_00029,JPPLDLFD_00731
copZ,copZ,Copper chaperone CopZ,2,2,1.0,2,257,,,,231,231,231.0,CHONFCMC_00560,,JPPLDLFD_00851
group_106,,hypothetical protein,2,2,1.0,2,214,,,,270,270,270.0,CHONFCMC_00486,KGGMHOKE_00663,
glpK,glpK,Glycerol kinase,2,2,1.0,2,198,,,,1452,1452,1452.0,CHONFCMC_00429,KGGMHOKE_00618,
group_101,,hypothetical protein,2,2,1.0,2,194,,,,285,285,285.0,,KGGMHOKE_00027,JPPLDLFD_00733
group_94,,hypothetical protein,2,2,1.0,2,180,,,,1524,1524,1524.0,CHONFCMC_00421,KGGMHOKE_00610,
malL_2,malL_2,Oligo-16-glucosidase,2,2,1.0,2,154,,,,1668,1668,1668.0,CHONFCMC_00083,KGGMHOKE_01616,
malL_1,malL_1,Oligo-16-glucosidase 1,2,2,1.0,2,153,,,,1671,1671,1671.0,CHONFCMC_00059,,JPPLDLFD_00115
group_67,,hypothetical protein,2,2,1.0,2,132,,,,339,339,339.0,,KGGMHOKE_00025,JPPLDLFD_00735
group_59,,hypothetical protein,2,2,1.0,2,118,,,,348,348,348.0,CHONFCMC_00485,KGGMHOKE_00662,
group_55,,hypothetical protein,2,2,1.0,2,99,,,,1917,1917,1917.0,CHONFCMC_00622,KGGMHOKE_00847,
cadA,cadA,Cadmium-transporting ATPase,2,2,1.0,2,98,,,,1902,1902,1902.0,CHONFCMC_00561,,JPPLDLFD_00852
scrA_1,scrA_1,PTS system sucrose-specific EIIBCA component,2,2,1.0,2,89,,,,1941,1941,1941.0,CHONFCMC_00058,,JPPLDLFD_00116
lpdD,lpdD,Protein LpdD,2,2,1.0,2,87,,,,375,375,375.0,CHONFCMC_00420,KGGMHOKE_00609,
group_47,,hypothetical protein,2,2,1.0,2,82,,,,2007,2007,2007.0,CHONFCMC_00085,KGGMHOKE_01618,
group_46,,FMN-binding protein,2,2,1.0,2,79,,,,387,387,387.0,CHONFCMC_00564,,JPPLDLFD_00855
melA,melA,Alpha-galactosidase Mel36A,2,2,1.0,2,67,,,,2187,2187,2187.0,CHONFCMC_00060,,JPPLDLFD_00114
group_37,,hypothetical protein,2,2,1.0,2,60,,,,405,405,405.0,,KGGMHOKE_00913,JPPLDLFD_00906
group_26,,hypothetical protein,2,2,1.0,2,38,,,,426,426,426.0,,KGGMHOKE_00920,JPPLDLFD_00901
group_21,,hypothetical protein,2,2,1.0,2,27,,,,432,432,432.0,CHONFCMC_00082,KGGMHOKE_01615,
group_9,,hypothetical protein,2,2,1.0,1,24,,,,153,360,256.5,,KGGMHOKE_01554,JPPLDLFD_01290
group_895,,hypothetical protein,1,1,1.0,17,1,,,,720,720,720.0,,KGGMHOKE_01394,
melR,melR,Melibiose operon regulatory protein,1,1,1.0,16,3,,,,837,837,837.0,,KGGMHOKE_01193,
group_894,,Beta-xylosidase,1,1,1.0,16,2,,,,2217,2217,2217.0,,KGGMHOKE_01191,
gmuC_2,gmuC_2,PTS system oligo-beta-mannoside-specific EIIC component,1,1,1.0,16,1,,,,1272,1272,1272.0,,KGGMHOKE_01192,
simA,simA,6-phospho-alpha-glucosidase 1,1,1,1.0,14,94,,,,1344,1344,1344.0,,,JPPLDLFD_00238
malP_2,malP_2,PTS system maltose-specific EIICB component,1,1,1.0,14,93,,,,234,234,234.0,,,JPPLDLFD_00237
gatA_1,gatA_1,PTS system galactitol-specific EIIA component,1,1,1.0,14,92,,,,459,459,459.0,,KGGMHOKE_00101,
group_889,,hypothetical protein,1,1,1.0,14,90,,,,474,474,474.0,,KGGMHOKE_00106,
group_885,gatC_1,PTS system galactitol-specific EIIC component,1,1,1.0,14,84,,,,1386,1386,1386.0,,KGGMHOKE_00103,
lacC,lacC,Tagatose-6-phosphate kinase,1,1,1.0,14,83,,,,954,954,954.0,,KGGMHOKE_00099,
crr,crr,PTS system glucose-specific EIIA component,1,1,1.0,14,81,,,,492,492,492.0,,,JPPLDLFD_00233
group_882,,hypothetical protein,1,1,1.0,14,77,,,,270,270,270.0,,KGGMHOKE_00104,
group_880,,hypothetical protein,1,1,1.0,14,73,,,,510,510,510.0,,,JPPLDLFD_00234
group_878,lacR_1,Lactose phosphotransferase system repressor,1,1,1.0,14,70,,,,753,753,753.0,,KGGMHOKE_00100,
mtnB,mtnB,Methylthioribulose-1-phosphate dehydratase,1,1,1.0,14,63,,,,774,774,774.0,,KGGMHOKE_00105,
dacA_1,dacA_1,D-alanyl-D-alanine carboxypeptidase DacA,1,1,1.0,14,59,,,,546,546,546.0,,,JPPLDLFD_00634
group_870,,hypothetical protein,1,1,1.0,14,55,,,,321,321,321.0,,KGGMHOKE_00102,
malP_1,malP_1,PTS system maltose-specific EIICB component,1,1,1.0,14,54,,,,1626,1626,1626.0,,,JPPLDLFD_00236
glvR_1,glvR_1,HTH-type transcriptional regulator GlvR,1,1,1.0,14,52,,,,810,810,810.0,,,JPPLDLFD_00235
group_867,yidA_1,Sugar phosphatase YidA,1,1,1.0,14,49,,,,819,819,819.0,,KGGMHOKE_00098,
group_853,,hypothetical protein,1,1,1.0,14,23,,,,174,174,174.0,,,JPPLDLFD_01034
group_842,,hypothetical protein,1,1,1.0,14,5,,,,1332,1332,1332.0,,,JPPLDLFD_00633
group_841,,hypothetical protein,1,1,1.0,14,4,,,,7350,7350,7350.0,CHONFCMC_01769,,
group_828,,hypothetical protein,1,1,1.0,12,1,,,,1542,1542,1542.0,CHONFCMC_01716,,
group_822,,hypothetical protein,1,1,1.0,11,84,,,,471,471,471.0,,,JPPLDLFD_01519
group_818,,hypothetical protein,1,1,1.0,11,77,,,,276,276,276.0,,,JPPLDLFD_01520
group_816,,hypothetical protein,1,1,1.0,11,71,,,,516,516,516.0,,,JPPLDLFD_01521
group_801,,hypothetical protein,1,1,1.0,11,25,,,,645,645,645.0,,,JPPLDLFD_01516
group_798,,hypothetical protein,1,1,1.0,11,15,,,,192,192,192.0,,,JPPLDLFD_01518
group_791,vmlR_2,Ribosome protection protein VmlR,1,1,1.0,11,2,,,,693,693,693.0,,,JPPLDLFD_01517
group_778,,hypothetical protein,1,1,1.0,10,5,,,,4563,4563,4563.0,CHONFCMC_01591,,
group_775,,Putative beta-xylosidase,1,1,1.0,9,58,,,,2229,2229,2229.0,CHONFCMC_01580,,
rhaS_4,rhaS_4,HTH-type transcriptional activator RhaS,1,1,1.0,9,45,,,,828,828,828.0,CHONFCMC_01579,,
group_768,,hypothetical protein,1,1,1.0,9,44,,,,291,291,291.0,CHONFCMC_01537,,
scrB_1,scrB_1,Sucrose-6-phosphate hydrolase,1,1,1.0,9,38,,,,1530,1530,1530.0,CHONFCMC_01582,,
group_762,,hypothetical protein,1,1,1.0,9,24,,,,1176,1176,1176.0,CHONFCMC_01538,,
scrA_2,scrA_2,PTS system sucrose-specific EIIBCA component,1,1,1.0,9,20,,,,1965,1965,1965.0,CHONFCMC_01581,,
group_753,,hypothetical protein,1,1,1.0,9,1,,,,153,153,153.0,,KGGMHOKE_01135,
group_725,,hypothetical protein,1,1,1.0,8,220,,,,528,528,528.0,CHONFCMC_01423,,
group_721,,Zinc-type alcohol dehydrogenase-like protein,1,1,1.0,8,208,,,,1020,1020,1020.0,,KGGMHOKE_01304,
uup_11,uup_11,ATP-binding protein Uup,1,1,1.0,8,196,,,,1575,1575,1575.0,,KGGMHOKE_01688,
hlyB,hlyB,Alpha-hemolysin translocation ATP-binding protein HlyB,1,1,1.0,8,190,,,,1584,1584,1584.0,CHONFCMC_01414,,
uup_12,uup_12,ATP-binding protein Uup,1,1,1.0,8,189,,,,1590,1590,1590.0,,KGGMHOKE_01689,
group_712,,hypothetical protein,1,1,1.0,8,171,,,,807,807,807.0,,,JPPLDLFD_01849
yybR,yybR,putative HTH-type transcriptional regulator YybR,1,1,1.0,8,158,,,,336,336,336.0,,KGGMHOKE_01305,
azoR,azoR,FMN dependent NADH:quinone oxidoreductase,1,1,1.0,8,145,,,,582,582,582.0,CHONFCMC_01424,,
group_689,,hypothetical protein,1,1,1.0,8,112,,,,849,849,849.0,,KGGMHOKE_01699,
group_674,,hypothetical protein,1,1,1.0,8,70,,,,411,411,411.0,,,JPPLDLFD_01809
group_670,,hypothetical protein,1,1,1.0,8,61,,,,417,417,417.0,,,JPPLDLFD_01655
eno,eno,Enolase,1,1,1.0,8,43,,,,1287,1287,1287.0,,KGGMHOKE_01293,
group_657,,hypothetical protein,1,1,1.0,8,29,,,,210,210,210.0,,,JPPLDLFD_01654
group_639,,hypothetical protein,1,1,1.0,7,175,,,,1356,1356,1356.0,,,JPPLDLFD_00008
group_635,,hypothetical protein,1,1,1.0,7,159,,,,261,261,261.0,,KGGMHOKE_00250,
sorB,sorB,PTS system sorbose-specific EIIB component,1,1,1.0,7,156,,,,492,492,492.0,,,JPPLDLFD_01577
rbsR,rbsR,Ribose operon repressor,1,1,1.0,7,149,,,,981,981,981.0,,,JPPLDLFD_01582
group_630,bglA_1,6-phospho-beta-glucosidase BglA,1,1,1.0,7,145,,,,1455,1455,1455.0,CHONFCMC_01147,,
group_629,licC_3,Lichenan permease IIC component,1,1,1.0,7,142,,,,1458,1458,1458.0,,,JPPLDLFD_01596
group_625,yfeW,Putative D-alanyl-D-alanine carboxypeptidase,1,1,1.0,7,133,,,,1017,1017,1017.0,,,JPPLDLFD_01597
group_622,,hypothetical protein,1,1,1.0,7,125,,,,549,549,549.0,,KGGMHOKE_00259,
group_621,,hypothetical protein,1,1,1.0,7,124,,,,795,795,795.0,,,JPPLDLFD_01593
mupG_2,mupG_2,6-phospho-N-acetylmuramidase,1,1,1.0,7,111,,,,1092,1092,1092.0,,,JPPLDLFD_01594
agaC,agaC,N-acetylgalactosamine permease IIC component 1,1,1,1.0,7,102,,,,825,825,825.0,,,JPPLDLFD_01578
group_608,,hypothetical protein,1,1,1.0,7,101,,,,345,345,345.0,,,JPPLDLFD_01630
group_603,manZ_2,PTS system mannose-specific EIID component,1,1,1.0,7,92,,,,834,834,834.0,,,JPPLDLFD_01579
bglF_5,bglF_5,PTS system beta-glucoside-specific EIIBCA component,1,1,1.0,7,76,,,,1899,1899,1899.0,,KGGMHOKE_01810,
group_595,,hypothetical protein,1,1,1.0,7,68,,,,129,129,129.0,,KGGMHOKE_00225,
group_590,,hypothetical protein,1,1,1.0,7,59,,,,858,858,858.0,,,JPPLDLFD_00038
ramC,ramC,putative SapB synthase,1,1,1.0,7,57,,,,1212,1212,1212.0,,KGGMHOKE_00226,
group_587,,hypothetical protein,1,1,1.0,7,50,,,,2205,2205,2205.0,,,JPPLDLFD_01581
group_576,,hypothetical protein,1,1,1.0,7,32,,,,417,417,417.0,,,JPPLDLFD_01580
murK_2,murK_2,N-acetylmuramic acid/N-acetylglucosamine kinase,1,1,1.0,7,31,,,,885,885,885.0,,,JPPLDLFD_01595
group_575,,hypothetical protein,1,1,1.0,7,30,,,,1260,1260,1260.0,,KGGMHOKE_00227,
group_568,,hypothetical protein,1,1,1.0,7,17,,,,2955,2955,2955.0,CHONFCMC_01222,,
licC_2,licC_2,Lichenan permease IIC component,1,1,1.0,7,12,,,,1305,1305,1305.0,CHONFCMC_01146,,
group_559,,hypothetical protein,1,1,1.0,7,2,,,,11058,11058,11058.0,CHONFCMC_01221,,
galE_1,galE_1,UDP-glucose 4-epimerase,1,1,1.0,5,1,,,,993,993,993.0,CHONFCMC_01067,,
group_530,,hypothetical protein,1,1,1.0,3,206,,,,459,459,459.0,,KGGMHOKE_01364,
deoC2,deoC2,Deoxyribose-phosphate aldolase 2,1,1,1.0,3,200,,,,714,714,714.0,CHONFCMC_00961,,
group_527,,hypothetical protein,1,1,1.0,3,198,,,,1371,1371,1371.0,,KGGMHOKE_01348,
btuD_2,btuD_2,Vitamin B12 import ATP-binding protein BtuD,1,1,1.0,3,194,,,,954,954,954.0,,,JPPLDLFD_01233
rbsB,rbsB,Ribose import binding protein RbsB,1,1,1.0,3,187,,,,963,963,963.0,CHONFCMC_00957,,
group_525,,hypothetical protein,1,1,1.0,3,185,,,,738,738,738.0,,KGGMHOKE_01382,
group_524,,hypothetical protein,1,1,1.0,3,184,,,,1422,1422,1422.0,,KGGMHOKE_01380,
manX_1,manX_1,PTS system mannose-specific EIIAB component,1,1,1.0,3,182,,,,504,504,504.0,CHONFCMC_00955,,
group_521,,hypothetical protein,1,1,1.0,3,178,,,,279,279,279.0,,KGGMHOKE_01354,
group_518,,hypothetical protein,1,1,1.0,3,174,,,,282,282,282.0,,KGGMHOKE_01366,
group_516,,hypothetical protein,1,1,1.0,3,172,,,,519,519,519.0,,KGGMHOKE_01377,
group_515,,hypothetical protein,1,1,1.0,3,171,,,,285,285,285.0,,,JPPLDLFD_00758
group_511,,hypothetical protein,1,1,1.0,3,164,,,,765,765,765.0,,,JPPLDLFD_01232
ygeX,ygeX,Diaminopropionate ammonia-lyase,1,1,1.0,3,163,,,,288,288,288.0,,KGGMHOKE_01426,
group_509,,hypothetical protein,1,1,1.0,3,156,,,,543,543,543.0,,KGGMHOKE_01362,
group_508,,hypothetical protein,1,1,1.0,3,154,,,,303,303,303.0,,KGGMHOKE_01372,
group_507,,hypothetical protein,1,1,1.0,3,152,,,,1035,1035,1035.0,,KGGMHOKE_01383,
group_506,,hypothetical protein,1,1,1.0,3,150,,,,309,309,309.0,CHONFCMC_00952,,
group_504,,hypothetical protein,1,1,1.0,3,145,,,,1599,1599,1599.0,,KGGMHOKE_01358,
group_503,,hypothetical protein,1,1,1.0,3,144,,,,1641,1641,1641.0,,KGGMHOKE_01367,
group_500,,hypothetical protein,1,1,1.0,3,134,,,,1662,1662,1662.0,,KGGMHOKE_01349,
group_499,,hypothetical protein,1,1,1.0,3,131,,,,564,564,564.0,,KGGMHOKE_01368,
group_497,,hypothetical protein,1,1,1.0,3,127,,,,336,336,336.0,,KGGMHOKE_01375,
group_496,,hypothetical protein,1,1,1.0,3,120,,,,1140,1140,1140.0,,KGGMHOKE_01374,
group_490,,hypothetical protein,1,1,1.0,3,109,,,,600,600,600.0,,KGGMHOKE_01386,
manZ_2,manZ_2,PTS system mannose-specific EIID component,1,1,1.0,3,104,,,,837,837,837.0,CHONFCMC_00953,,
group_487,,hypothetical protein,1,1,1.0,3,96,,,,1179,1179,1179.0,,KGGMHOKE_01355,
group_485,,hypothetical protein,1,1,1.0,3,93,,,,1179,1179,1179.0,,KGGMHOKE_01347,
group_484,,hypothetical protein,1,1,1.0,3,92,,,,621,621,621.0,,KGGMHOKE_01360,
group_481,mod,Type III restriction-modification enzyme StyLTI Mod subunit,1,1,1.0,3,89,,,,1953,1953,1953.0,,,JPPLDLFD_00744
group_479,,hypothetical protein,1,1,1.0,3,87,,,,1971,1971,1971.0,,KGGMHOKE_01385,
group_478,,hypothetical protein,1,1,1.0,3,86,,,,627,627,627.0,,KGGMHOKE_01424,
group_476,,hypothetical protein,1,1,1.0,3,84,,,,384,384,384.0,,KGGMHOKE_01353,
mod,mod,Type III restriction-modification enzyme StyLTI Mod subunit,1,1,1.0,3,83,,,,2016,2016,2016.0,,KGGMHOKE_01391,
group_474,,hypothetical protein,1,1,1.0,3,78,,,,1203,1203,1203.0,,KGGMHOKE_01365,
group_471,,hypothetical protein,1,1,1.0,3,75,,,,396,396,396.0,,KGGMHOKE_01369,
group_470,,hypothetical protein,1,1,1.0,3,73,,,,150,150,150.0,,KGGMHOKE_01350,
group_468,,hypothetical protein,1,1,1.0,3,70,,,,153,153,153.0,,KGGMHOKE_01373,
group_467,,hypothetical protein,1,1,1.0,3,67,,,,861,861,861.0,CHONFCMC_00954,,
group_465,,hypothetical protein,1,1,1.0,3,60,,,,405,405,405.0,,KGGMHOKE_01425,
group_464,,hypothetical protein,1,1,1.0,3,59,,,,1227,1227,1227.0,,KGGMHOKE_01361,
group_463,,hypothetical protein,1,1,1.0,3,56,,,,1236,1236,1236.0,,KGGMHOKE_01379,
group_459,,hypothetical protein,1,1,1.0,3,50,,,,414,414,414.0,,KGGMHOKE_01352,
group_458,,hypothetical protein,1,1,1.0,3,48,,,,1242,1242,1242.0,,KGGMHOKE_01371,
group_457,,hypothetical protein,1,1,1.0,3,47,,,,879,879,879.0,,KGGMHOKE_01351,
group_456,,hypothetical protein,1,1,1.0,3,46,,,,1242,1242,1242.0,CHONFCMC_00960,,
group_453,,hypothetical protein,1,1,1.0,3,38,,,,1266,1266,1266.0,,KGGMHOKE_01357,
group_452,,hypothetical protein,1,1,1.0,3,37,,,,423,423,423.0,CHONFCMC_00951,,
group_451,,hypothetical protein,1,1,1.0,3,36,,,,426,426,426.0,,,JPPLDLFD_01234
group_447,,putative HTH-type transcriptional regulator,1,1,1.0,3,29,,,,435,435,435.0,,,JPPLDLFD_01235
clpP_2,clpP_2,ATP-dependent Clp protease proteolytic subunit,1,1,1.0,3,24,,,,672,672,672.0,,KGGMHOKE_01356,
group_445,,hypothetical protein,1,1,1.0,3,23,,,,675,675,675.0,,KGGMHOKE_01370,
group_444,,hypothetical protein,1,1,1.0,3,22,,,,207,207,207.0,,KGGMHOKE_01359,
group_443,,hypothetical protein,1,1,1.0,3,21,,,,207,207,207.0,,KGGMHOKE_01376,
lnrK,lnrK,Transcriptional regulatory protein LnrK,1,1,1.0,3,19,,,,675,675,675.0,CHONFCMC_00959,,
group_441,,hypothetical protein,1,1,1.0,3,16,,,,3348,3348,3348.0,,KGGMHOKE_01384,
group_440,,hypothetical protein,1,1,1.0,3,15,,,,1305,1305,1305.0,CHONFCMC_00958,,
group_439,,hypothetical protein,1,1,1.0,3,12,,,,444,444,444.0,CHONFCMC_00956,,
group_437,,hypothetical protein,1,1,1.0,3,8,,,,1317,1317,1317.0,,KGGMHOKE_01378,
group_436,,hypothetical protein,1,1,1.0,3,7,,,,219,219,219.0,,KGGMHOKE_01381,
group_435,,hypothetical protein,1,1,1.0,3,1,,,,453,453,453.0,,KGGMHOKE_01363,
group_433,,hypothetical protein,1,1,1.0,2,945,,,,453,453,453.0,CHONFCMC_00170,,
group_431,,hypothetical protein,1,1,1.0,2,941,,,,462,462,462.0,CHONFCMC_00190,,
group_429,,hypothetical protein,1,1,1.0,2,938,,,,468,468,468.0,CHONFCMC_00457,,
xkdM,xkdM,Phage-like element PBSX protein XkdM,1,1,1.0,2,936,,,,471,471,471.0,CHONFCMC_00210,,
group_427,,hypothetical protein,1,1,1.0,2,930,,,,480,480,480.0,CHONFCMC_00454,,
group_426,,hypothetical protein,1,1,1.0,2,929,,,,483,483,483.0,,KGGMHOKE_00737,
group_425,,hypothetical protein,1,1,1.0,2,927,,,,486,486,486.0,,KGGMHOKE_00733,
levE_1,levE_1,PTS system fructose-specific EIIB component,1,1,1.0,2,924,,,,501,501,501.0,,KGGMHOKE_00049,
group_422,,hypothetical protein,1,1,1.0,2,920,,,,504,504,504.0,CHONFCMC_00198,,
group_421,,hypothetical protein,1,1,1.0,2,918,,,,510,510,510.0,CHONFCMC_00220,,
group_414,,hypothetical protein,1,1,1.0,2,906,,,,531,531,531.0,CHONFCMC_00195,,
group_409,,hypothetical protein,1,1,1.0,2,893,,,,555,555,555.0,CHONFCMC_00202,,
group_407,,hypothetical protein,1,1,1.0,2,890,,,,561,561,561.0,CHONFCMC_00218,,
group_406,,hypothetical protein,1,1,1.0,2,889,,,,561,561,561.0,CHONFCMC_00169,,
maa_2,maa_2,Maltose O-acetyltransferase,1,1,1.0,2,887,,,,567,567,567.0,,KGGMHOKE_00736,
group_403,,hypothetical protein,1,1,1.0,2,882,,,,573,573,573.0,CHONFCMC_00574,,
group_398,,hypothetical protein,1,1,1.0,2,867,,,,612,612,612.0,CHONFCMC_00197,,
group_392,cla-er,CLA biosynthesis enone reductase,1,1,1.0,2,848,,,,645,645,645.0,,KGGMHOKE_00633,
kdgA,kdgA,2-dehydro-3-deoxy-phosphogluconate aldolase,1,1,1.0,2,845,,,,648,648,648.0,,KGGMHOKE_00044,
group_390,,hypothetical protein,1,1,1.0,2,844,,,,648,648,648.0,CHONFCMC_00572,,
glnP_2,glnP_2,Glutamine transport system permease protein GlnP,1,1,1.0,2,838,,,,660,660,660.0,,,JPPLDLFD_00280
rfbP,rfbP,Undecaprenyl-phosphate galactose phosphotransferase,1,1,1.0,2,837,,,,660,660,660.0,,KGGMHOKE_00944,
group_388,,hypothetical protein,1,1,1.0,2,834,,,,666,666,666.0,,KGGMHOKE_00933,
yvdM_1,yvdM_1,Beta-phosphoglucomutase,1,1,1.0,2,831,,,,666,666,666.0,CHONFCMC_00446,,
tcyB,tcyB,L-cystine transport system permease protein TcyB,1,1,1.0,2,829,,,,678,678,678.0,,,JPPLDLFD_00281
group_385,,hypothetical protein,1,1,1.0,2,826,,,,681,681,681.0,CHONFCMC_00213,,
group_377,,hypothetical protein,1,1,1.0,2,801,,,,732,732,732.0,CHONFCMC_00168,,
artM_1,artM_1,Arginine transport ATP-binding protein ArtM,1,1,1.0,2,798,,,,741,741,741.0,,,JPPLDLFD_00282
group_374,,hypothetical protein,1,1,1.0,2,795,,,,747,747,747.0,CHONFCMC_00183,,
deoD_1,deoD_1,Purine nucleoside phosphorylase DeoD-type,1,1,1.0,2,787,,,,762,762,762.0,,KGGMHOKE_00666,
group_373,,Carbohydrate deacetylase,1,1,1.0,2,786,,,,762,762,762.0,CHONFCMC_00458,,
yiaJ,yiaJ,DNA-binding transcriptional repressor YiaJ,1,1,1.0,2,783,,,,768,768,768.0,,KGGMHOKE_00056,
group_371,,hypothetical protein,1,1,1.0,2,781,,,,774,774,774.0,,KGGMHOKE_00932,
group_370,,hypothetical protein,1,1,1.0,2,780,,,,774,774,774.0,CHONFCMC_00550,,
group_369,,hypothetical protein,1,1,1.0,2,779,,,,777,777,777.0,,KGGMHOKE_00943,
group_368,,hypothetical protein,1,1,1.0,2,777,,,,783,783,783.0,,,JPPLDLFD_00187
agaC_1,agaC_1,N-acetylgalactosamine permease IIC component 1,1,1,1.0,2,773,,,,792,792,792.0,,KGGMHOKE_00050,
fabG_1,fabG_1,3-oxoacyl-[acyl-carrier-protein] reductase FabG,1,1,1.0,2,770,,,,795,795,795.0,,,JPPLDLFD_00992
group_365,,Putative phosphatase,1,1,1.0,2,768,,,,795,795,795.0,CHONFCMC_00135,,
murR_2,murR_2,HTH-type transcriptional regulator MurR,1,1,1.0,2,766,,,,798,798,798.0,,KGGMHOKE_00735,
group_361,,hypothetical protein,1,1,1.0,2,759,,,,813,813,813.0,,KGGMHOKE_00877,
group_360,,hypothetical protein,1,1,1.0,2,758,,,,813,813,813.0,,KGGMHOKE_00055,
group_359,manZ_1,PTS system mannose-specific EIID component,1,1,1.0,2,755,,,,819,819,819.0,,KGGMHOKE_00051,
group_352,,hypothetical protein,1,1,1.0,2,744,,,,822,822,822.0,CHONFCMC_00177,,
rhaS_3,rhaS_3,HTH-type transcriptional activator RhaS,1,1,1.0,2,741,,,,825,825,825.0,,KGGMHOKE_01586,
kduD,kduD,2-dehydro-3-deoxy-D-gluconate 5-dehydrogenase,1,1,1.0,2,736,,,,828,828,828.0,,KGGMHOKE_00046,
bglG,bglG,Cryptic beta-glucoside bgl operon antiterminator,1,1,1.0,2,715,,,,837,837,837.0,CHONFCMC_00455,,
axeA1,axeA1,Acetylxylan esterase,1,1,1.0,2,711,,,,840,840,840.0,,KGGMHOKE_01584,
group_331,,hypothetical protein,1,1,1.0,2,702,,,,843,843,843.0,,KGGMHOKE_00588,
licT_3,licT_3,Transcription antiterminator LicT,1,1,1.0,2,693,,,,846,846,846.0,,KGGMHOKE_00635,
kduI1,kduI1,4-deoxy-L-threo-5-hexosulose-uronate ketol-isomerase 1,1,1,1.0,2,691,,,,846,846,846.0,,KGGMHOKE_00047,
group_323,,hypothetical protein,1,1,1.0,2,681,,,,852,852,852.0,,KGGMHOKE_00842,
glnH_3,glnH_3,ABC transporter glutamine-binding protein GlnH,1,1,1.0,2,676,,,,852,852,852.0,,,JPPLDLFD_00283
group_310,,hypothetical protein,1,1,1.0,2,654,,,,861,861,861.0,CHONFCMC_00176,,
ybbH_2,ybbH_2,putative HTH-type transcriptional regulator YbbH,1,1,1.0,2,631,,,,885,885,885.0,,KGGMHOKE_01579,
group_283,,hypothetical protein,1,1,1.0,2,597,,,,900,900,900.0,,KGGMHOKE_00624,
bglF_2,bglF_2,PTS system beta-glucoside-specific EIIBCA component,1,1,1.0,2,594,,,,900,900,900.0,CHONFCMC_00456,,
group_281,,hypothetical protein,1,1,1.0,2,588,,,,909,909,909.0,,KGGMHOKE_00939,
group_272,,hypothetical protein,1,1,1.0,2,568,,,,921,921,921.0,CHONFCMC_00178,,
xerC_4,xerC_4,Tyrosine recombinase XerC,1,1,1.0,2,547,,,,936,936,936.0,,,JPPLDLFD_00942
cah,cah,Cephalosporin-C deacetylase,1,1,1.0,2,533,,,,948,948,948.0,,KGGMHOKE_01585,
group_258,,hypothetical protein,1,1,1.0,2,530,,,,948,948,948.0,CHONFCMC_00225,,
group_257,,hypothetical protein,1,1,1.0,2,529,,,,951,951,951.0,,KGGMHOKE_00931,
group_255,,hypothetical protein,1,1,1.0,2,527,,,,954,954,954.0,,KGGMHOKE_00935,
group_250,,hypothetical protein,1,1,1.0,2,506,,,,975,975,975.0,CHONFCMC_00652,,
iolU_1,iolU_1,scyllo-inositol 2-dehydrogenase (NADP(+)) IolU,1,1,1.0,2,505,,,,978,978,978.0,,KGGMHOKE_00738,
kdgK,kdgK,2-dehydro-3-deoxygluconokinase,1,1,1.0,2,503,,,,978,978,978.0,,KGGMHOKE_00045,
group_235,,hypothetical protein,1,1,1.0,2,471,,,,1008,1008,1008.0,CHONFCMC_00650,,
rhaR_2,rhaR_2,HTH-type transcriptional activator RhaR,1,1,1.0,2,467,,,,1011,1011,1011.0,CHONFCMC_00450,,
group_224,,hypothetical protein,1,1,1.0,2,439,,,,1047,1047,1047.0,CHONFCMC_00214,,
group_221,,hypothetical protein,1,1,1.0,2,432,,,,1056,1056,1056.0,CHONFCMC_00203,,
group_220,,hypothetical protein,1,1,1.0,2,430,,,,1065,1065,1065.0,,,JPPLDLFD_01020
epsF_1,epsF_1,Putative glycosyltransferase EpsF,1,1,1.0,2,416,,,,1098,1098,1098.0,,KGGMHOKE_00940,
xerC_1,xerC_1,Tyrosine recombinase XerC,1,1,1.0,2,411,,,,1104,1104,1104.0,CHONFCMC_00166,,
epsF_3,epsF_3,Putative glycosyltransferase EpsF,1,1,1.0,2,410,,,,1107,1107,1107.0,,KGGMHOKE_00942,
rhaS_2,rhaS_2,HTH-type transcriptional activator RhaS,1,1,1.0,2,409,,,,1107,1107,1107.0,CHONFCMC_00441,,
glf,glf,UDP-galactopyranose mutase,1,1,1.0,2,408,,,,1113,1113,1113.0,,KGGMHOKE_00937,
group_208,,hypothetical protein,1,1,1.0,2,403,,,,1113,1113,1113.0,,KGGMHOKE_00879,
oppA_4~~~oppA_1,oppA_4;oppA_1,Oligopeptide-binding protein OppA,1,1,1.0,2,402,,,,750,1224,987.0,,KGGMHOKE_00473,
group_204,,hypothetical protein,1,1,1.0,2,397,,,,1125,1125,1125.0,,,JPPLDLFD_00673
epsF_2,epsF_2,Putative glycosyltransferase EpsF,1,1,1.0,2,396,,,,1125,1125,1125.0,,KGGMHOKE_00941,
group_200,,hypothetical protein,1,1,1.0,2,390,,,,1134,1134,1134.0,,,JPPLDLFD_00943
group_198,,hypothetical protein,1,1,1.0,2,387,,,,1143,1143,1143.0,CHONFCMC_00201,,
ard,ard,NADH:acrylate oxidoreductase,1,1,1.0,2,383,,,,1152,1152,1152.0,,,JPPLDLFD_01097
group_197,,hypothetical protein,1,1,1.0,2,382,,,,234,234,234.0,,,JPPLDLFD_00554
group_196,xerC_2,Tyrosine recombinase XerC,1,1,1.0,2,381,,,,1161,1161,1161.0,,,JPPLDLFD_00555
group_195,,hypothetical protein,1,1,1.0,2,380,,,,1152,1152,1152.0,CHONFCMC_00217,,
group_194,,hypothetical protein,1,1,1.0,2,379,,,,576,576,576.0,,,JPPLDLFD_00553
group_193,,hypothetical protein,1,1,1.0,2,378,,,,222,222,222.0,,,JPPLDLFD_00552
group_192,,hypothetical protein,1,1,1.0,2,377,,,,165,165,165.0,,,JPPLDLFD_00551
group_191,,hypothetical protein,1,1,1.0,2,376,,,,384,384,384.0,,,JPPLDLFD_00550
group_190,,hypothetical protein,1,1,1.0,2,375,,,,312,312,312.0,,,JPPLDLFD_00549
group_189,,hypothetical protein,1,1,1.0,2,374,,,,318,318,318.0,,,JPPLDLFD_00548
group_188,,hypothetical protein,1,1,1.0,2,373,,,,537,537,537.0,,,JPPLDLFD_00547
group_187,,hypothetical protein,1,1,1.0,2,372,,,,237,237,237.0,,,JPPLDLFD_00546
group_186,,hypothetical protein,1,1,1.0,2,371,,,,453,453,453.0,,,JPPLDLFD_00545
xerC_2,xerC_2,Tyrosine recombinase XerC,1,1,1.0,2,370,,,,1161,1161,1161.0,,,JPPLDLFD_00544
group_185,,hypothetical protein,1,1,1.0,2,369,,,,234,234,234.0,,,JPPLDLFD_00543
group_184,,hypothetical protein,1,1,1.0,2,368,,,,576,576,576.0,,,JPPLDLFD_00542
group_183,,hypothetical protein,1,1,1.0,2,367,,,,222,222,222.0,,,JPPLDLFD_00541
group_182,,hypothetical protein,1,1,1.0,2,366,,,,165,165,165.0,,,JPPLDLFD_00540
group_181,,hypothetical protein,1,1,1.0,2,365,,,,384,384,384.0,,,JPPLDLFD_00539
group_180,,hypothetical protein,1,1,1.0,2,364,,,,312,312,312.0,,,JPPLDLFD_00538
group_179,,hypothetical protein,1,1,1.0,2,363,,,,318,318,318.0,,,JPPLDLFD_00537
group_178,,hypothetical protein,1,1,1.0,2,362,,,,537,537,537.0,,,JPPLDLFD_00536
group_177,,hypothetical protein,1,1,1.0,2,361,,,,237,237,237.0,,,JPPLDLFD_00535
group_176,,hypothetical protein,1,1,1.0,2,360,,,,453,453,453.0,,,JPPLDLFD_00534
frsA,frsA,Esterase FrsA,1,1,1.0,2,359,,,,1167,1167,1167.0,CHONFCMC_00573,,
ugl,ugl,Unsaturated chondroitin disaccharide hydrolase,1,1,1.0,2,354,,,,1179,1179,1179.0,,KGGMHOKE_00048,
group_173,,hypothetical protein,1,1,1.0,2,353,,,,1182,1182,1182.0,CHONFCMC_00443,,
group_169,,hypothetical protein,1,1,1.0,2,347,,,,126,126,126.0,CHONFCMC_00448,,
group_167,,hypothetical protein,1,1,1.0,2,343,,,,138,138,138.0,CHONFCMC_00575,,
group_166,,hypothetical protein,1,1,1.0,2,342,,,,138,138,138.0,CHONFCMC_00167,,
group_165,,hypothetical protein,1,1,1.0,2,338,,,,1209,1209,1209.0,,,JPPLDLFD_00941
group_162,,hypothetical protein,1,1,1.0,2,331,,,,159,159,159.0,CHONFCMC_00413,,
group_161,,hypothetical protein,1,1,1.0,2,329,,,,165,165,165.0,,,JPPLDLFD_00193
group_160,,hypothetical protein,1,1,1.0,2,328,,,,168,168,168.0,CHONFCMC_00194,,
group_159,,hypothetical protein,1,1,1.0,2,327,,,,171,171,171.0,,KGGMHOKE_00655,
group_157,,hypothetical protein,1,1,1.0,2,325,,,,1233,1233,1233.0,CHONFCMC_00571,,
group_156,,hypothetical protein,1,1,1.0,2,324,,,,1230,1230,1230.0,CHONFCMC_00199,,
group_155,,hypothetical protein,1,1,1.0,2,320,,,,177,177,177.0,CHONFCMC_00181,,
group_153,,hypothetical protein,1,1,1.0,2,316,,,,186,186,186.0,,,JPPLDLFD_00186
gmuC_1,gmuC_1,PTS system oligo-beta-mannoside-specific EIIC component,1,1,1.0,2,305,,,,1272,1272,1272.0,,KGGMHOKE_00623,
group_147,,hypothetical protein,1,1,1.0,2,301,,,,195,195,195.0,CHONFCMC_00185,,
group_146,,hypothetical protein,1,1,1.0,2,298,,,,1287,1287,1287.0,CHONFCMC_00447,,
group_143,,hypothetical protein,1,1,1.0,2,294,,,,198,198,198.0,CHONFCMC_00221,,
group_142,,hypothetical protein,1,1,1.0,2,290,,,,201,201,201.0,,KGGMHOKE_00634,
licC_3,licC_3,Lichenan permease IIC component,1,1,1.0,2,289,,,,1293,1293,1293.0,,KGGMHOKE_01581,
group_141,,hypothetical protein,1,1,1.0,2,288,,,,1293,1293,1293.0,,KGGMHOKE_00938,
group_133,,hypothetical protein,1,1,1.0,2,269,,,,219,219,219.0,CHONFCMC_00208,,
group_132,,hypothetical protein,1,1,1.0,2,268,,,,219,219,219.0,CHONFCMC_00193,,
pepC_2,pepC_2,Aminopeptidase C,1,1,1.0,2,267,,,,1326,1326,1326.0,,KGGMHOKE_01591,
group_130,,hypothetical protein,1,1,1.0,2,265,,,,225,225,225.0,CHONFCMC_00172,,
group_125,,hypothetical protein,1,1,1.0,2,253,,,,234,234,234.0,,KGGMHOKE_00917,
group_123,,hypothetical protein,1,1,1.0,2,250,,,,234,234,234.0,CHONFCMC_00111,,
group_122,,hypothetical protein,1,1,1.0,2,249,,,,237,237,237.0,,KGGMHOKE_00734,
group_120,,hypothetical protein,1,1,1.0,2,244,,,,1356,1356,1356.0,CHONFCMC_00209,,
group_119,,hypothetical protein,1,1,1.0,2,241,,,,243,243,243.0,CHONFCMC_00186,,
group_117,,putative transporter,1,1,1.0,2,238,,,,1371,1371,1371.0,,KGGMHOKE_01593,
group_113,,hypothetical protein,1,1,1.0,2,231,,,,255,255,255.0,CHONFCMC_00189,,
group_112,,hypothetical protein,1,1,1.0,2,230,,,,255,255,255.0,CHONFCMC_00188,,
group_110,,hypothetical protein,1,1,1.0,2,224,,,,264,264,264.0,CHONFCMC_00649,,
group_109,,hypothetical protein,1,1,1.0,2,221,,,,267,267,267.0,CHONFCMC_00569,,
bglA_2,bglA_2,6-phospho-beta-glucosidase BglA,1,1,1.0,2,220,,,,1404,1404,1404.0,,KGGMHOKE_01580,
group_108,,hypothetical protein,1,1,1.0,2,219,,,,267,267,267.0,CHONFCMC_00174,,
group_107,,hypothetical protein,1,1,1.0,2,218,,,,1413,1413,1413.0,CHONFCMC_00200,,
rfbX_2,rfbX_2,Putative O-antigen transporter,1,1,1.0,2,213,,,,1428,1428,1428.0,,KGGMHOKE_00936,
bglA_1,bglA_1,Aryl-phospho-beta-D-glucosidase BglA,1,1,1.0,2,210,,,,1431,1431,1431.0,,KGGMHOKE_00637,
yjmB,yjmB,putative symporter YjmB,1,1,1.0,2,206,,,,1440,1440,1440.0,,KGGMHOKE_01583,
group_105,,hypothetical protein,1,1,1.0,2,205,,,,276,276,276.0,CHONFCMC_00451,,
group_104,,hypothetical protein,1,1,1.0,2,204,,,,276,276,276.0,CHONFCMC_00226,,
group_103,,hypothetical protein,1,1,1.0,2,200,,,,279,279,279.0,CHONFCMC_00223,,
group_102,,hypothetical protein,1,1,1.0,2,197,,,,282,282,282.0,CHONFCMC_00112,,
vprA,vprA,Vinyl phenol reductase,1,1,1.0,2,193,,,,1479,1479,1479.0,,KGGMHOKE_00589,
group_100,,hypothetical protein,1,1,1.0,2,192,,,,285,285,285.0,CHONFCMC_00110,,
group_99,,hypothetical protein,1,1,1.0,2,191,,,,285,285,285.0,CHONFCMC_00109,,
group_98,,hypothetical protein,1,1,1.0,2,186,,,,291,291,291.0,,KGGMHOKE_00730,
group_97,,hypothetical protein,1,1,1.0,2,185,,,,291,291,291.0,,KGGMHOKE_00638,
group_95,,hypothetical protein,1,1,1.0,2,181,,,,291,291,291.0,CHONFCMC_00192,,
group_91,,hypothetical protein,1,1,1.0,2,177,,,,294,294,294.0,CHONFCMC_00187,,
group_90,,Non-reducing end alpha-L-arabinofuranosidase BoGH43A,1,1,1.0,2,176,,,,1530,1530,1530.0,CHONFCMC_00445,,
group_86,,hypothetical protein,1,1,1.0,2,170,,,,300,300,300.0,CHONFCMC_00191,,
group_85,,hypothetical protein,1,1,1.0,2,167,,,,1572,1572,1572.0,,KGGMHOKE_01588,
group_81,,hypothetical protein,1,1,1.0,2,162,,,,318,318,318.0,CHONFCMC_00179,,
group_80,,hypothetical protein,1,1,1.0,2,160,,,,321,321,321.0,CHONFCMC_00182,,
group_79,,Type I restriction enzyme MpnII methylase subunit,1,1,1.0,2,159,,,,1644,1644,1644.0,,,JPPLDLFD_00940
gadC_3,gadC_3,Glutamate/gamma-aminobutyrate antiporter,1,1,1.0,2,158,,,,1647,1647,1647.0,,KGGMHOKE_01592,
rhiE,rhiE,Rhamnogalacturonate lyase,1,1,1.0,2,146,,,,1692,1692,1692.0,,KGGMHOKE_01587,
group_75,,hypothetical protein,1,1,1.0,2,145,,,,330,330,330.0,CHONFCMC_00175,,
nag3,nag3,Beta-N-acetylglucosaminidase/beta-glucosidase,1,1,1.0,2,141,,,,1707,1707,1707.0,CHONFCMC_00449,,
group_70,,hypothetical protein,1,1,1.0,2,135,,,,336,336,336.0,CHONFCMC_00173,,
group_68,,hypothetical protein,1,1,1.0,2,133,,,,339,339,339.0,,KGGMHOKE_00053,
group_66,,hypothetical protein,1,1,1.0,2,131,,,,339,339,339.0,CHONFCMC_00215,,
group_65,,hypothetical protein,1,1,1.0,2,130,,,,339,339,339.0,CHONFCMC_00180,,
xre,xre,HTH-type transcriptional regulator Xre,1,1,1.0,2,129,,,,339,339,339.0,CHONFCMC_00171,,
group_63,,hypothetical protein,1,1,1.0,2,126,,,,342,342,342.0,CHONFCMC_00184,,
pemK,pemK,Endoribonuclease PemK,1,1,1.0,2,119,,,,345,345,345.0,CHONFCMC_00227,,
group_57,,hypothetical protein,1,1,1.0,2,113,,,,1812,1812,1812.0,CHONFCMC_00648,,
group_56,,hypothetical protein,1,1,1.0,2,106,,,,360,360,360.0,,KGGMHOKE_00731,
bglF_3,bglF_3,PTS system beta-glucoside-specific EIIBCA component,1,1,1.0,2,104,,,,1869,1869,1869.0,,KGGMHOKE_00636,
group_53,,hypothetical protein,1,1,1.0,2,96,,,,1917,1917,1917.0,,KGGMHOKE_00054,
group_52,,hypothetical protein,1,1,1.0,2,95,,,,363,363,363.0,CHONFCMC_00205,,
group_49,,hypothetical protein,1,1,1.0,2,88,,,,372,372,372.0,CHONFCMC_00216,,
group_45,,hypothetical protein,1,1,1.0,2,78,,,,390,390,390.0,,KGGMHOKE_00934,
group_44,,hypothetical protein,1,1,1.0,2,75,,,,390,390,390.0,CHONFCMC_00204,,
group_43,,hypothetical protein,1,1,1.0,2,74,,,,2076,2076,2076.0,CHONFCMC_00219,,
group_41,,hypothetical protein,1,1,1.0,2,71,,,,393,393,393.0,CHONFCMC_00570,,
group_40,,hypothetical protein,1,1,1.0,2,70,,,,393,393,393.0,CHONFCMC_00224,,
group_39,,hypothetical protein,1,1,1.0,2,65,,,,396,396,396.0,CHONFCMC_00483,,
group_38,,hypothetical protein,1,1,1.0,2,63,,,,402,402,402.0,CHONFCMC_00113,,
group_35,,hypothetical protein,1,1,1.0,2,57,,,,408,408,408.0,CHONFCMC_00207,,
group_32,,Beta-galactosidase BoGH2A,1,1,1.0,2,50,,,,2397,2397,2397.0,CHONFCMC_00442,,
group_29,,hypothetical protein,1,1,1.0,2,43,,,,420,420,420.0,CHONFCMC_00222,,
group_28,,hypothetical protein,1,1,1.0,2,42,,,,420,420,420.0,CHONFCMC_00211,,
group_27,,hypothetical protein,1,1,1.0,2,39,,,,2553,2553,2553.0,,KGGMHOKE_01582,
group_23,,hypothetical protein,1,1,1.0,2,30,,,,2787,2787,2787.0,,KGGMHOKE_00629,
group_22,,hypothetical protein,1,1,1.0,2,29,,,,2787,2787,2787.0,CHONFCMC_00444,,
group_19,,hypothetical protein,1,1,1.0,2,20,,,,435,435,435.0,CHONFCMC_00206,,
hsdR,hsdR,Type I restriction enzyme SauN315I endonuclease subunit,1,1,1.0,2,19,,,,3102,3102,3102.0,,,JPPLDLFD_00939
group_17,,hypothetical protein,1,1,1.0,2,12,,,,3417,3417,3417.0,CHONFCMC_00212,,
group_13,,hypothetical protein,1,1,1.0,2,2,,,,450,450,450.0,,KGGMHOKE_00052,
group_12,,hypothetical protein,1,1,1.0,1,30,,,,234,234,234.0,,,JPPLDLFD_01291
