Gene,Non-unique Gene name,Annotation,max_pident,max_aln_len,n_hits,qlen,max_cov
group_1387,,hypothetical protein,0.0,0,0,,0.0
group_1386,,hypothetical protein,0.0,0,0,,0.0
group_1363,,hypothetical protein,0.0,0,0,,0.0
group_1107,,hypothetical protein,0.0,0,0,,0.0
group_1105,,hypothetical protein,0.0,0,0,,0.0
group_1104,,hypothetical protein,0.0,0,0,,0.0
group_1103,,hypothetical protein,0.0,0,0,,0.0
group_1101,,hypothetical protein,0.0,0,0,,0.0
group_1088,,hypothetical protein,0.0,0,0,,0.0
group_1077,,hypothetical protein,0.0,0,0,,0.0
group_1076,,hypothetical protein,0.0,0,0,,0.0
group_1072,,hypothetical protein,0.0,0,0,,0.0
group_1070,,hypothetical protein,0.0,0,0,,0.0
group_1069,,hypothetical protein,0.0,0,0,,0.0
group_1068,,hypothetical protein,0.0,0,0,,0.0
group_1067,,IS200/IS605 family transposase ISLjo5,0.0,0,0,,0.0
group_1066,,hypothetical protein,0.0,0,0,,0.0
mntH,mntH,Divalent metal cation transporter MntH,0.0,0,0,,0.0
group_1057,,hypothetical protein,0.0,0,0,,0.0
group_1055,,hypothetical protein,0.0,0,0,,0.0
group_1050,,hypothetical protein,0.0,0,0,,0.0
group_1040,,hypothetical protein,0.0,0,0,,0.0
group_1039,,hypothetical protein,0.0,0,0,,0.0
group_1038,,hypothetical protein,0.0,0,0,,0.0
group_1037,,hypothetical protein,0.0,0,0,,0.0
group_1036,,hypothetical protein,0.0,0,0,,0.0
dppA_5,dppA_5,Dipeptide-binding protein,0.0,0,0,,0.0
group_1029,,hypothetical protein,0.0,0,0,,0.0
group_1027,,hypothetical protein,0.0,0,0,,0.0
group_1026,,hypothetical protein,0.0,0,0,,0.0
group_1025,,hypothetical protein,0.0,0,0,,0.0
group_1024,,hypothetical protein,0.0,0,0,,0.0
citX,citX,Apo-citrate lyase phosphoribosyl-dephospho-CoA transferase,0.0,0,0,,0.0
group_1023,,hypothetical protein,0.0,0,0,,0.0
group_1022,,hypothetical protein,0.0,0,0,,0.0
group_1021,,hypothetical protein,0.0,0,0,,0.0
group_1002,,hypothetical protein,0.0,0,0,,0.0
group_995,,hypothetical protein,0.0,0,0,,0.0
group_985,,hypothetical protein,0.0,0,0,,0.0
group_980,,hypothetical protein,0.0,0,0,,0.0
group_979,,hypothetical protein,0.0,0,0,,0.0
group_976,,hypothetical protein,0.0,0,0,,0.0
group_975,,hypothetical protein,0.0,0,0,,0.0
group_971,,hypothetical protein,0.0,0,0,,0.0
spxH,spxH,ClpXP adapter protein SpxH,0.0,0,0,,0.0
group_961,,hypothetical protein,0.0,0,0,,0.0
group_960,,hypothetical protein,0.0,0,0,,0.0
group_957,,hypothetical protein,0.0,0,0,,0.0
group_955,,hypothetical protein,0.0,0,0,,0.0
group_951,,hypothetical protein,0.0,0,0,,0.0
group_950,,hypothetical protein,0.0,0,0,,0.0
trcR_1,trcR_1,Transcriptional regulatory protein TrcR,0.0,0,0,,0.0
dppA_4,dppA_4,Dipeptide-binding protein,0.0,0,0,,0.0
group_946,,hypothetical protein,0.0,0,0,,0.0
group_945,,hypothetical protein,0.0,0,0,,0.0
sasA_4,sasA_4,Adaptive-response sensory-kinase SasA,0.0,0,0,,0.0
group_899,,hypothetical protein,0.0,0,0,,0.0
group_888,,Hydroxypyruvate reductase,0.0,0,0,,0.0
group_850,,hypothetical protein,0.0,0,0,,0.0
group_840,,hypothetical protein,0.0,0,0,,0.0
yfeO,yfeO,Putative ion-transport protein YfeO,0.0,0,0,,0.0
group_838,,hypothetical protein,0.0,0,0,,0.0
group_836,,hypothetical protein,0.0,0,0,,0.0
ybjI_3,ybjI_3,5-amino-6-(5-phospho-D-ribitylamino)uracil phosphatase YbjI,0.0,0,0,,0.0
group_834,,hypothetical protein,0.0,0,0,,0.0
group_832,,hypothetical protein,0.0,0,0,,0.0
group_831,,hypothetical protein,0.0,0,0,,0.0
gpmA_4,;gpmA_4,hypothetical protein;23-bisphosphoglycerate-dependent phosphoglycerate mutase,0.0,0,0,,0.0
group_829,,hypothetical protein,0.0,0,0,,0.0
group_828,,hypothetical protein,0.0,0,0,,0.0
group_827,,hypothetical protein,0.0,0,0,,0.0
ywqA_2~~~ywqA_1~~~rapA,;ywqA_2;ywqA_1;rapA,hypothetical protein;Putative ATP-dependent helicase/translocase YwqA;RNA polymerase-associated protein RapA,0.0,0,0,,0.0
group_824,,hypothetical protein,0.0,0,0,,0.0
group_823,,hypothetical protein,0.0,0,0,,0.0
group_822,,hypothetical protein,0.0,0,0,,0.0
group_821,,hypothetical protein,0.0,0,0,,0.0
group_817,,hypothetical protein,0.0,0,0,,0.0
group_813,,hypothetical protein,0.0,0,0,,0.0
ucpA,;ucpA,hypothetical protein;Oxidoreductase UcpA,0.0,0,0,,0.0
virS,virS;,HTH-type transcriptional regulator VirS;hypothetical protein,0.0,0,0,,0.0
group_812,,hypothetical protein,0.0,0,0,,0.0
group_810,,hypothetical protein,0.0,0,0,,0.0
group_808,,hypothetical protein,0.0,0,0,,0.0
group_807,,hypothetical protein,0.0,0,0,,0.0
group_804,,hypothetical protein,0.0,0,0,,0.0
group_801,,hypothetical protein,0.0,0,0,,0.0
group_796,,hypothetical protein,0.0,0,0,,0.0
group_794,,hypothetical protein,0.0,0,0,,0.0
proX,proX,Prolyl-tRNA editing protein ProX,0.0,0,0,,0.0
group_790,,hypothetical protein,0.0,0,0,,0.0
group_787,,N-acetyldiaminopimelate deacetylase,0.0,0,0,,0.0
dppA_4~~~dppA_3,dppA_4;dppA_3,Dipeptide-binding protein,0.0,0,0,,0.0
group_785,,putative protein,0.0,0,0,,0.0
group_783,,hypothetical protein,0.0,0,0,,0.0
group_780,,hypothetical protein,0.0,0,0,,0.0
tnpB,tnpB,RNA-guided DNA endonuclease TnpB,0.0,0,0,,0.0
group_778,,hypothetical protein,0.0,0,0,,0.0
group_776,,hypothetical protein,0.0,0,0,,0.0
group_767,,hypothetical protein,0.0,0,0,,0.0
group_765,,hypothetical protein,0.0,0,0,,0.0
group_764,,hypothetical protein,0.0,0,0,,0.0
group_763,,hypothetical protein,0.0,0,0,,0.0
proA,proA,4-hydroxy-4-methyl-2-oxoglutarate aldolase/4-carboxy-4-hydroxy-2-oxoadipate aldolase,0.0,0,0,,0.0
group_760,,hypothetical protein,0.0,0,0,,0.0
group_756,,hypothetical protein,0.0,0,0,,0.0
group_753,,hypothetical protein,0.0,0,0,,0.0
group_752,,hypothetical protein,0.0,0,0,,0.0
group_751,,hypothetical protein,0.0,0,0,,0.0
group_749,,hypothetical protein,0.0,0,0,,0.0
group_739,,hypothetical protein,0.0,0,0,,0.0
group_735,,hypothetical protein,0.0,0,0,,0.0
group_730,,hypothetical protein,0.0,0,0,,0.0
group_725,,hypothetical protein,0.0,0,0,,0.0
group_719,,hypothetical protein,0.0,0,0,,0.0
yoeB~~~yoeB_1,yoeB;yoeB_1,Toxin YoeB,0.0,0,0,,0.0
murJ_2,murJ_2,Lipid II flippase MurJ,0.0,0,0,,0.0
group_712,,hypothetical protein,0.0,0,0,,0.0
group_709,,hypothetical protein,0.0,0,0,,0.0
group_704,,hypothetical protein,0.0,0,0,,0.0
group_687,,hypothetical protein,0.0,0,0,,0.0
group_685,,hypothetical protein,0.0,0,0,,0.0
group_682,,hypothetical protein,0.0,0,0,,0.0
group_680,,hypothetical protein,0.0,0,0,,0.0
group_677,,hypothetical protein,0.0,0,0,,0.0
group_676,,hypothetical protein,0.0,0,0,,0.0
fepC,fepC,Ferric enterobactin transport ATP-binding protein FepC,0.0,0,0,,0.0
group_675,,hypothetical protein,0.0,0,0,,0.0
group_671,,hypothetical protein,0.0,0,0,,0.0
group_668,,hypothetical protein,0.0,0,0,,0.0
isdF,isdF,putative heme-iron transport system permease protein IsdF,0.0,0,0,,0.0
isdE,isdE,High-affinity heme uptake system protein IsdE,0.0,0,0,,0.0
group_661,,hypothetical protein,0.0,0,0,,0.0
group_635,,hypothetical protein,0.0,0,0,,0.0
uup_3~~~hepA,;uup_3;hepA,hypothetical protein;ATP-binding protein Uup;Heterocyst differentiation ATP-binding protein HepA,0.0,0,0,,0.0
maa_2,maa_2,Maltose O-acetyltransferase,0.0,0,0,,0.0
group_624,,hypothetical protein,0.0,0,0,,0.0
group_623,,hypothetical protein,0.0,0,0,,0.0
mtlR_2~~~mtlR_1~~~mtlR,mtlR_2;mtlR_1;mtlR,Transcriptional regulator MtlR,0.0,0,0,,0.0
mtlF,mtlF,Mannitol-specific phosphotransferase enzyme IIA component,0.0,0,0,,0.0
mtlD,mtlD,Mannitol-1-phosphate 5-dehydrogenase,0.0,0,0,,0.0
group_613,,hypothetical protein,0.0,0,0,,0.0
group_612,,hypothetical protein,0.0,0,0,,0.0
group_608,,hypothetical protein,0.0,0,0,,0.0
group_604,,hypothetical protein,0.0,0,0,,0.0
group_603,,hypothetical protein,0.0,0,0,,0.0
group_594,,hypothetical protein,0.0,0,0,,0.0
group_593,,hypothetical protein,0.0,0,0,,0.0
group_592,,hypothetical protein,0.0,0,0,,0.0
group_591,,hypothetical protein,0.0,0,0,,0.0
group_590,,hypothetical protein,0.0,0,0,,0.0
group_589,,hypothetical protein,0.0,0,0,,0.0
group_586,,hypothetical protein,0.0,0,0,,0.0
group_585,,hypothetical protein,0.0,0,0,,0.0
group_583,,hypothetical protein,0.0,0,0,,0.0
hlyB,hlyB;,Alpha-hemolysin translocation ATP-binding protein HlyB;hypothetical protein,0.0,0,0,,0.0
group_563,,hypothetical protein,0.0,0,0,,0.0
group_562,,hypothetical protein,0.0,0,0,,0.0
group_560,,hypothetical protein,0.0,0,0,,0.0
group_558,,hypothetical protein,0.0,0,0,,0.0
group_557,,hypothetical protein,0.0,0,0,,0.0
group_553,,hypothetical protein,0.0,0,0,,0.0
group_550,,hypothetical protein,0.0,0,0,,0.0
group_544,,hypothetical protein,0.0,0,0,,0.0
nfrA1,;nfrA1,hypothetical protein;FMN reductase (NADPH),0.0,0,0,,0.0
group_540,,hypothetical protein,0.0,0,0,,0.0
group_537,,hypothetical protein,0.0,0,0,,0.0
group_536,,hypothetical protein,0.0,0,0,,0.0
group_535,,hypothetical protein,0.0,0,0,,0.0
dppA_3~~~dppA_2,;dppA_3;dppA_2,hypothetical protein;Dipeptide-binding protein,0.0,0,0,,0.0
group_533,,hypothetical protein,0.0,0,0,,0.0
group_530,,hypothetical protein,0.0,0,0,,0.0
group_527,,hypothetical protein,0.0,0,0,,0.0
group_525,,hypothetical protein,0.0,0,0,,0.0
group_521,,hypothetical protein,0.0,0,0,,0.0
UgpQ,UgpQ,Glycerophosphodiester phosphodiesterase,0.0,0,0,,0.0
group_519,,hypothetical protein,0.0,0,0,,0.0
group_518,,hypothetical protein,0.0,0,0,,0.0
group_516,,hypothetical protein,0.0,0,0,,0.0
group_510,,hypothetical protein,0.0,0,0,,0.0
group_509,,hypothetical protein,0.0,0,0,,0.0
group_507,,hypothetical protein,0.0,0,0,,0.0
group_506,,hypothetical protein;IS30 family transposase IS1070,0.0,0,0,,0.0
dppC,dppC,Dipeptide transport system permease protein DppC,0.0,0,0,,0.0
rhaR~~~rhaS,rhaR;rhaS,HTH-type transcriptional activator RhaR;HTH-type transcriptional activator RhaS,0.0,0,0,,0.0
group_497,,hypothetical protein,0.0,0,0,,0.0
group_494,,hypothetical protein,0.0,0,0,,0.0
dppB,dppB,Dipeptide transport system permease protein DppB,0.0,0,0,,0.0
mupG_1~~~mupG_2,mupG_1;mupG_2,6-phospho-N-acetylmuramidase,0.0,0,0,,0.0
dppA_1,dppA_1,Dipeptide-binding protein,0.0,0,0,,0.0
pstC,pstC,Phosphate transport system permease protein PstC,0.0,0,0,,0.0
phoB,phoB,Phosphate regulon transcriptional regulatory protein PhoB,0.0,0,0,,0.0
phoU_2,phoU_2,Phosphate-specific transport system accessory protein PhoU,0.0,0,0,,0.0
rcsC,rcsC,Sensor histidine kinase RcsC,0.0,0,0,,0.0
pstA2,pstA2,Phosphate transport system permease protein PstA 2,0.0,0,0,,0.0
group_472,,hypothetical protein,0.0,0,0,,0.0
gtfB,gtfB,UDP-N-acetylglucosamine--peptide N-acetylglucosaminyltransferase stabilizing protein GtfB,0.0,0,0,,0.0
group_466,,hypothetical protein,0.0,0,0,,0.0
group_464,,hypothetical protein,0.0,0,0,,0.0
group_460,,hypothetical protein,0.0,0,0,,0.0
pynA,pynA,Pyrimidine 5'-nucleotidase PynA,0.0,0,0,,0.0
group_457,,hypothetical protein,0.0,0,0,,0.0
glcR_1,glcR_1,HTH-type transcriptional repressor GlcR,0.0,0,0,,0.0
ulaA_2~~~ulaA_1~~~ulaA,ulaA_2;ulaA_1;ulaA,Ascorbate-specific PTS system EIIC component,0.0,0,0,,0.0
group_455,,hypothetical protein,0.0,0,0,,0.0
group_453,,hypothetical protein,0.0,0,0,,0.0
ulaB,ulaB,Ascorbate-specific PTS system EIIB component,0.0,0,0,,0.0
group_452,,hypothetical protein,0.0,0,0,,0.0
ulaD,ulaD,3-keto-L-gulonate-6-phosphate decarboxylase UlaD,0.0,0,0,,0.0
group_449,,hypothetical protein,0.0,0,0,,0.0
group_447,,hypothetical protein,0.0,0,0,,0.0
ulaG,ulaG,putative L-ascorbate-6-phosphate lactonase UlaG,0.0,0,0,,0.0
gph,gph,Phosphoglycolate phosphatase,0.0,0,0,,0.0
group_446,,hypothetical protein,0.0,0,0,,0.0
ulaE,ulaE,L-ribulose-5-phosphate 3-epimerase UlaE,0.0,0,0,,0.0
group_445,,hypothetical protein,0.0,0,0,,0.0
group_444,,hypothetical protein,0.0,0,0,,0.0
group_440,,hypothetical protein,0.0,0,0,,0.0
group_435,,hypothetical protein,0.0,0,0,,0.0
group_434,,hypothetical protein,0.0,0,0,,0.0
group_433,,hypothetical protein,0.0,0,0,,0.0
group_428,,hypothetical protein,0.0,0,0,,0.0
group_426,,hypothetical protein,0.0,0,0,,0.0
group_415,,hypothetical protein,0.0,0,0,,0.0
group_414,,hypothetical protein,0.0,0,0,,0.0
group_412,,hypothetical protein,0.0,0,0,,0.0
group_409,,hypothetical protein,0.0,0,0,,0.0
group_406,,hypothetical protein,0.0,0,0,,0.0
group_404,,hypothetical protein,0.0,0,0,,0.0
group_400,,hypothetical protein,0.0,0,0,,0.0
group_394,,hypothetical protein,0.0,0,0,,0.0
group_386,,hypothetical protein,0.0,0,0,,0.0
group_385,,hypothetical protein,0.0,0,0,,0.0
group_382,,hypothetical protein,0.0,0,0,,0.0
group_377,,hypothetical protein,0.0,0,0,,0.0
group_376,,hypothetical protein,0.0,0,0,,0.0
group_372,,hypothetical protein,0.0,0,0,,0.0
group_362,,hypothetical protein,0.0,0,0,,0.0
group_359,,hypothetical protein,0.0,0,0,,0.0
group_355,,hypothetical protein,0.0,0,0,,0.0
group_349,,hypothetical protein,0.0,0,0,,0.0
group_346,,hypothetical protein,0.0,0,0,,0.0
group_345,,hypothetical protein,0.0,0,0,,0.0
group_343,,hypothetical protein,0.0,0,0,,0.0
group_340,,hypothetical protein,0.0,0,0,,0.0
group_339,,hypothetical protein,0.0,0,0,,0.0
group_338,,hypothetical protein,0.0,0,0,,0.0
group_332,,hypothetical protein,0.0,0,0,,0.0
group_331,,hypothetical protein,0.0,0,0,,0.0
group_328,,hypothetical protein,0.0,0,0,,0.0
group_327,,hypothetical protein,0.0,0,0,,0.0
group_317,,hypothetical protein,0.0,0,0,,0.0
group_316,,hypothetical protein,0.0,0,0,,0.0
group_314,,hypothetical protein,0.0,0,0,,0.0
group_312,,hypothetical protein,0.0,0,0,,0.0
group_311,,hypothetical protein,0.0,0,0,,0.0
group_310,,hypothetical protein,0.0,0,0,,0.0
group_308,,hypothetical protein,0.0,0,0,,0.0
group_300,,IS110 family transposase ISSpn10,0.0,0,0,,0.0
group_299,,hypothetical protein,0.0,0,0,,0.0
ybaT,ybaT;,Inner membrane transport protein YbaT;hypothetical protein,0.0,0,0,,0.0
group_290,,hypothetical protein,0.0,0,0,,0.0
group_279,,hypothetical protein,0.0,0,0,,0.0
group_278,,hypothetical protein,0.0,0,0,,0.0
group_276,,hypothetical protein,0.0,0,0,,0.0
entS,entS,Enterobactin exporter EntS,0.0,0,0,,0.0
group_273,,hypothetical protein,0.0,0,0,,0.0
group_270,,hypothetical protein,0.0,0,0,,0.0
group_269,,hypothetical protein,0.0,0,0,,0.0
group_268,,hypothetical protein,0.0,0,0,,0.0
group_266,,hypothetical protein,0.0,0,0,,0.0
group_261,,hypothetical protein,0.0,0,0,,0.0
group_260,,hypothetical protein,0.0,0,0,,0.0
group_259,,hypothetical protein,0.0,0,0,,0.0
group_257,,hypothetical protein,0.0,0,0,,0.0
group_255,,hypothetical protein,0.0,0,0,,0.0
group_253,,hypothetical protein,0.0,0,0,,0.0
group_250,,hypothetical protein,0.0,0,0,,0.0
group_246,,hypothetical protein,0.0,0,0,,0.0
pip,pip,Proline iminopeptidase,0.0,0,0,,0.0
group_239,,hypothetical protein,0.0,0,0,,0.0
group_236,,hypothetical protein,0.0,0,0,,0.0
group_234,,hypothetical protein,0.0,0,0,,0.0
group_232,,hypothetical protein,0.0,0,0,,0.0
group_228,,hypothetical protein,0.0,0,0,,0.0
xerC_3,xerC_3,Tyrosine recombinase XerC,0.0,0,0,,0.0
group_221,,hypothetical protein,0.0,0,0,,0.0
group_220,,hypothetical protein,0.0,0,0,,0.0
yvbK,yvbK,putative N-acetyltransferase YvbK,0.0,0,0,,0.0
group_214,,hypothetical protein,0.0,0,0,,0.0
group_194,,hypothetical protein,0.0,0,0,,0.0
group_193,,hypothetical protein,0.0,0,0,,0.0
group_191,,hypothetical protein,0.0,0,0,,0.0
hsdM,hsdM,Type I restriction enzyme EcoKI methylase subunit,0.0,0,0,,0.0
dap,dap,D-aminopeptidase,0.0,0,0,,0.0
rocE,rocE,Amino-acid permease RocE,0.0,0,0,,0.0
hsdR,hsdR,Type I restriction enzyme EcoKI endonuclease subunit,0.0,0,0,,0.0
mmuM,mmuM,Homocysteine S-methyltransferase,0.0,0,0,,0.0
group_141,,hypothetical protein,0.0,0,0,,0.0
group_133,,hypothetical protein,0.0,0,0,,0.0
lacR_2~~~melR,lacR_2;melR,HTH-type transcriptional regulator LacR;HTH-type transcriptional repressor MelR,0.0,0,0,,0.0
group_125,,hypothetical protein,0.0,0,0,,0.0
lacL~~~lacL_1~~~lacL_2,lacL;lacL_1;lacL_2,Beta-galactosidase large subunit,0.0,0,0,,0.0
group_123,,hypothetical protein,0.0,0,0,,0.0
group_122,,hypothetical protein,0.0,0,0,,0.0
dapF,dapF,Diaminopimelate epimerase,0.0,0,0,,0.0
fmtA,fmtA,Teichoic acid D-alanine hydrolase,0.0,0,0,,0.0
dapH,dapH,2345-tetrahydropyridine-26-dicarboxylate N-acetyltransferase,0.0,0,0,,0.0
group_115,,N-acetyldiaminopimelate deacetylase,0.0,0,0,,0.0
dapB,dapB,4-hydroxy-tetrahydrodipicolinate reductase,0.0,0,0,,0.0
lysA,lysA,Diaminopimelate decarboxylase,0.0,0,0,,0.0
dapA,dapA,4-hydroxy-tetrahydrodipicolinate synthase,0.0,0,0,,0.0
group_110,,hypothetical protein,0.0,0,0,,0.0
group_102,,hypothetical protein,0.0,0,0,,0.0
group_101,,hypothetical protein,0.0,0,0,,0.0
group_94,,hypothetical protein,0.0,0,0,,0.0
menH_2,menH_2,2-succinyl-6-hydroxy-24-cyclohexadiene-1-carboxylate synthase,0.0,0,0,,0.0
group_63,,hypothetical protein,0.0,0,0,,0.0
group_26,,hypothetical protein,0.0,0,0,,0.0
group_17,,hypothetical protein,0.0,0,0,,0.0
group_1049,,DegV domain-containing protein,62.751,647,3,834.0,0.776
ybjI_1~~~ybjI_3,ybjI_1;ybjI_3,5-amino-6-(5-phospho-D-ribitylamino)uracil phosphatase YbjI,64.068,821,3,816.0,1.006
nrdF1~~~nrdF_1,nrdF1;;nrdF_1,Ribonucleoside-diphosphate reductase subunit beta nrdF1;hypothetical protein;Ribonucleoside-diphosphate reductase 2 subunit beta,64.55,567,5,936.0,0.606
group_258,,hypothetical protein,64.841,351,6,351.0,1.0
citG,citG,2-(5''-triphosphoribosyl)-3'-dephosphocoenzyme-A synthase,65.074,608,5,819.0,0.742
recX,recX,Regulatory protein RecX,65.136,817,7,813.0,1.005
group_641,,hypothetical protein,65.217,207,3,825.0,0.251
tetM,tetM,Tetracycline resistance protein TetM from transposon TnFO1,65.258,1954,5,1926.0,1.015
hom,hom,Homoserine dehydrogenase,65.422,649,5,1236.0,0.525
srlR,srlR,Glucitol operon repressor,65.439,353,2,759.0,0.465
group_1060,,Iron-sulfur cluster assembly SufBD family protein,65.602,532,1,1209.0,0.44
holA,holA,DNA polymerase III subunit delta,65.782,998,10,987.0,1.011
elaA,elaA,Protein ElaA,65.909,379,5,450.0,0.842
group_488,,hypothetical protein,66.043,380,5,594.0,0.64
npr,npr,NADH peroxidase,66.139,1363,7,1368.0,0.996
group_632,,hypothetical protein,66.248,938,10,927.0,1.012
cbh,cbh,Bile salt hydrolase/transferase,66.398,991,8,978.0,1.013
menG,menG,Demethylmenaquinone methyltransferase,66.524,707,5,702.0,1.007
group_605,,hypothetical protein,66.532,547,4,588.0,0.93
treR,treR,HTH-type transcriptional regulator TreR,66.572,723,8,726.0,0.996
group_977,,hypothetical protein,66.612,605,5,849.0,0.713
paiA,paiA,Spermidine/spermine N(1)-acetyltransferase,66.667,487,3,525.0,0.928
group_481,,hypothetical protein,66.8,500,5,516.0,0.969
hexR_1,hexR_1,HTH-type transcriptional regulator HexR,66.845,748,5,834.0,0.897
menH_3,;menH_3,hypothetical protein;2-succinyl-6-hydroxy-24-cyclohexadiene-1-carboxylate synthase,66.851,568,10,930.0,0.611
group_1385,,hypothetical protein,66.891,596,5,720.0,0.828
group_634,,hypothetical protein,66.904,701,10,786.0,0.892
comFA,comFA,Competence protein ComFA,66.925,993,10,1281.0,0.775
yidA_3,yidA_3,Sugar phosphatase YidA,66.931,506,5,813.0,0.622
citC,citC,[Citrate [pro-3S]-lyase] ligase,66.954,931,5,1056.0,0.882
group_430,,hypothetical protein,67.021,658,3,1329.0,0.495
group_117,,hypothetical protein,67.076,1379,5,1611.0,0.856
group_629,,hypothetical protein,67.092,705,7,1251.0,0.564
group_463,,hypothetical protein,67.161,631,10,735.0,0.859
group_757,,hypothetical protein,67.248,1350,10,1404.0,0.962
rimI_1,rimI_1,[Ribosomal protein bS18]-alanine N-acetyltransferase,67.277,437,7,522.0,0.837
group_958,,hypothetical protein,67.333,829,10,849.0,0.976
nnrD,nnrD,ADP-dependent (S)-NAD(P)H-hydrate dehydratase,67.36,810,11,849.0,0.954
group_295,,hypothetical protein,67.376,894,5,897.0,0.997
group_380,,hypothetical protein,67.429,970,10,963.0,1.007
group_993,,hypothetical protein,67.446,550,10,1203.0,0.457
recO,recO,DNA repair protein RecO,67.549,745,10,756.0,0.985
group_140,,hypothetical protein,67.6,347,5,471.0,0.737
plsY_1,plsY_1,Glycerol-3-phosphate acyltransferase,67.622,562,10,615.0,0.914
benM_2,benM_2,HTH-type transcriptional regulator BenM,67.654,850,5,849.0,1.001
group_503,,hypothetical protein,67.713,529,12,525.0,1.008
epsH,epsH,Putative glycosyltransferase EpsH,67.812,768,10,813.0,0.945
group_142,,Aldo-keto reductase/MSMEI_2347,67.822,787,7,837.0,0.94
amt,amt,Ammonium transporter,67.83,659,2,1251.0,0.527
group_581,,hypothetical protein,68.0,200,4,492.0,0.407
group_990,,hypothetical protein,68.095,223,8,756.0,0.295
ezrA,ezrA,Septation ring formation regulator EzrA,68.165,823,10,1713.0,0.48
ptpB_2,ptpB_2,Triple specificity protein phosphatase PtpB,68.165,784,10,804.0,0.975
rsmB,rsmB,Ribosomal RNA small subunit methyltransferase B,68.252,1344,13,1362.0,0.987
group_190,,hypothetical protein,68.26,824,10,885.0,0.931
rluD_1,rluD_1,Ribosomal large subunit pseudouridine synthase D,68.324,811,10,858.0,0.945
group_1094,,hypothetical protein,68.345,371,3,1116.0,0.332
clcA_2,clcA_2,H(+)/Cl(-) exchange transporter ClcA,68.347,357,3,408.0,0.875
dps_1~~~dps,dps_1;dps,DNA protection during starvation protein,68.349,482,10,468.0,1.03
uvrB_2,uvrB_2,UvrABC system protein B,68.421,2747,13,2829.0,0.971
group_324,,hypothetical protein,68.456,149,1,540.0,0.276
group_1051,,hypothetical protein,68.506,657,3,747.0,0.88
group_994,,hypothetical protein,68.519,731,11,798.0,0.916
group_319,,hypothetical protein,68.525,393,10,390.0,1.008
fabG,fabG,3-oxoacyl-[acyl-carrier-protein] reductase FabG,68.537,732,10,729.0,1.004
group_1020,,hypothetical protein,68.542,587,6,870.0,0.675
yidA_1,yidA_1,Sugar phosphatase YidA,68.553,159,3,816.0,0.195
cdaR,cdaR,CdaA regulatory protein CdaR,68.651,756,10,960.0,0.788
ytlR,ytlR,Putative lipid kinase YtlR,68.665,752,5,849.0,0.886
yerH,yerH,putative lipoprotein YerH,68.699,1114,10,1149.0,0.97
group_306,,hypothetical protein,68.706,998,10,1002.0,0.996
gpmA_6,gpmA_6,23-bisphosphoglycerate-dependent phosphoglycerate mutase,68.75,256,5,600.0,0.427
group_642,,hypothetical protein,68.781,602,5,834.0,0.722
group_1010,,hypothetical protein,68.814,348,10,426.0,0.817
group_307,,hypothetical protein,68.858,583,8,603.0,0.967
prmA,prmA,Ribosomal protein L11 methyltransferase,68.863,941,10,945.0,0.996
ydfK,ydfK,putative membrane protein YdfK,68.889,135,2,690.0,0.196
group_939,,hypothetical protein,68.889,624,11,708.0,0.881
group_638,,hypothetical protein,68.908,716,27,3009.0,0.238
rimI_2,;rimI_2,hypothetical protein;[Ribosomal protein bS18]-alanine N-acetyltransferase,68.922,454,9,480.0,0.946
group_1080,,putative ABC transporter permease,68.946,1072,10,1062.0,1.009
add1,add1,Adenosine deaminase 1,68.966,401,5,1002.0,0.4
group_637,,hypothetical protein,68.978,359,10,435.0,0.825
group_1000,,hypothetical protein,68.986,345,5,552.0,0.625
yjjB,yjjB,succinate transporter subunit YjjB,68.987,433,8,486.0,0.891
rsgA,rsgA,Small ribosomal subunit biogenesis GTPase RsgA,69.004,892,10,891.0,1.001
arcB,arcB,Ornithine carbamoyltransferase catabolic,69.02,260,5,432.0,0.602
menA_2,menA_2,14-dihydroxy-2-naphthoate octaprenyltransferase,69.024,820,3,900.0,0.911
group_195,,DegV domain-containing protein,69.036,841,10,852.0,0.987
group_545,,hypothetical protein,69.048,815,8,1227.0,0.664
group_252,,hypothetical protein,69.061,181,5,204.0,0.887
group_1383,,hypothetical protein,69.078,553,5,570.0,0.97
tmung,tmung,Type-4 uracil-DNA glycosylase,69.088,592,5,660.0,0.897
yjjP,yjjP,putative succinate transporter subunit YjjP,69.091,724,10,771.0,0.939
lldP~~~lutP,lldP;lutP,L-lactate permease,69.157,1515,15,1527.0,0.992
group_396,,hypothetical protein,69.161,441,5,462.0,0.955
crp,crp,cAMP-activated global transcriptional regulator CRP,69.192,594,5,645.0,0.921
group_944,,hypothetical protein,69.196,457,5,456.0,1.002
yfcJ,yfcJ,putative MFS-type transporter YfcJ,69.216,1182,11,1173.0,1.008
artP~~~tcyJ,artP;tcyJ,Arginine-binding extracellular protein ArtP;L-cystine-binding protein TcyJ,69.231,231,7,816.0,0.283
group_348,,hypothetical protein,69.231,642,7,651.0,0.986
group_413,,hypothetical protein,69.231,541,9,537.0,1.007
group_999,,hypothetical protein,69.231,801,10,795.0,1.008
group_242,,hypothetical protein,69.244,595,1,1128.0,0.527
rimM,rimM,Ribosome maturation factor RimM,69.25,524,10,516.0,1.016
dnaE,dnaE,DNA polymerase III subunit alpha,69.303,3115,10,3108.0,1.002
mepA_2,;mepA_2,hypothetical protein;Multidrug export protein MepA,69.333,1204,5,1350.0,0.892
iphP,iphP;,Tyrosine-protein phosphatase;hypothetical protein,69.343,409,6,774.0,0.528
thrB,thrB,Homoserine kinase,69.343,652,6,864.0,0.755
yutF,yutF,5'-nucleotidase YutF,69.359,780,10,771.0,1.012
group_526,,hypothetical protein,69.388,148,2,771.0,0.192
group_595,,hypothetical protein,69.388,98,1,420.0,0.233
pyrR_2,pyrR_2,Bifunctional protein pyrR,69.405,487,10,528.0,0.922
group_956,,hypothetical protein,69.412,211,5,381.0,0.554
group_949,,hypothetical protein,69.419,359,5,396.0,0.907
group_966,,Putative transport protein,69.424,1108,10,1188.0,0.933
group_788,,hypothetical protein,69.444,521,10,564.0,0.924
rsmG,rsmG,Ribosomal RNA small subunit methyltransferase G,69.46,704,10,723.0,0.974
tmcAL,tmcAL,tRNA(Met) cytidine acetate ligase,69.464,1170,10,1152.0,1.016
yfeW,yfeW,Putative D-alanyl-D-alanine carboxypeptidase,69.466,1012,10,1011.0,1.001
coaA,coaA,Pantothenate kinase,69.499,659,6,915.0,0.72
iolU_2,iolU_2,scyllo-inositol 2-dehydrogenase (NADP(+)) IolU,69.514,679,6,966.0,0.703
group_262,,hypothetical protein,69.542,767,10,1218.0,0.63
group_738,,hypothetical protein,69.565,255,5,606.0,0.421
group_657,,hypothetical protein,69.623,1195,5,1197.0,0.998
group_723,,hypothetical protein,69.643,840,10,1137.0,0.739
thrC,thrC,Threonine synthase,69.644,1284,5,1491.0,0.861
yclM_1,yclM_1,Aspartokinase 3,69.679,1372,5,1356.0,1.012
hflX,hflX,GTPase HflX,69.684,1229,10,1266.0,0.971
cggR,cggR,Central glycolytic genes regulator,69.737,1064,10,1056.0,1.008
pspB_2,pspB_2,Putative phosphoserine phosphatase 2,69.753,324,3,576.0,0.562
celB,celB,PTS system cellobiose-specific EIIC component,69.775,1287,10,1329.0,0.968
sasA_3,sasA_3,Adaptive-response sensory-kinase SasA,69.804,1458,10,1455.0,1.002
rbgA,rbgA,Ribosome biogenesis GTPase A,69.804,845,10,840.0,1.006
group_818,,Putative 3-methyladenine DNA glycosylase,69.838,593,10,633.0,0.937
pbpB,pbpB,Penicillin-binding protein 2B,69.869,1810,11,2160.0,0.838
group_475,,hypothetical protein,69.88,415,5,666.0,0.623
mepA_2~~~mepA_1,mepA_2;mepA_1,Multidrug export protein MepA,69.89,1206,5,1335.0,0.903
degV_1,degV_1,Protein DegV,69.921,919,5,930.0,0.988
tcyB,tcyB,L-cystine transport system permease protein TcyB,69.939,652,1,672.0,0.97
pspB_1,pspB_1,Putative phosphoserine phosphatase 2,69.951,203,3,567.0,0.358
ftsA,ftsA,Cell division protein FtsA,69.953,1151,10,1362.0,0.845
group_640,,hypothetical protein,69.962,298,10,498.0,0.598
msmE_1,msmE_1,Multiple sugar-binding protein,69.992,1183,1,1257.0,0.941
group_131,,hypothetical protein,70.0,320,5,405.0,0.79
group_989,,hypothetical protein,70.022,457,5,453.0,1.009
hsrA,hsrA,putative transport protein HsrA,70.023,1331,10,1374.0,0.969
psiE,psiE,Protein PsiE,70.079,127,1,408.0,0.311
tagA,tagA,N-acetylglucosaminyldiphosphoundecaprenol N-acetyl-beta-D-mannosaminyltransferase,70.095,739,10,732.0,1.01
recF,recF,DNA replication and repair protein RecF,70.123,1065,10,1128.0,0.944
group_223,,hypothetical protein,70.16,605,5,633.0,0.956
group_762,,hypothetical protein,70.166,543,5,558.0,0.973
phoU_1,phoU_1,Phosphate-specific transport system accessory protein PhoU,70.192,641,5,678.0,0.945
wclR,wclR,UDP-Gal:alpha-D-GlcNAc-diphosphoundecaprenol alpha-13-galactosyltransferase,70.227,941,10,1092.0,0.862
tmk,tmk,Thymidylate kinase,70.312,640,10,639.0,1.002
group_771,dinG_1,3'-5' exonuclease DinG,70.37,549,14,957.0,0.574
rnmV,rnmV,Ribonuclease M5,70.403,573,10,567.0,1.011
lacS~~~lacS_1~~~lacS_2,lacS;lacS_1;lacS_2,Lactose permease,70.408,98,1,1920.0,0.051
copY,copY,Transcriptional repressor CopY,70.408,377,9,441.0,0.855
kefB,kefB,Glutathione-regulated potassium-efflux system protein KefB,70.425,1403,14,1839.0,0.763
yhaM,yhaM,3'-5' exoribonuclease YhaM,70.436,891,10,978.0,0.911
group_388,,hypothetical protein,70.455,550,10,753.0,0.73
yidC2,yidC2,Membrane protein insertase YidC 2,70.457,858,10,876.0,0.979
nfr1,nfr1,NADH-dependent flavin reductase subunit 1,70.46,457,10,540.0,0.846
group_344,,hypothetical protein,70.472,293,10,330.0,0.888
psaA,psaA,Manganese ABC transporter substrate-binding lipoprotein PsaA,70.48,813,15,888.0,0.916
ltaS1_1,ltaS1_1,Lipoteichoic acid synthase 1,70.492,2091,26,2181.0,0.959
rlmP,rlmP,23S rRNA (guanosine(2553)-2'-O)-methyltransferase RlmP,70.494,779,10,768.0,1.014
darA,darA,Cyclic di-AMP receptor A,70.498,261,5,321.0,0.813
group_318,,hypothetical protein,70.5,1061,1,1257.0,0.844
ctpE,ctpE,Calcium-transporting ATPase CtpE,70.511,2029,12,2403.0,0.844
ntd_1,ntd_1,Nucleoside deoxyribosyltransferase,70.534,485,5,504.0,0.962
ushA,ushA,Protein UshA,70.554,1375,10,1383.0,0.994
recJ,recJ,Single-stranded-DNA-specific exonuclease RecJ,70.574,2149,10,2274.0,0.945
ybiR,ybiR,Inner membrane protein YbiR,70.583,1120,11,1107.0,1.012
rqcH,rqcH,Rqc2 RqcH,70.585,1710,10,1710.0,1.0
yidA_4,yidA_4,Sugar phosphatase YidA,70.588,802,9,807.0,0.994
plsY_2,plsY_2,Glycerol-3-phosphate acyltransferase,70.602,598,10,636.0,0.94
group_534,,hypothetical protein,70.616,878,14,1116.0,0.787
cvfB,cvfB,Conserved virulence factor B,70.629,860,10,894.0,0.962
group_108,,putative protein,70.667,389,10,432.0,0.9
greA_1,greA_1,Transcription elongation factor GreA,70.698,468,10,462.0,1.013
spsB_2,spsB_2,Signal peptidase IB,70.713,521,15,564.0,0.924
yumC,yumC,Ferredoxin--NADP reductase 2,70.718,636,15,993.0,0.64
mvaA~~~mvaS~~~fabH,mvaA;mvaS;fabH,3-hydroxy-3-methylglutaryl-coenzyme A reductase;Hydroxymethylglutaryl-CoA synthase;Beta-ketoacyl-[acyl-carrier-protein] synthase III,70.731,2401,10,2364.0,1.016
truB,truB,tRNA pseudouridine synthase B,70.745,899,10,894.0,1.006
group_512,,Protein SprT-like protein,70.755,339,10,459.0,0.739
group_1087,,hypothetical protein,70.787,89,2,456.0,0.195
group_238,,hypothetical protein,70.787,381,5,567.0,0.672
nadK,nadK,NAD kinase,70.839,703,10,804.0,0.874
group_1081,,hypothetical protein,70.845,745,10,756.0,0.985
ecfT_2,ecfT_2,Energy-coupling factor transporter transmembrane protein EcfT,70.879,825,5,834.0,0.989
group_631,,hypothetical protein,70.896,677,11,750.0,0.903
group_653,,hypothetical protein,70.909,1286,10,1398.0,0.92
rsmI,rsmI,Ribosomal RNA small subunit methyltransferase I,70.941,857,10,852.0,1.006
group_666,,hypothetical protein,70.975,1261,14,1251.0,1.008
group_942,,hypothetical protein,71.014,385,7,528.0,0.729
murB,murB,UDP-N-acetylenolpyruvoylglucosamine reductase,71.043,906,10,897.0,1.01
menH_1,menH_1,2-succinyl-6-hydroxy-24-cyclohexadiene-1-carboxylate synthase,71.078,788,10,948.0,0.831
fluC1,fluC1,Fluoride-specific ion channel FluC 1,71.084,351,8,399.0,0.88
group_981,,hypothetical protein,71.087,1336,29,1305.0,1.024
mutSB,mutSB,Putative endonuclease MutS2,71.089,2355,13,2382.0,0.989
dnaD,dnaD,Replicative helicase loading/DNA remodeling protein DnaD,71.134,206,10,645.0,0.319
murI,murI,Glutamate racemase,71.15,686,10,807.0,0.85
pnbA,pnbA,4-nitrobenzoate reductase,71.167,600,10,657.0,0.913
fni,fni,Isopentenyl-diphosphate delta-isomerase,71.174,661,10,1017.0,0.65
pdxK,pdxK,Pyridoxine/pyridoxal/pyridoxamine kinase,71.194,437,5,831.0,0.526
cydC,cydC,Glutathione/L-cysteine transport system ATP-binding/permease protein CydC,71.212,1640,6,1749.0,0.938
mgsR,mgsR,Regulatory protein MgsR,71.229,359,10,357.0,1.006
rarA_1,rarA_1,Replication-associated recombination protein A,71.256,1249,15,1308.0,0.955
ytbE,;ytbE,Aldo-keto reductase/MSMEI_2347;putative oxidoreductase YtbE,71.264,546,10,822.0,0.664
gpmA_3,gpmA_3,23-bisphosphoglycerate-dependent phosphoglycerate mutase,71.278,677,11,681.0,0.994
group_93,,hypothetical protein,71.287,543,9,1239.0,0.438
rulQ,rulQ,RNA-binding protein YlxQ,71.287,201,5,312.0,0.644
ribCF,ribCF,Bifunctional riboflavin kinase/FMN adenylyltransferase,71.295,859,10,936.0,0.918
dppD,dppD,Dipeptide transport ATP-binding protein DppD,71.296,515,17,1059.0,0.486
xerD,xerD,Tyrosine recombinase XerD,71.313,883,10,906.0,0.975
ecsA,ecsA,ABC-type transporter ATP-binding protein EcsA,71.36,701,10,744.0,0.942
group_203,,hypothetical protein,71.363,676,10,666.0,1.015
group_247,,hypothetical protein,71.366,681,5,1779.0,0.383
arcA,arcA,Arginine deiminase,71.374,1233,5,1230.0,1.002
group_106,,hypothetical protein,71.375,293,7,459.0,0.638
sasA_1,sasA_1,Adaptive-response sensory-kinase SasA,71.378,1135,15,1155.0,0.983
pgl,pgl,6-phosphogluconolactonase,71.379,1027,10,1029.0,0.998
bioH,bioH,Pimeloyl-[acyl-carrier protein] methyl ester esterase,71.384,664,10,657.0,1.011
group_652,,hypothetical protein,71.399,479,10,486.0,0.986
group_1019,,hypothetical protein,71.429,350,5,762.0,0.459
group_441,,hypothetical protein,71.429,467,5,816.0,0.572
folD,folD,Bifunctional protein FolD protein,71.429,847,8,852.0,0.994
gpmA_2,gpmA_2,23-bisphosphoglycerate-dependent phosphoglycerate mutase,71.429,679,10,681.0,0.997
gla,gla,Glycerol facilitator-aquaporin gla,71.429,753,5,753.0,1.0
group_130,,hypothetical protein,71.464,409,5,663.0,0.617
ypiA,ypiA;,TPR repeat-containing protein YpiA;hypothetical protein,71.49,1168,10,1248.0,0.936
spx_1,spx_1,Global transcriptional regulator Spx,71.505,350,10,402.0,0.871
recQ,recQ,ATP-dependent DNA helicase RecQ,71.514,1498,5,1770.0,0.846
group_773,,hypothetical protein,71.518,690,13,855.0,0.807
fmt,fmt,Methionyl-tRNA formyltransferase,71.522,929,10,945.0,0.983
agaA,agaA,N-acetylgalactosamine-6-phosphate deacetylase,71.538,1181,10,1155.0,1.023
trmK,trmK,tRNA (adenine(22)-N(1))-methyltransferase,71.543,667,10,684.0,0.975
pepX,pepX,Xaa-Pro dipeptidyl-peptidase,71.549,2406,10,2382.0,1.01
tsaE,tsaE,tRNA threonylcarbamoyladenosine biosynthesis protein TsaE,71.638,474,10,480.0,0.988
dfrA,dfrA,Dihydrofolate reductase,71.649,521,7,510.0,1.022
srmB,srmB,ATP-dependent RNA helicase SrmB,71.655,2216,5,2232.0,0.993
bcaP_2,bcaP_2,Branched-chain amino acid permease BcaP,71.681,1321,12,1386.0,0.953
group_556,,hypothetical protein,71.687,332,5,486.0,0.683
folT,folT,Folate transporter FolT,71.694,457,10,519.0,0.881
clcA_1,clcA_1,H(+)/Cl(-) exchange transporter ClcA,71.738,1412,10,1560.0,0.905
group_456,,hypothetical protein,71.739,740,12,759.0,0.975
rasP,rasP,Regulator of sigma-W protease RasP,71.744,1270,10,1257.0,1.01
group_341,,Phosphorylated carbohydrates phosphatase,71.799,674,10,678.0,0.994
group_786,,hypothetical protein,71.816,508,10,525.0,0.968
rnz,rnz,Ribonuclease Z,71.828,930,10,939.0,0.99
group_754,,Membrane lipoprotein TpN32,71.852,813,10,855.0,0.951
group_774,,hypothetical protein,71.866,359,5,360.0,0.997
group_418,,hypothetical protein,71.875,608,10,624.0,0.974
cca,cca,CCA-adding enzyme,71.926,1035,10,1200.0,0.862
comGA,comGA,Competence protein ComGA,71.93,872,10,975.0,0.894
mfd,mfd,Transcription-repair-coupling factor,71.946,3516,16,3495.0,1.006
group_610,,hypothetical protein,71.951,82,2,624.0,0.131
divIB,divIB,Cell division protein DivIB,71.951,161,7,858.0,0.188
dltD,dltD,Protein DltD,71.965,1192,10,1287.0,0.926
uppS,uppS,Ditranspolycis-undecaprenyl-diphosphate synthase ((2E6E)-farnesyl-diphosphate specific),71.983,713,10,735.0,0.97
yitU,yitU,5-amino-6-(5-phospho-D-ribitylamino)uracil phosphatase YitU,72.0,100,1,774.0,0.129
asd,asd,Aspartate-semialdehyde dehydrogenase,72.019,1041,5,1059.0,0.983
group_645,,hypothetical protein,72.032,1143,10,1218.0,0.938
dinG_2,dinG_2,3'-5' exonuclease DinG,72.034,1517,23,2781.0,0.545
group_291,,hypothetical protein,72.05,966,5,1035.0,0.933
plsX,plsX,Phosphate acyltransferase,72.05,972,10,1002.0,0.97
group_375,,hypothetical protein,72.059,568,10,570.0,0.996
fhs1,fhs1,Formate--tetrahydrofolate ligase 1,72.064,1689,10,1677.0,1.007
rluB_1,rluB_1,Ribosomal large subunit pseudouridine synthase B,72.065,673,8,705.0,0.955
coaBC,coaBC,Coenzyme A biosynthesis bifunctional protein CoaBC,72.078,648,18,1191.0,0.544
iolU_1,iolU_1,scyllo-inositol 2-dehydrogenase (NADP(+)) IolU,72.081,985,5,990.0,0.995
rpsZ_2,rpsZ_2,Small ribosomal subunit protein uS14,72.093,86,1,186.0,0.462
group_420,,Oligosaccharide 4-alpha-D-glucosyltransferase,72.095,2100,5,2310.0,0.909
dtd3,dtd3,D-aminoacyl-tRNA deacylase,72.119,783,10,780.0,1.004
dnaJ,dnaJ,Chaperone protein DnaJ,72.131,1159,10,1152.0,1.006
glnH_3,glnH_3,ABC transporter glutamine-binding protein GlnH,72.138,725,15,819.0,0.885
mutM,mutM,Formamidopyrimidine-DNA glycosylase,72.141,822,10,828.0,0.993
rarA_1~~~rarA_2,rarA_1;rarA_2,Replication-associated recombination protein A,72.144,1166,13,1263.0,0.923
znuC,znuC,Zinc import ATP-binding protein ZnuC,72.147,574,10,648.0,0.886
group_833,,hypothetical protein,72.158,862,10,879.0,0.981
yhfK,;yhfK,hypothetical protein;putative sugar epimerase YhfK,72.165,97,3,642.0,0.151
znuB,znuB,High-affinity zinc uptake system membrane protein ZnuB,72.187,791,10,795.0,0.995
group_819,,hypothetical protein,72.189,1302,10,1308.0,0.995
nagB,nagB,Glucosamine-6-phosphate deaminase,72.191,714,10,720.0,0.992
bmpA_1,bmpA_1,ABC transporter nucleoside-binding protein BmpA,72.196,978,27,981.0,0.997
nupC,nupC,Nucleoside ABC transporter permease protein NupC,72.205,957,5,957.0,1.0
licC_2,;licC_2,hypothetical protein;Lichenan permease IIC component,72.277,106,5,747.0,0.142
yjeM_1,yjeM_1,Inner membrane transporter YjeM,72.277,213,13,261.0,0.816
group_1017,,hypothetical protein,72.289,463,10,1353.0,0.342
steT_2~~~steT_3,steT_2;steT_3,Serine/threonine exchanger SteT,72.298,1268,5,1320.0,0.961
dut,dut,Deoxyuridine 5'-triphosphate nucleotidohydrolase,72.318,529,10,552.0,0.958
group_606,,hypothetical protein,72.33,282,8,378.0,0.746
group_781,,L-2-hydroxyisocaproate dehydrogenase,72.333,862,6,912.0,0.945
nadD,nadD,Nicotinate-nucleotide adenylyltransferase,72.371,578,10,654.0,0.884
group_1384,,hypothetical protein,72.385,242,5,240.0,1.008
group_442,,dITP/XTP pyrophosphatase,72.386,612,10,621.0,0.986
group_505,,hypothetical protein,72.406,1359,10,1374.0,0.989
bcaP_1,bcaP_1,Branched-chain amino acid permease BcaP,72.414,1424,10,1431.0,0.995
group_476,,Type II NADH:quinone oxidoreductase,72.431,1226,4,1221.0,1.004
uptA,uptA,Undecaprenyl phosphate transporter A,72.47,525,10,615.0,0.854
yidA_2,yidA_2,Sugar phosphatase YidA,72.515,817,20,816.0,1.001
mraY,mraY,Phospho-N-acetylmuramoyl-pentapeptide-transferase,72.53,954,10,969.0,0.985
yokD,yokD,SPbeta prophage-derived aminoglycoside N(3')-acetyltransferase-like protein YokD,72.531,881,5,894.0,0.985
czcD,czcD,Cadmium cobalt and zinc/H(+)-K(+) antiporter,72.535,863,10,900.0,0.959
rpe,rpe,Ribulose-phosphate 3-epimerase,72.549,649,10,651.0,0.997
dltB,dltB,Teichoic acid D-alanyltransferase,72.565,1232,10,1239.0,0.994
xylB,xylB,Xylulose kinase,72.59,1455,5,1509.0,0.964
group_109,,hypothetical protein,72.599,588,23,1794.0,0.328
gndA,gndA,6-phosphogluconate dehydrogenase NADP(+)-dependent decarboxylating,72.618,1426,10,1404.0,1.016
htrA,htrA,Serine protease Do-like HtrA,72.621,1192,10,1263.0,0.944
prsA,prsA,Foldase protein PrsA,72.626,895,10,897.0,0.998
group_678,,hypothetical protein,72.637,201,10,240.0,0.838
clsA_1,clsA_1,Major cardiolipin synthase ClsA,72.65,1386,20,1458.0,0.951
glpE,glpE,Thiosulfate sulfurtransferase GlpE,72.658,395,10,402.0,0.983
group_947,,hypothetical protein,72.667,391,7,747.0,0.523
sdhA,sdhA,L-serine dehydratase alpha chain,72.675,876,5,882.0,0.993
degV_2,degV_2,Protein DegV,72.696,882,10,879.0,1.003
rsmD,rsmD,Ribosomal RNA small subunit methyltransferase D,72.711,546,10,549.0,0.995
def,def,Peptide deformylase,72.727,399,5,414.0,0.964
group_321,,hypothetical protein,72.761,545,5,561.0,0.971
darB,darB,Cyclic di-AMP receptor B,72.77,447,7,471.0,0.949
ccpA_4,ccpA_4,Catabolite control protein A,72.781,1014,10,1002.0,1.012
urdA_1,urdA_1,Urocanate reductase,72.786,1719,5,1770.0,0.971
group_120,,hypothetical protein,72.82,1078,2,1095.0,0.984
group_520,,hypothetical protein,72.851,955,10,1155.0,0.827
rnhB,rnhB,Ribonuclease HII,72.852,582,10,753.0,0.773
group_468,,hypothetical protein,72.857,642,10,858.0,0.748
group_816,,Endoglucanase,72.868,517,12,1104.0,0.468
group_714,,Putative glutamine amidotransferase,72.879,725,10,729.0,0.995
rutB,rutB,Ureidoacrylate amidohydrolase RutB,72.881,549,9,552.0,0.995
group_514,,hypothetical protein,72.888,584,10,648.0,0.901
pbp2a,pbp2a,Penicillin-binding protein 2a,72.89,1955,10,2058.0,0.95
murQ,murQ,N-acetylmuramic acid 6-phosphate etherase,72.894,819,9,897.0,0.913
gpmB,gpmB,phosphoglycerate mutase GpmB,72.897,642,10,660.0,0.973
ppsA,ppsA,Phosphoenolpyruvate synthase,72.906,2374,5,2373.0,1.0
bmr3,bmr3,Multidrug resistance protein 3,72.909,1447,15,1464.0,0.988
group_283,,hypothetical protein,72.913,539,5,774.0,0.696
ypdF,ypdF,Aminopeptidase YpdF,72.927,1059,10,1110.0,0.954
yicL_1~~~yicL_3,yicL_1;yicL_3,putative inner membrane transporter YicL,72.936,879,18,975.0,0.902
yrrK,yrrK,Putative pre-16S rRNA nuclease,72.947,426,10,429.0,0.993
coaD,coaD,Phosphopantetheine adenylyltransferase,72.951,459,10,486.0,0.944
yeaE,yeaE,Methylglyoxal reductase YeaE,72.956,795,5,828.0,0.96
waaO,waaO,Lipopolysaccharide glucosyltransferase WaaO,72.973,615,6,837.0,0.735
apbE,apbE,FAD:protein FMN transferase,72.984,870,10,930.0,0.935
yicL_2,yicL_2,putative inner membrane transporter YicL,72.99,891,15,921.0,0.967
tadA_1,tadA_1,tRNA-specific adenosine deaminase,73.002,475,11,501.0,0.948
rbsKrbiA_2,rbsK/rbiA_2,Bifunctional ribokinase/ribose-5-phosphate isomerase A,73.016,910,10,927.0,0.982
gluP,gluP,Rhomboid protease GluP,73.02,421,7,687.0,0.613
pepF,pepF,Oligopeptidase PepF,73.027,1789,10,1797.0,0.996
thiN,thiN,Thiamine pyrophosphokinase,73.029,347,10,675.0,0.514
dacA_2,dacA_2,D-alanyl-D-alanine carboxypeptidase DacA,73.034,848,12,1302.0,0.651
glyD_2~~~glyD_1~~~glyD,glyD_2;glyD_1;glyD,Glycosyltransferase GlyD,73.041,434,5,831.0,0.522
nagR,nagR,HTH-type transcriptional repressor NagR,73.055,696,10,702.0,0.991
hpt_2,hpt_2,Hypoxanthine-guanine phosphoribosyltransferase,73.062,557,11,570.0,0.977
gdpP,gdpP,Cyclic-di-AMP phosphodiesterase GdpP,73.062,2040,10,2022.0,1.009
dinB,dinB,DNA polymerase IV,73.067,828,10,1146.0,0.723
engB,engB,putative GTP-binding protein EngB,73.07,563,10,591.0,0.953
cpdA_2,cpdA_2,3'5'-cyclic adenosine monophosphate phosphodiesterase CpdA,73.113,1077,6,1233.0,0.873
group_997,,Alpha-monoglucosyldiacylglycerol synthase,73.117,1149,10,1179.0,0.975
purR,purR,Purine biosynthesis transcriptional repressor PurR,73.118,837,10,831.0,1.007
uup_11,uup_11,ATP-binding protein Uup,73.129,1581,26,1605.0,0.985
group_395,,hypothetical protein,73.134,207,9,483.0,0.429
benM_1,benM_1,HTH-type transcriptional regulator BenM,73.134,800,11,924.0,0.866
potD,potD,Spermidine/putrescine-binding periplasmic protein,73.143,986,11,1074.0,0.918
uup_15~~~uup_1,uup_15;uup_1,ATP-binding protein Uup,73.143,1575,2,1620.0,0.972
rnpA,rnpA,Ribonuclease P protein component,73.154,303,10,369.0,0.821
yfmL,yfmL,putative ATP-dependent RNA helicase YfmL,73.171,1149,20,1242.0,0.925
nupB,nupB,Nucleoside ABC transporter permease protein NupB,73.18,1044,5,1158.0,0.902
group_750,,hypothetical protein,73.183,502,10,510.0,0.984
ccpA_2,ccpA_2,Catabolite control protein A,73.218,482,10,987.0,0.488
xerS,xerS,Tyrosine recombinase XerS,73.223,1027,11,1068.0,0.962
rlmCD,rlmCD,23S rRNA (uracil-C(5))-methyltransferase RlmCD,73.224,1387,10,1389.0,0.999
tag,tag,DNA-3-methyladenine glycosylase 1,73.228,489,7,570.0,0.858
manX,manX,PTS system mannose-specific EIIAB component,73.235,1026,10,1008.0,1.018
group_281,,hypothetical protein,73.239,95,3,183.0,0.519
noc,noc,Nucleoid occlusion protein,73.239,837,15,837.0,1.0
glpK,glpK,Glycerol kinase,73.241,1489,9,1500.0,0.993
pepN,pepN,Aminopeptidase N,73.243,2564,10,2538.0,1.01
group_1095,,hypothetical protein,73.248,833,6,1242.0,0.671
yajL,yajL,Protein/nucleic acid deglycase 3,73.264,579,9,585.0,0.99
group_100,,hypothetical protein,73.267,180,3,438.0,0.411
ylbL,ylbL,putative protein YlbL,73.267,805,11,1044.0,0.771
group_410,,hypothetical protein,73.267,204,7,243.0,0.84
yaaA,yaaA,DNA-binding and peroxide stress resistance protein YaaA,73.272,707,12,762.0,0.928
thiD,thiD,Hydroxymethylpyrimidine/phosphomethylpyrimidine kinase,73.3,794,10,816.0,0.973
group_76,,hypothetical protein,73.309,813,10,816.0,0.996
ponA,ponA,Penicillin-binding protein 1A,73.312,1882,10,2313.0,0.814
group_1016,,hypothetical protein,73.326,927,10,948.0,0.978
group_1059,,putative ABC transporter ATP-binding protein,73.333,795,5,795.0,1.0
glnH_1~~~artI~~~glnH_2,glnH_1;artI;glnH_2;,ABC transporter glutamine-binding protein GlnH;Putative ABC transporter arginine-binding protein 2;hypothetical protein,73.352,713,1,873.0,0.817
atpC,atpC,ATP synthase epsilon chain,73.352,425,10,441.0,0.964
group_419,,hypothetical protein,73.367,219,5,264.0,0.83
group_251,,hypothetical protein,73.387,124,3,525.0,0.236
dnaI,dnaI,Replicative helicase loader DnaI,73.391,358,10,909.0,0.394
group_625,,hypothetical protein,73.391,257,7,369.0,0.696
glvR_2,glvR_2,HTH-type transcriptional regulator GlvR,73.394,109,4,774.0,0.141
lctD,lctD,Lactate dehydrogenase (NAD(+)ferredoxin) subunit LctD,73.395,1402,6,1404.0,0.999
mltF_1,mltF_1,Membrane-bound lytic murein transglycosylase F,73.403,1341,5,1485.0,0.903
artQ,artQ,Arginine transport system permease protein ArtQ,73.415,410,8,648.0,0.633
mrnC,mrnC,Mini-ribonuclease 3,73.438,437,10,444.0,0.984
bmpA_2,bmpA_2,ABC transporter nucleoside-binding protein BmpA,73.441,948,25,1095.0,0.866
dapX_1,dapX_1,putative N-acetyl-LL-diaminopimelate aminotransferase,73.457,440,10,1176.0,0.374
group_660,,hypothetical protein,73.486,611,10,612.0,0.998
rnj,rnj,Ribonuclease J,73.487,1309,10,1296.0,1.01
lacA,lacA,Galactoside O-acetyltransferase,73.496,615,5,615.0,1.0
group_861,,putative oxidoreductase,73.503,786,10,795.0,0.989
corC,corC,Magnesium and cobalt efflux protein CorC,73.511,789,10,867.0,0.91
group_845,,hypothetical protein,73.516,219,2,417.0,0.525
recN,recN,DNA repair protein RecN,73.524,1684,10,1683.0,1.001
recG,recG,ATP-dependent DNA helicase RecG,73.529,2016,20,2037.0,0.99
hit,hit,Protein hit,73.538,416,10,432.0,0.963
lacX,lacX,Protein LacX plasmid,73.6,841,14,897.0,0.938
murJ_1,murJ_1,Lipid II flippase MurJ,73.606,1409,10,1644.0,0.857
group_627,,hypothetical protein,73.611,97,5,228.0,0.425
cycA_1,cycA_1,D-serine/D-alanine/glycine transporter,73.611,1315,14,1374.0,0.957
group_353,,hypothetical protein,73.636,336,10,633.0,0.531
gpsB_1,gpsB_1,Cell cycle adapter protein GpsB,73.653,340,10,825.0,0.412
cmk,cmk,Cytidylate kinase,73.66,676,10,672.0,1.006
ptpB_1,ptpB_1,Triple specificity protein phosphatase PtpB,73.684,574,13,792.0,0.725
csbB,csbB,Putative glycosyltransferase CsbB,73.684,936,10,930.0,1.006
trmB,trmB,tRNA (guanine-N(7)-)-methyltransferase,73.692,660,10,657.0,1.005
group_1058,,Iron-sulfur cluster assembly SufBD family protein,73.703,1118,7,1404.0,0.796
ligA,ligA,DNA ligase,73.716,1967,10,2007.0,0.98
helD,helD,DNA helicase IV,73.748,2169,10,2307.0,0.94
ruvA,ruvA,Holliday junction branch migration complex subunit RuvA,73.75,543,10,588.0,0.923
phnD2,phnD2,putative ABC transporter phosphonate/phosphite binding protein PhnD2,73.752,833,22,936.0,0.89
nth,nth,Endonuclease III,73.782,618,10,630.0,0.981
alx,alx,Putative membrane-bound redox modulator Alx,73.791,787,11,789.0,0.997
group_758,,hypothetical protein,73.793,436,10,942.0,0.463
pstS1_2,pstS1_2,Phosphate-binding protein PstS 1,73.804,794,7,867.0,0.916
bbmA,bbmA,Intracellular maltogenic amylase,73.807,1721,10,1722.0,0.999
csd,csd,putative cysteine desulfurase,73.81,557,7,1239.0,0.45
gmuR,gmuR,HTH-type transcriptional regulator GmuR,73.816,718,10,726.0,0.989
group_211,,hypothetical protein,73.832,107,4,456.0,0.235
dagK,dagK,Diacylglycerol kinase,73.838,925,10,921.0,1.004
acpP,acpP,Acyl carrier protein,73.84,237,10,243.0,0.975
group_717,,hypothetical protein,73.864,163,7,861.0,0.189
group_1102,,hypothetical protein,73.869,1083,5,1119.0,0.968
group_965,,hypothetical protein,73.876,673,10,663.0,1.015
mscL,mscL,Large-conductance mechanosensitive channel,73.889,360,10,375.0,0.96
mdtP_3,mdtP_3,Multidrug transporter protein MdtP,73.913,1414,21,1470.0,0.962
rsmC,rsmC,Ribosomal RNA small subunit methyltransferase C,73.95,599,10,621.0,0.965
group_884,,hypothetical protein,73.958,104,7,249.0,0.418
ftsY,ftsY,Signal recognition particle receptor FtsY,73.978,981,10,1299.0,0.755
mutL,mutL,DNA mismatch repair protein MutL,74.0,1091,21,1926.0,0.566
dnaN,dnaN,Beta sliding clamp,74.009,1135,10,1131.0,1.004
cydD,cydD,Glutathione/L-cysteine transport system ATP-binding/permease protein CydD,74.038,1646,10,1719.0,0.958
cshB,cshB,DEAD-box ATP-dependent RNA helicase CshB,74.038,1327,23,1362.0,0.974
cpdB,cpdB,2'3'-cyclic-nucleotide 2'-phosphodiesterase/3'-nucleotidase,74.046,1580,10,1557.0,1.015
ypuA,ypuA,putative protein YpuA,74.057,887,10,954.0,0.93
odcI,odcI,Inducible ornithine decarboxylase,74.078,1845,10,2088.0,0.884
group_815,,hypothetical protein,74.09,861,10,849.0,1.014
gpmA_5,gpmA_5,23-bisphosphoglycerate-dependent phosphoglycerate mutase,74.104,614,10,651.0,0.943
prmC,prmC,Release factor glutamine methyltransferase,74.129,792,10,846.0,0.936
guaA_2,guaA_2,GMP synthase [glutamine-hydrolyzing],74.141,674,11,669.0,1.007
whiA,whiA,putative cell division protein WhiA,74.144,908,10,936.0,0.97
cpoA,cpoA,Alpha-galactosylglucosyldiacylglycerol synthase,74.166,1049,10,1044.0,1.005
group_309,,hypothetical protein,74.203,394,8,420.0,0.938
pbpX_2,pbpX_2,Putative penicillin-binding protein PbpX,74.219,232,5,942.0,0.246
group_354,,hypothetical protein,74.227,97,3,303.0,0.32
kdpB,kdpB,Potassium-transporting ATPase ATP-binding subunit,74.23,2281,14,2274.0,1.003
penA,penA,Penicillin-binding protein 2B,74.233,2069,11,2109.0,0.981
ddlA,ddlA,D-alanine--D-alanine ligase A,74.241,1087,10,1083.0,1.004
group_103,,Putative protein phosphatase 2C-type,74.247,736,10,756.0,0.974
group_941,,Flavodoxin,74.273,451,10,447.0,1.009
lemA,lemA,Protein LemA,74.275,554,10,561.0,0.988
mutS,mutS,DNA mismatch repair protein MutS,74.286,2610,12,2598.0,1.005
group_943,,hypothetical protein,74.296,750,14,924.0,0.812
group_626,,hypothetical protein,74.312,218,5,228.0,0.956
trxB,trxB,Thioredoxin reductase,74.326,931,10,939.0,0.991
ruvB,ruvB,Holliday junction branch migration complex subunit RuvB,74.334,939,10,1011.0,0.929
group_755,,NADH:fumarate oxidoreductase,74.37,1353,14,1377.0,0.983
rsmH,rsmH,Ribosomal RNA small subunit methyltransferase H,74.37,957,10,948.0,1.009
hrcA,hrcA,Heat-inducible transcription repressor HrcA,74.412,1077,10,1050.0,1.026
group_357,,hypothetical protein,74.429,438,5,438.0,1.0
dacA_1,dacA_1,Diadenylate cyclase,74.446,770,10,843.0,0.913
relA,relA,GTP pyrophosphokinase,74.467,2269,10,2241.0,1.012
mecA,mecA,Adapter protein MecA,74.468,235,7,747.0,0.315
group_25,,hypothetical protein,74.486,250,10,267.0,0.936
group_732,,hypothetical protein,74.5,775,10,891.0,0.87
group_471,,hypothetical protein,74.51,621,6,843.0,0.737
group_370,,Phosphomevalonate kinase,74.53,1064,10,1083.0,0.982
group_277,,hypothetical protein,74.566,205,5,870.0,0.236
group_777,,Bis(5'-nucleosyl)-tetraphosphatase symmetrical,74.593,583,10,594.0,0.981
group_706,,hypothetical protein,74.611,683,10,702.0,0.973
spo0J,spo0J,Stage 0 sporulation protein J,74.625,915,19,888.0,1.03
ypsC,ypsC,Putative RNA methyltransferase YpsC,74.638,1122,10,1125.0,0.997
group_112,,hypothetical protein,74.641,836,5,837.0,0.999
yvgN,yvgN,Glyoxal reductase,74.648,861,10,858.0,1.003
strA,strA,Sortase A,74.662,658,10,687.0,0.958
group_1004,,hypothetical protein,74.667,258,13,861.0,0.3
group_373,,hypothetical protein,74.667,331,4,498.0,0.665
comEC,comEC,ComE operon protein 3,74.667,1626,15,2289.0,0.71
veg,veg,Protein Veg,74.678,233,10,258.0,0.903
mco,mco,Multicopper oxidase mco,74.688,1521,5,1554.0,0.979
pepT_1,pepT_1,Peptidase T,74.713,980,21,1284.0,0.763
group_504,,hypothetical protein,74.725,317,15,663.0,0.478
lgt,lgt,Phosphatidylglycerol--prolipoprotein diacylglyceryl transferase,74.727,823,11,840.0,0.98
xpt,xpt,Xanthine phosphoribosyltransferase,74.729,581,10,579.0,1.003
group_998,,hypothetical protein,74.737,874,15,1035.0,0.844
hprK,hprK,HPr kinase/phosphorylase,74.783,887,11,969.0,0.915
hmo,hmo,4-hydroxymandelate oxidase,74.784,933,5,1002.0,0.931
miaA,miaA,tRNA dimethylallyltransferase,74.797,941,11,963.0,0.977
ywaC,ywaC,GTP pyrophosphokinase YwaC,74.832,598,10,615.0,0.972
nrdI_1,nrdI_1,Protein NrdI,74.834,356,5,447.0,0.796
rfbX,rfbX,Putative O-antigen transporter,74.874,1416,10,1431.0,0.99
group_454,,hypothetical protein,74.877,430,5,405.0,1.062
czcR~~~trcR_2~~~trcR_1,czcR;trcR_2;trcR_1,Transcriptional activator protein CzcR;Transcriptional regulatory protein TrcR,74.883,641,10,666.0,0.962
pepQ,pepQ,Xaa-Pro dipeptidase,74.884,1119,10,1107.0,1.011
smpB,smpB,SsrA-binding protein,74.888,461,10,459.0,1.004
group_458,,Putative TrmH family tRNA/rRNA methyltransferase,74.897,730,11,756.0,0.966
aimA,aimA,Glutamate/serine transporter AimA,74.899,1512,10,1593.0,0.949
glnP_1~~~glnP_2,;glnP_1;glnP_2,hypothetical protein;Glutamine transport system permease protein GlnP,74.917,602,1,678.0,0.888
priA,priA,Replication restart protein PriA,74.919,1568,20,2400.0,0.653
group_621,,hypothetical protein,74.921,405,5,459.0,0.882
asnA,asnA,Aspartate--ammonia ligase,74.925,997,10,1014.0,0.983
lacZ,lacZ,Beta-galactosidase LacZ,75.0,92,2,2007.0,0.046
group_337,,hypothetical protein,75.0,271,7,516.0,0.525
rodA,rodA,Peptidoglycan glycosyltransferase RodA,75.0,1205,10,1194.0,1.009
rnc,rnc,Ribonuclease 3,75.0,696,10,690.0,1.009
sasA_3~~~baeS~~~sasA_4,;sasA_3;baeS;sasA_4,hypothetical protein;Adaptive-response sensory-kinase SasA;Signal transduction histidine-protein kinase BaeS,75.0,1303,12,1278.0,1.02
exoA,exoA,Exodeoxyribonuclease,75.03,825,10,828.0,0.996
zwf,zwf,Glucose-6-phosphate 1-dehydrogenase,75.034,1464,10,1452.0,1.008
group_647,,hypothetical protein,75.1,498,10,1134.0,0.439
hslO,hslO,33 kDa chaperonin,75.103,872,11,891.0,0.979
oatA,oatA,O-acetyltransferase OatA,75.11,1933,14,1917.0,1.008
group_429,,hypothetical protein,75.111,546,3,801.0,0.682
group_1015,,hypothetical protein,75.12,253,10,369.0,0.686
yclM_2,yclM_2,Aspartokinase 3,75.121,1033,5,1368.0,0.755
ecfT_1~~~ecfT_2,ecfT_1;ecfT_2,Energy-coupling factor transporter transmembrane protein EcfT,75.125,812,10,798.0,1.018
ltaS1_2,ltaS1_2,Lipoteichoic acid synthase 1,75.143,1914,18,2061.0,0.929
group_1012,,hypothetical protein,75.152,870,12,1371.0,0.635
gmk_1~~~gmk_2,gmk_1;gmk_2,Guanylate kinase,75.175,347,6,543.0,0.639
group_974,kup_2,Low affinity potassium transport system protein Kup,75.195,1940,15,2010.0,0.965
pfkA,pfkA,ATP-dependent 6-phosphofructokinase,75.214,936,10,963.0,0.972
pepV,pepV,Beta-Ala-Xaa dipeptidase,75.23,1413,10,1407.0,1.004
potC,;potC,hypothetical protein;Spermidine/putrescine transport system permease protein PotC,75.237,742,10,816.0,0.909
rnr,rnr,Ribonuclease R,75.24,2232,10,2340.0,0.954
rlmH,rlmH,Ribosomal RNA large subunit methyltransferase H,75.26,481,10,480.0,1.002
group_336,,hypothetical protein,75.269,798,7,888.0,0.899
yslB,yslB,putative protein YslB,75.294,277,5,411.0,0.674
comA_3~~~comA_1~~~comA_2,comA_3;comA_1;comA_2,Transport/processing ATP-binding protein ComA,75.325,2159,17,2163.0,0.998
nhaC,nhaC,Na(+)/H(+) antiporter NhaC,75.367,1374,11,1374.0,1.0
murD,murD,UDP-N-acetylmuramoylalanine--D-glutamate ligase,75.378,1389,10,1380.0,1.007
srrA,srrA,Transcriptional regulatory protein SrrA,75.421,712,20,705.0,1.01
group_107,,Farnesyl diphosphate synthase,75.445,843,10,870.0,0.969
msrA,msrA,Peptide methionine sulfoxide reductase MsrA,75.449,506,10,567.0,0.892
udk_1~~~udk_2,udk_1;udk_2,Uridine kinase,75.466,322,10,339.0,0.95
group_1006,,hypothetical protein,75.472,584,10,606.0,0.964
ansA,ansA,L-asparaginase 1,75.483,983,5,993.0,0.99
yodB,yodB,HTH-type transcriptional regulator YodB,75.49,310,10,351.0,0.883
ribBA,ribBA,Riboflavin biosynthesis protein RibBA,75.497,1169,9,1179.0,0.992
truA,truA,tRNA pseudouridine synthase A,75.515,780,10,789.0,0.989
cspA,cspA,Cold shock-like protein CspA,75.532,199,5,204.0,0.975
group_772,,Protein ADP-ribosyltransferase,75.556,627,13,822.0,0.763
group_707,,hypothetical protein,75.573,131,5,192.0,0.682
gmuE,gmuE,Putative fructokinase,75.573,866,11,879.0,0.985
dtpT,dtpT,Di-/tripeptide transporter,75.587,1479,10,1494.0,0.99
atpF,atpF,ATP synthase subunit b,75.592,449,10,510.0,0.88
atpB,atpB,ATP synthase subunit a,75.598,627,10,714.0,0.878
yflS,yflS,Putative malate transporter YflS,75.61,1505,18,1470.0,1.024
group_249,,hypothetical protein,75.617,346,10,942.0,0.367
yjaB,yjaB,Peptidyl-lysine N-acetyltransferase YjaB,75.63,150,5,450.0,0.333
dnaA,dnaA,Chromosomal replication initiator protein DnaA,75.649,1377,10,1368.0,1.007
rppH_2,rppH_2,RNA pyrophosphohydrolase,75.652,139,10,414.0,0.336
lacF,lacF,Lactose transport system permease protein LacF,75.663,870,10,867.0,1.003
sorC,sorC,Sorbitol operon regulator,75.676,211,5,939.0,0.225
group_1018,,hypothetical protein,75.676,408,5,825.0,0.495
citD,citD,Citrate lyase acyl carrier protein,75.676,296,5,294.0,1.007
trmFO,trmFO,Methylenetetrahydrofolate--tRNA-(uracil-5-)-methyltransferase TrmFO,75.678,1291,10,1317.0,0.98
dltA,dltA,D-alanine--D-alanyl carrier protein ligase,75.681,1520,10,1515.0,1.003
frr,frr,Ribosome-recycling factor,75.691,548,10,558.0,0.982
group_116,,hypothetical protein,75.758,99,2,345.0,0.287
group_984,,hypothetical protein,75.758,791,11,804.0,0.984
group_280,,hypothetical protein,75.774,1292,5,1335.0,0.968
copA,copA,Copper-exporting P-type ATPase,75.787,1942,18,1941.0,1.001
mnmG,mnmG,tRNA uridine 5-carboxymethylaminomethyl modification enzyme MnmG,75.788,1882,11,1899.0,0.991
yjeM_3,yjeM_3,Inner membrane transporter YjeM,75.793,1450,23,1497.0,0.969
group_722,,hypothetical protein,75.806,176,2,1308.0,0.135
group_322,,hypothetical protein,75.806,209,4,729.0,0.287
group_734,,hypothetical protein,75.806,456,2,654.0,0.697
ganP,ganP,Galactooligosaccharides transport system permease protein GanP,75.831,1355,10,1359.0,0.997
dnaB_2,dnaB_2,Replicative DNA helicase DnaB,75.835,1386,11,1392.0,0.996
group_607,,hypothetical protein,75.879,265,7,303.0,0.875
gmuF_1,gmuF_1,putative mannose-6-phosphate isomerase GmuF,75.882,972,10,963.0,1.009
group_491,,Nucleobase transporter PlUacP,75.889,1267,10,1287.0,0.984
xerC_4,xerC_4,Tyrosine recombinase XerC,75.893,578,23,909.0,0.636
group_1052,,hypothetical protein,75.895,1035,5,1032.0,1.003
group_1013,,hypothetical protein,75.904,531,12,609.0,0.872
nudF,nudF,ADP-ribose pyrophosphatase,75.919,544,10,570.0,0.954
oppA_4~~~oppA_1,oppA_4;oppA_1,Oligopeptide-binding protein OppA,75.938,1754,30,1770.0,0.991
group_1011,,hypothetical protein,75.938,320,10,321.0,0.997
maa_1,maa_1,Maltose O-acetyltransferase,76.0,100,1,603.0,0.166
ydjP,ydjP,AB hydrolase superfamily protein YdjP,76.0,305,11,792.0,0.385
rnj2,rnj2,Ribonuclease J 2,76.0,1683,18,1785.0,0.943
walJ,walJ,Exodeoxyribonuclease WalJ,76.0,763,10,798.0,0.956
group_964,,hypothetical protein,76.0,889,14,906.0,0.981
yheH,yheH,putative multidrug resistance ABC transporter ATP-binding/permease protein YheH,76.0,1786,28,1800.0,0.992
tagO,tagO,putative undecaprenyl-phosphate N-acetylglucosaminyl 1-phosphate transferase,76.0,1150,10,1158.0,0.993
galT,galT,Galactose-1-phosphate uridylyltransferase,76.011,1459,10,1470.0,0.993
ldh_1,ldh_1,L-lactate dehydrogenase,76.018,909,18,930.0,0.977
gspA,;gspA,hypothetical protein;General stress protein A,76.037,964,10,954.0,1.01
group_1053,,D-ribitol-5-phosphate phosphatase,76.042,576,5,597.0,0.965
atpG,atpG,ATP synthase gamma chain,76.053,973,10,963.0,1.01
prkC,prkC,Serine/threonine-protein kinase PrkC,76.056,852,18,2031.0,0.419
group_766,,hypothetical protein,76.068,924,18,918.0,1.007
dtd,dtd,D-aminoacyl-tRNA deacylase,76.072,443,10,438.0,1.011
dxs,dxs,1-deoxy-D-xylulose-5-phosphate synthase,76.079,1709,8,1746.0,0.979
thyA,thyA,Thymidylate synthase,76.096,964,10,957.0,1.007
group_105,,putative protein,76.099,364,10,363.0,1.003
fpgS,fpgS,Folylpolyglutamate synthase,76.119,1264,14,1284.0,0.984
group_438,,hypothetical protein,76.142,215,5,393.0,0.547
polC_2,polC_2,DNA polymerase III PolC-type,76.154,533,10,534.0,0.998
obg,obg,GTPase Obg,76.165,1311,10,1305.0,1.005
qmcA,qmcA;,Protein QmcA;hypothetical protein,76.172,791,10,885.0,0.894
oppB,oppB,Oligopeptide transport system permease protein OppB,76.18,970,10,960.0,1.01
group_996,,hypothetical protein,76.19,126,5,645.0,0.195
group_599,,hypothetical protein,76.19,264,11,552.0,0.478
bceB,bceB,Bacitracin export permease protein BceB,76.19,1017,24,1827.0,0.557
ybeY,ybeY,Endoribonuclease YbeY,76.19,527,10,525.0,1.004
mreC,mreC,Cell shape-determining protein MreC,76.19,860,15,852.0,1.009
metP,metP,Methionine import system permease protein MetP,76.198,700,10,702.0,0.997
rsfS,rsfS,Ribosomal silencing factor RsfS,76.205,342,10,348.0,0.983
ppc,ppc,Phosphoenolpyruvate carboxylase,76.218,2632,5,2739.0,0.961
mgtA_3~~~mgtB,;mgtA_3;mgtB,hypothetical protein;Magnesium-transporting ATPase P-type 1,76.238,2371,24,2670.0,0.888
coaE,coaE,Dephospho-CoA kinase,76.271,275,8,603.0,0.456
group_658,,D-aspartate ligase,76.273,1280,10,1284.0,0.997
pyrF,pyrF,Orotidine 5'-phosphate decarboxylase,76.278,704,5,705.0,0.999
group_954,,hypothetical protein,76.282,406,10,1080.0,0.376
pyrAB,pyrAB,Carbamoyl phosphate synthase pyrimidine-specific large chain,76.289,1087,37,3195.0,0.34
radA,radA,DNA repair protein RadA,76.291,1384,10,1377.0,1.005
yciB,yciB,Putative LD-transpeptidase YciB,76.316,460,7,687.0,0.67
napA,napA,Na(+)/H(+) antiporter,76.316,1145,10,1170.0,0.979
group_710,,Deoxyadenosine kinase,76.358,628,22,648.0,0.969
glnP_2,glnP_2,putative glutamine ABC transporter permease protein GlnP,76.369,639,18,654.0,0.977
group_104,,hypothetical protein,76.389,816,12,897.0,0.91
gpsB_2,gpsB_2,Cell cycle protein GpsB,76.433,189,10,411.0,0.46
group_952,,Nucleotide-binding protein,76.444,883,10,882.0,1.001
group_315,,Putative universal stress protein,76.471,425,17,465.0,0.914
nusB,nusB,Transcription antitermination protein NusB,76.471,386,9,396.0,0.975
group_524,,hypothetical protein,76.475,1288,5,1329.0,0.969
group_384,,hypothetical protein,76.485,405,9,441.0,0.918
pbpX_1,pbpX_1,Putative penicillin-binding protein PbpX,76.488,974,6,1035.0,0.941
pta,pta,Phosphate acetyltransferase,76.489,658,10,990.0,0.665
group_57,,hypothetical protein,76.522,230,10,342.0,0.673
ftsW,ftsW,putative peptidoglycan glycosyltransferase FtsW,76.531,1171,12,1185.0,0.988
group_397,,hypothetical protein,76.543,208,10,282.0,0.738
group_531,,hypothetical protein,76.562,122,4,1035.0,0.118
group_459,,hypothetical protein,76.562,287,6,435.0,0.66
group_953,,hypothetical protein,76.596,413,10,1245.0,0.332
murG,murG,UDP-N-acetylglucosamine--N-acetylmuramyl-(pentapeptide) pyrophosphoryl-undecaprenol N-acetylglucosamine transferase,76.664,1105,10,1107.0,0.998
clpC,clpC,ATP-dependent Clp protease ATP-binding subunit ClpC,76.667,2411,49,2481.0,0.972
rbsKrbiA_1,rbsK/rbiA_1,Bifunctional ribokinase/ribose-5-phosphate isomerase A,76.692,133,3,684.0,0.194
cshA,cshA,ATP-dependent RNA helicase CshA,76.694,1345,17,1488.0,0.904
adhE_2,adhE_2,Aldehyde-alcohol dehydrogenase,76.708,2284,10,2295.0,0.995
yjbM,yjbM,GTP pyrophosphokinase YjbM,76.715,627,16,633.0,0.991
group_538,,Oleate hydratase,76.715,1821,10,1773.0,1.027
lexA,lexA,LexA repressor,76.759,611,6,627.0,0.974
pcp,pcp,Pyrrolidone-carboxylate peptidase,76.78,648,10,648.0,1.0
nrdD,nrdD,Anaerobic ribonucleoside-triphosphate reductase,76.784,1982,10,2208.0,0.898
uvrC,uvrC,UvrABC system protein C,76.8,1807,10,1803.0,1.002
group_650,,hypothetical protein,76.812,378,10,486.0,0.778
clsA_2~~~cls,clsA_2;cls,Major cardiolipin synthase ClsA;Cardiolipin synthase,76.812,1503,19,1536.0,0.979
scpA,scpA,Segregation and condensation protein A,76.819,371,15,741.0,0.501
dedA,dedA,DedA family protein,76.85,644,10,651.0,0.989
ung,ung,Uracil-DNA glycosylase,76.9,692,10,699.0,0.99
sorA,sorA,PTS system sorbose-specific EIIC component,76.914,823,10,810.0,1.016
dppA_7,dppA_7,Dipeptide-binding protein,76.923,95,5,1635.0,0.058
rdgB,rdgB,dITP/XTP pyrophosphatase,76.923,91,3,624.0,0.146
group_1014,,hypothetical protein,76.923,440,10,852.0,0.516
group_708,,hypothetical protein,76.923,104,5,153.0,0.68
efp_2,efp_2,Elongation factor P,76.923,559,20,576.0,0.97
alr,alr,Alanine racemase,76.923,1131,10,1131.0,1.0
glcU,glcU,Glucose uptake protein GlcU,76.923,873,8,864.0,1.01
tagK,tagK,D-tagatose-1-phosphate kinase,76.94,906,10,915.0,0.99
recR,recR,Recombination protein RecR,76.949,590,10,600.0,0.983
glyA,glyA,Serine hydroxymethyltransferase,76.964,1174,11,1236.0,0.95
sufT,sufT,Fe-S protein maturation auxiliary factor SufT,76.984,126,10,324.0,0.389
hdfR_2,hdfR_2,HTH-type transcriptional regulator HdfR,76.995,213,3,975.0,0.218
mltF_2,mltF_2,Membrane-bound lytic murein transglycosylase F,77.001,1537,10,1614.0,0.952
lspA,lspA,Lipoprotein signal peptidase,77.003,432,11,465.0,0.929
group_342,,hypothetical protein,77.019,326,10,342.0,0.953
pncB2,pncB2,Nicotinate phosphoribosyltransferase pncB2,77.019,1449,10,1479.0,0.98
yedJ,yedJ,putative protein YedJ,77.029,653,10,654.0,0.998
mdtG_2~~~sbnD_2~~~mdtG_1,mdtG_2;sbnD_2;mdtG_1,Multidrug resistance protein MdtG;Staphyloferrin B transporter,77.049,1188,12,1248.0,0.952
argS,argS,Arginine--tRNA ligase,77.06,1694,10,1686.0,1.005
rny,rny,Ribonuclease Y,77.065,1648,10,1638.0,1.006
nrdR,nrdR,Transcriptional repressor NrdR,77.079,469,10,468.0,1.002
group_769,ngcG,Diacetylchitobiose uptake system permease protein NgcG,77.081,829,10,825.0,1.005
metK,metK,S-adenosylmethionine synthase,77.094,1194,10,1200.0,0.995
group_811,,hypothetical protein,77.143,170,10,1254.0,0.136
group_403,,hypothetical protein,77.143,576,5,597.0,0.965
pheT_1,pheT_1,Phenylalanine--tRNA ligase beta subunit,77.16,706,13,702.0,1.006
polC_1,polC_1,DNA polymerase III PolC-type,77.17,4338,13,4311.0,1.006
group_729,uup_5,ATP-binding protein Uup,77.174,2357,54,2340.0,1.007
rplI,rplI,Large ribosomal subunit protein bL9,77.174,460,11,456.0,1.009
patB,patB,Cystathionine beta-lyase PatB,77.228,1124,7,1164.0,0.966
group_515,,hypothetical protein,77.273,66,1,1476.0,0.045
group_893,,hypothetical protein,77.273,98,8,363.0,0.27
mtnN,mtnN,5'-methylthioadenosine/S-adenosylhomocysteine nucleosidase,77.273,675,11,696.0,0.97
spoIIIE,spoIIIE,DNA translocase SpoIIIE,77.32,1544,15,2424.0,0.637
group_728,,hypothetical protein,77.358,250,3,1101.0,0.227
thrP_1,thrP_1,Threonine/serine transporter ThrP,77.372,1370,22,1374.0,0.997
scrA,scrA,PTS system sucrose-specific EIIBCA component,77.381,1949,26,1950.0,0.999
phnE_1~~~phnE_2,phnE_1;phnE_2,Phosphate-import permease protein PhnE,77.386,782,15,798.0,0.98
ntd_2,ntd_2,Nucleoside deoxyribosyltransferase,77.406,481,9,477.0,1.008
pth,pth,Peptidyl-tRNA hydrolase,77.419,559,10,558.0,1.002
pheT_2,pheT_2,Phenylalanine--tRNA ligase beta subunit,77.419,2435,17,2421.0,1.006
potB,potB,Spermidine/putrescine transport system permease protein PotB,77.434,778,10,813.0,0.957
purB,purB,Adenylosuccinate lyase,77.434,1296,10,1299.0,0.998
group_541,,hypothetical protein,77.512,645,11,699.0,0.923
kup_2,kup_2,Low affinity potassium transport system protein Kup,77.513,2002,15,2025.0,0.989
gatD,gatD,Lipid II isoglutaminyl synthase (glutamine-hydrolyzing) subunit GatD,77.545,688,11,687.0,1.001
cydA~~~appC_2~~~appC,cydA;appC_2;appC,Cytochrome bd-I ubiquinol oxidase subunit 1;Cytochrome bd-II ubiquinol oxidase subunit 1,77.554,1439,8,1431.0,1.006
group_1079,,hypothetical protein,77.6,152,10,525.0,0.29
yfnB,yfnB,Putative HAD-hydrolase YfnB,77.616,709,8,708.0,1.001
ffh,ffh,Signal recognition particle protein,77.636,1413,10,1431.0,0.987
group_970,,hypothetical protein,77.671,1318,12,1359.0,0.97
cydB,cydB,Cytochrome bd-I ubiquinol oxidase subunit 2,77.688,986,11,1017.0,0.97
thiI,thiI,putative tRNA sulfurtransferase,77.705,1220,11,1218.0,1.002
glyS,glyS,Glycine--tRNA ligase beta subunit,77.74,2080,10,2064.0,1.008
ybhL_2,ybhL_2,Inner membrane protein YbhL,77.778,696,14,711.0,0.979
rnhA,rnhA,Ribonuclease H,77.778,782,16,771.0,1.014
nfr2,nfr2,NADH-dependent flavin reductase subunit 2,77.778,567,11,549.0,1.033
pepE_3,pepE_3,Aminopeptidase E,77.786,1320,53,1314.0,1.005
sepF,sepF,Cell division protein SepF,77.814,437,10,438.0,0.998
group_825,,Putative peptidyl-prolyl cis-trans isomerase,77.841,566,10,600.0,0.943
xseB,xseB,Exodeoxyribonuclease 7 small subunit,77.872,243,10,243.0,1.0
gmk_1,gmk_1,Guanylate kinase,77.886,616,10,615.0,1.002
msrB,msrB,Peptide methionine sulfoxide reductase MsrB,77.895,380,10,450.0,0.844
hslV,hslV,ATP-dependent protease subunit HslV,77.905,525,10,525.0,1.0
hisS,hisS,Histidine--tRNA ligase,77.919,1264,10,1287.0,0.982
group_206,,hypothetical protein,77.922,122,5,426.0,0.286
group_484,,Acid shock protein,77.928,222,5,426.0,0.521
comFC,comFC,Competence protein ComFC,77.941,119,8,696.0,0.171
group_182,,hypothetical protein,77.941,279,15,1206.0,0.231
xpkA_2,xpkA_2,Xylulose-5-phosphate phosphoketolase,77.958,2413,10,2400.0,1.005
uvrB_1,uvrB_1,UvrABC system protein B,77.961,2050,10,2046.0,1.002
thrP_2,thrP_2,Threonine/serine transporter ThrP,77.991,1354,24,1392.0,0.973
group_1009,,hypothetical protein,78.035,236,10,591.0,0.399
guaC,guaC,GMP reductase,78.059,994,10,993.0,1.001
adhE_1,adhE_1,Aldehyde-alcohol dehydrogenase,78.07,241,10,312.0,0.772
walK,walK,Sensor protein kinase WalK,78.082,1848,15,1854.0,0.997
group_792,,hypothetical protein,78.09,551,8,555.0,0.993
nusG,nusG,Transcription termination/antitermination protein NusG,78.136,558,10,558.0,1.0
rnj1,rnj1,Ribonuclease J 1,78.162,1684,21,1680.0,1.002
xpkA_1,xpkA_1,Xylulose-5-phosphate phosphoketolase,78.18,2406,10,2397.0,1.004
pnp,pnp,Polyribonucleotide nucleotidyltransferase,78.182,55,3,363.0,0.152
mutS2,mutS2,Endonuclease MutS2,78.182,907,10,1878.0,0.483
galM,galM,Aldose 1-epimerase,78.182,935,6,996.0,0.939
fruA_3,fruA_3,PTS system fructose-specific EIIABC component,78.185,2019,15,1998.0,1.011
mnaA,mnaA,UDP-N-acetylglucosamine 2-epimerase,78.207,1142,10,1143.0,0.999
recU,recU,Holliday junction resolvase RecU,78.236,535,10,630.0,0.849
tlyA,tlyA,16S/23S rRNA (cytidine-2'-O)-methyltransferase TlyA;Hemolysin A,78.25,812,10,813.0,0.999
gyrA,gyrA,DNA gyrase subunit A GyrA,78.272,2438,20,2481.0,0.983
pbuG,pbuG,Guanine/hypoxanthine permease PbuG,78.274,1308,26,1311.0,0.998
ycaM_1,ycaM_1,Inner membrane transporter YcaM,78.289,1443,24,1473.0,0.98
upp,upp,Uracil phosphoribosyltransferase,78.323,632,10,630.0,1.003
group_770,,hypothetical protein,78.331,623,9,648.0,0.961
group_19,,hypothetical protein,78.333,381,7,780.0,0.488
group_962,,Putative gluconeogenesis factor,78.343,1006,10,1044.0,0.964
rpoZ,rpoZ,DNA-directed RNA polymerase subunit omega,78.351,201,10,225.0,0.893
secY,secY,Protein translocase subunit SecY,78.351,1298,10,1296.0,1.002
citF,citF,Citrate lyase alpha chain,78.354,1543,6,1542.0,1.001
group_839,,hypothetical protein,78.361,675,10,708.0,0.953
simA,simA,6-phospho-alpha-glucosidase 1,78.389,1328,5,1338.0,0.993
ribU,;ribU,hypothetical protein;Riboflavin transporter RibU,78.431,114,5,690.0,0.165
pepE_1~~~pepE_2,pepE_1;pepE_2,Aminopeptidase E,78.431,1250,35,1317.0,0.949
group_286,,hypothetical protein,78.462,1079,13,1218.0,0.886
sph,sph,Oleate hydratase,78.471,1786,10,1776.0,1.006
murE,murE,UDP-N-acetylmuramoyl-L-alanyl-D-glutamate--L-lysine ligase,78.474,1547,11,1572.0,0.984
glmU,glmU,Bifunctional protein GlmU,78.499,1390,10,1386.0,1.003
group_814,,hypothetical protein,78.507,338,10,366.0,0.923
dapX_2,dapX_2,putative N-acetyl-LL-diaminopimelate aminotransferase,78.571,71,7,1173.0,0.061
group_703,,hypothetical protein,78.571,179,10,222.0,0.806
mdtP_2~~~mdtP_1,;mdtP_2;mdtP_1,hypothetical protein;Multidrug transporter protein MdtP,78.571,1388,19,1461.0,0.95
steT_3~~~steT_2,steT_3;steT_2,Serine/threonine exchanger SteT,78.571,1269,6,1332.0,0.953
ccpA_3,ccpA_3,Catabolite control protein A,78.571,911,13,951.0,0.958
pcrA,pcrA,ATP-dependent DNA helicase PcrA,78.571,2280,12,2247.0,1.015
group_724,,putative transporter,78.613,1370,10,1392.0,0.984
group_95,,putative protein,78.631,1666,10,1662.0,1.002
gatC,gatC,Glutamyl-tRNA(Gln) amidotransferase subunit C,78.667,309,10,309.0,1.0
grpE,grpE,Protein GrpE,78.667,596,10,585.0,1.019
hpt_2~~~hpt_1,hpt_2;hpt_1,Hypoxanthine-guanine phosphoribosyltransferase,78.692,535,10,534.0,1.002
pstS1_1,pstS1_1,Phosphate-binding protein PstS 1,78.704,108,7,885.0,0.122
soj_1,soj_1,Sporulation initiation inhibitor protein Soj,78.721,781,10,780.0,1.001
pyrC,pyrC,Dihydroorotase,78.745,1277,5,1278.0,0.999
rpsT,rpsT,Small ribosomal subunit protein bS20,78.75,266,10,258.0,1.031
gadC,gadC,Glutamate/gamma-aminobutyrate antiporter,78.761,1375,6,1443.0,0.953
pyrDB,pyrDB,Dihydroorotate dehydrogenase B (NAD(+)) catalytic subunit,78.765,925,6,924.0,1.001
adk,adk,Adenylate kinase,78.774,636,11,657.0,0.968
group_513,,hypothetical protein,78.788,468,5,513.0,0.912
arlR,arlR,Response regulator ArlR,78.805,708,10,717.0,0.987
dnaG,dnaG,DNA primase,78.824,1194,18,1821.0,0.656
group_655,,hypothetical protein,78.838,704,10,714.0,0.986
murA1,murA1,UDP-N-acetylglucosamine 1-carboxyvinyltransferase,78.843,1262,10,1296.0,0.974
murK,murK,N-acetylmuramic acid/N-acetylglucosamine kinase,78.846,894,11,924.0,0.968
ybaB,ybaB,Nucleoid-associated protein YbaB,78.869,336,10,336.0,1.0
group_244,,hypothetical protein,78.873,167,10,405.0,0.412
atpH_1,atpH_1,ATP synthase subunit delta,78.873,546,10,549.0,0.995
tadA_2,tadA_2,tRNA-specific adenosine deaminase,78.919,441,10,480.0,0.919
group_391,,GTP cyclohydrolase 1 type 2,78.921,802,10,798.0,1.005
group_361,,Putative membrane protein insertion efficiency factor,78.924,268,10,294.0,0.912
rex,rex,Redox-sensing transcriptional repressor Rex,78.93,637,10,636.0,1.002
pepD,pepD,Dipeptidase,78.947,1427,50,1428.0,0.999
prfC,prfC,Peptide chain release factor 3,79.001,1565,10,1572.0,0.996
serS,serS,Serine--tRNA ligase,79.012,1296,10,1308.0,0.991
ganS,ganS,Galactooligosaccharide-binding protein,79.015,1141,10,1227.0,0.93
murT,murT,Lipid II isoglutaminyl synthase (glutamine-hydrolyzing) subunit MurT,79.025,1354,11,1353.0,1.001
ykoD_2,ykoD_2,Putative HMP/thiamine import ATP-binding protein YkoD,79.032,1629,19,1710.0,0.953
asnB,asnB,Asparagine synthetase [glutamine-hydrolyzing] 1,79.037,1960,10,1950.0,1.005
dusB,dusB,tRNA-dihydrouridine synthase B,79.044,1002,10,1026.0,0.977
pyrB,pyrB,Aspartate carbamoyltransferase catalytic subunit,79.053,950,5,957.0,0.993
fetB,fetB,putative iron export permease protein FetB,79.096,759,7,759.0,1.0
group_576,,hypothetical protein,79.104,370,9,1227.0,0.302
group_168,,hypothetical protein,79.107,1256,15,1260.0,0.997
rpiA,rpiA,Ribose-5-phosphate isomerase A,79.161,691,10,693.0,0.997
clcA_3,clcA_3,H(+)/Cl(-) exchange transporter ClcA,79.167,167,9,441.0,0.379
ybbH~~~ybbH_1~~~ybbH_2,ybbH;ybbH_1;ybbH_2,putative HTH-type transcriptional regulator YbbH,79.245,337,13,846.0,0.398
metG,metG,Methionine--tRNA ligase,79.255,1986,11,1977.0,1.005
group_461,,hypothetical protein,79.296,938,10,936.0,1.002
group_1054,,hypothetical protein,79.31,103,2,213.0,0.484
group_727,,hypothetical protein,79.31,597,7,951.0,0.628
rplA,rplA,Large ribosomal subunit protein uL1,79.34,697,10,693.0,1.006
glvR_1,glvR_1,HTH-type transcriptional regulator GlvR,79.412,122,6,810.0,0.151
group_265,,hypothetical protein,79.412,600,20,2496.0,0.24
smc_1,smc_1,Chromosome partition protein Smc,79.412,907,36,3570.0,0.254
alaS,alaS,Alanine--tRNA ligase,79.415,2633,10,2640.0,0.997
ileS,ileS,isoleucine--tRNA ligase IleS,79.417,2824,10,2802.0,1.008
group_991,,hypothetical protein,79.435,294,6,336.0,0.875
oppC,oppC,Oligopeptide transport system permease protein OppC,79.445,803,10,930.0,0.863
tsaD,tsaD,tRNA N6-adenosine threonylcarbamoyltransferase,79.463,1043,10,1047.0,0.996
group_383,,PhoH-like protein,79.558,955,10,960.0,0.995
malP_1~~~malP_2,malP_1;malP_2,Maltose phosphorylase,79.559,2270,10,2265.0,1.002
ytrA,ytrA,HTH-type transcriptional repressor YtrA,79.565,230,10,375.0,0.613
group_129,,hypothetical protein,79.565,230,3,234.0,0.983
trmD,trmD,tRNA (guanine-N(1)-)-methyltransferase,79.574,719,10,720.0,0.999
mupG_1,mupG_1,6-phospho-N-acetylmuramidase,79.592,185,6,1059.0,0.175
sacP,sacP;,PTS system sucrose-specific EIIBC component;hypothetical protein,79.63,1920,33,1935.0,0.992
dnaB_1,dnaB_1,Replicative helicase loading/DNA remodeling protein DnaB,79.661,90,8,1335.0,0.067
acyP,acyP,Acylphosphatase,79.661,95,7,273.0,0.348
prs_1,prs_1,Ribose-phosphate pyrophosphokinase,79.663,949,20,975.0,0.973
ytpP,ytpP,Thioredoxin-like protein YtpP,79.672,322,10,321.0,1.003
rpoE,rpoE,DNA-directed RNA polymerase subunit delta;putative DNA-directed RNA polymerase subunit delta,79.679,573,10,555.0,1.032
dkgA,;dkgA,Aldo-keto reductase/MSMEI_2347;hypothetical protein;Methylglyoxal reductase DkgA,79.688,146,13,837.0,0.174
gpmA_1,;gpmA_1,hypothetical protein;23-bisphosphoglycerate-dependent phosphoglycerate mutase,79.71,69,3,531.0,0.13
infC,infC,Translation initiation factor IF-3,79.71,444,10,450.0,0.987
glnM,glnM,putative glutamine ABC transporter permease protein GlnM,79.73,602,21,642.0,0.938
group_529,,hypothetical protein,79.752,313,28,672.0,0.466
rbfA,rbfA,Ribosome-binding factor A,79.769,346,10,366.0,0.945
glcR_2,glcR_2,HTH-type transcriptional repressor GlcR,79.775,179,5,765.0,0.234
phnE_2~~~phnE_1,phnE_2;phnE_1,Phosphate-import permease protein PhnE,79.828,815,10,813.0,1.002
group_368,,hypothetical protein,79.866,187,10,189.0,0.989
tagD,tagD,Glycerol-3-phosphate cytidylyltransferase,79.897,388,10,387.0,1.003
group_35,,hypothetical protein,79.907,214,10,219.0,0.977
ppaC,ppaC,putative manganese-dependent inorganic pyrophosphatase,79.915,941,10,936.0,1.005
ganQ,ganQ,Galactooligosaccharides transport system permease protein GanQ,79.93,862,10,858.0,1.005
group_663,,hypothetical protein,79.934,920,22,930.0,0.989
galK_1,galK_1,Galactokinase,79.983,1174,7,1164.0,1.009
group_910,,hypothetical protein,80.0,55,2,462.0,0.119
tilS,tilS,tRNA(Ile)-lysidine synthase,80.0,230,6,1254.0,0.183
cytR~~~ccpA_1,cytR;ccpA_1,HTH-type transcriptional repressor CytR;Catabolite control protein A,80.0,747,8,957.0,0.781
cycA_2,cycA_2,D-serine/D-alanine/glycine transporter,80.0,1219,13,1350.0,0.903
acpS,acpS,Holo-[acyl-carrier-protein] synthase,80.057,351,10,357.0,0.983
scpB,scpB,Segregation and condensation protein B,80.072,330,15,591.0,0.558
nrnA,nrnA,putative bifunctional oligoribonuclease and PAP phosphatase NrnA,80.084,962,10,957.0,1.005
group_157,,hypothetical protein,80.126,478,5,567.0,0.843
map,map,Methionine aminopeptidase 1,80.217,829,10,828.0,1.001
group_733,,Putative phosphatase,80.233,162,12,801.0,0.202
group_736,,hypothetical protein,80.233,840,13,1104.0,0.761
mraZ,mraZ,Transcriptional regulator MraZ,80.24,432,11,432.0,1.0
mnmA,mnmA,tRNA-specific 2-thiouridylase MnmA,80.248,1132,10,1128.0,1.004
group_679,,hypothetical protein,80.282,246,23,2640.0,0.093
ssaB,ssaB,Metal ABC transporter substrate-binding lipoprotein SsaB,80.291,893,18,897.0,0.996
smc_2,smc_2,Chromosome partition protein Smc,80.328,1442,26,3510.0,0.411
group_721,,hypothetical protein,80.357,385,18,717.0,0.537
group_479,,hypothetical protein,80.357,831,6,840.0,0.989
group_408,,hypothetical protein,80.392,53,5,132.0,0.402
group_114,,hypothetical protein,80.405,477,15,690.0,0.691
pyrR_1,pyrR_1,Bifunctional protein pyrR,80.443,542,10,543.0,0.998
pyrAA_1,pyrAA_1,Carbamoyl phosphate synthase pyrimidine-specific small chain,80.479,1086,6,1086.0,1.0
pyrP,pyrP,Uracil permease,80.486,1288,10,1332.0,0.967
pepC,pepC,Aminopeptidase C,80.521,1270,44,1350.0,0.941
def2,def2,Peptide deformylase 2,80.576,556,10,555.0,1.002
glnA,glnA,Glutamine synthetase,80.614,1343,10,1338.0,1.004
group_1003,,hypothetical protein,80.635,315,2,345.0,0.913
group_522,,IS200/IS605 family transposase ISLhe65,80.645,62,1,1152.0,0.054
group_968,,hypothetical protein,80.645,93,7,396.0,0.235
groES,groES,Co-chaperonin GroES,80.645,292,10,285.0,1.025
pepT_2,pepT_2,Peptidase T,80.686,1243,17,1242.0,1.001
bglF,bglF,PTS system beta-glucoside-specific EIIBCA component,80.702,1984,31,2022.0,0.981
pyrE,pyrE,Orotate phosphoribosyltransferase,80.751,639,5,639.0,1.0
vanR,vanR,Regulatory protein VanR,80.758,686,25,687.0,0.999
secA,secA,Protein translocase subunit SecA,80.76,2407,14,2400.0,1.003
yqgN,yqgN,putative protein YqgN,80.769,190,11,564.0,0.337
group_633,,Putative universal stress protein,80.822,441,15,495.0,0.891
secG,secG,putative protein-export membrane protein SecG,80.822,219,10,234.0,0.936
trxA,trxA,Thioredoxin,80.831,313,10,312.0,1.003
hup_1,hup_1,DNA-binding protein HU,80.838,167,10,285.0,0.586
group_243,,hypothetical protein,80.851,47,2,123.0,0.382
group_439,,hypothetical protein,80.952,315,10,312.0,1.01
gpsA,gpsA,Glycerol-3-phosphate dehydrogenase [NAD(P)+],80.966,1014,10,1020.0,0.994
pepDA_3,pepDA_3,Dipeptidase A,81.013,1412,26,1413.0,0.999
group_411,,Aspartate racemase,81.016,749,11,750.0,0.999
walR,walR,Transcriptional regulatory protein WalR,81.032,721,20,717.0,1.006
group_768,,hypothetical protein,81.034,416,10,576.0,0.722
nusA,nusA,Transcription termination/antitermination protein NusA,81.048,1050,10,1194.0,0.879
oppF_1,oppF_1,Oligopeptide transport ATP-binding protein OppF,81.07,936,20,987.0,0.948
citE,citE,Citrate lyase subunit beta,81.072,914,5,915.0,0.999
scrB,scrB,Sucrose-6-phosphate hydrolase,81.081,1033,12,1458.0,0.709
group_184,,hypothetical protein,81.081,223,10,231.0,0.965
spx_2,spx_2,Global transcriptional regulator Spx,81.102,386,10,399.0,0.967
cysS,cysS,Cysteine--tRNA ligase,81.132,1435,17,1434.0,1.001
group_360,,hypothetical protein,81.14,231,10,228.0,1.013
iscS_1,iscS_1,Cysteine desulfurase IscS,81.159,1094,15,1158.0,0.945
clpE_2,clpE_2,ATP-dependent Clp protease ATP-binding subunit ClpE,81.188,2192,61,2193.0,1.0
group_365,,hypothetical protein,81.223,744,5,741.0,1.004
ygcS,;ygcS,hypothetical protein;Inner membrane metabolite transport protein YgcS,81.25,1319,27,1365.0,0.966
group_539,,hypothetical protein,81.25,1151,12,1185.0,0.971
group_713,,Deoxyguanosine kinase,81.279,657,20,687.0,0.956
pheS,pheS,Phenylalanine--tRNA ligase alpha subunit,81.28,1047,10,1050.0,0.997
rpoA,rpoA,DNA-directed RNA polymerase subunit alpha,81.296,942,10,939.0,1.003
brnQ_1~~~brnQ,brnQ_1;brnQ,Branched-chain amino acid permease BrnQ,81.336,1377,17,1377.0,1.0
rplF,rplF,Large ribosomal subunit protein uL6,81.356,531,10,531.0,1.0
carB,carB,Carbamoyl phosphate synthase large chain,81.373,3190,5,3189.0,1.0
oppD,oppD,Oligopeptide transport ATP-binding protein OppD,81.381,1017,20,1017.0,1.0
trpS2,trpS2,Tryptophan--tRNA ligase 2,81.386,1022,10,1023.0,0.999
group_313,,hypothetical protein,81.429,70,5,126.0,0.556
rpoY,rpoY,DNA-directed RNA polymerase subunit epsilon,81.429,213,10,222.0,0.959
recA,recA,Protein RecA,81.445,1071,10,1101.0,0.973
group_798,,hypothetical protein,81.481,288,14,288.0,1.0
guaA_1,guaA_1,GMP synthase [glutamine-hydrolyzing],81.481,1554,11,1551.0,1.002
proS,proS,Proline--tRNA ligase,81.502,1708,10,1698.0,1.006
prfB,prfB,Peptide chain release factor 2,81.513,1007,20,999.0,1.008
apt,apt,Adenine phosphoribosyltransferase,81.544,531,10,528.0,1.006
rplX,rplX,Large ribosomal subunit protein uL24,81.545,233,10,237.0,0.983
rps1,rps1,Small ribosomal subunit protein bS1,81.592,1206,30,1209.0,0.998
pgsA,pgsA,CDP-diacylglycerol--glycerol-3-phosphate 3-phosphatidyltransferase,81.667,527,15,561.0,0.939
rplD,rplD,Large ribosomal subunit protein uL4,81.804,629,10,618.0,1.018
mdtD_2,mdtD_2,Putative multidrug resistance protein MdtD,81.818,76,2,726.0,0.105
sasA_2,sasA_2,Adaptive-response sensory-kinase SasA,81.818,898,20,1569.0,0.572
pstB3_3,pstB3_3,Phosphate import ATP-binding protein PstB 3,81.818,472,38,756.0,0.624
pepE_1,pepE_1,Aminopeptidase E,81.818,1327,38,1317.0,1.008
aspS,aspS,Aspartate--tRNA ligase,81.838,1850,10,1854.0,0.998
group_1084,,ISNCY family transposase ISSeq2,81.846,536,2,1392.0,0.385
secE,secE,Protein translocase subunit SecE,81.884,138,10,171.0,0.807
group_347,,hypothetical protein,81.89,461,13,468.0,0.985
group_256,,hypothetical protein,81.967,61,5,981.0,0.062
pox5,pox5,Pyruvate oxidase,82.034,1809,10,1809.0,1.0
tig,tig,Trigger factor,82.049,1298,10,1332.0,0.974
group_1097,,hypothetical protein,82.051,624,10,624.0,1.0
group_747,,IS3 family transposase ISEnfa5,82.087,709,2,708.0,1.001
group_559,,hypothetical protein,82.09,691,10,1032.0,0.67
betI,betI,HTH-type transcriptional regulator BetI,82.143,216,11,684.0,0.316
murC,murC,UDP-N-acetylmuramate--L-alanine ligase,82.143,1326,10,1314.0,1.009
yfbR,yfbR,5'-deoxynucleotidase YfbR,82.171,645,10,645.0,1.0
mdtP_3~~~mdtP_2,mdtP_3;;mdtP_2,Multidrug transporter protein MdtP;hypothetical protein,82.172,1464,10,1473.0,0.994
group_596,,hypothetical protein,82.222,339,15,744.0,0.456
uvrA_2,uvrA_2,UvrABC system protein A,82.222,2487,20,2514.0,0.989
yqfL,yqfL,Putative pyruvate phosphate dikinase regulatory protein,82.241,818,10,837.0,0.977
group_1100,,hypothetical protein,82.258,62,4,1110.0,0.056
group_837,,hypothetical protein,82.258,79,10,378.0,0.209
garK,garK,Glycerate 2-kinase,82.258,959,17,1146.0,0.837
cspR,cspR,Putative tRNA (cytidine(34)-2'-O)-methyltransferase,82.258,559,10,561.0,0.996
group_611,,hypothetical protein,82.278,334,9,531.0,0.629
group_532,,hypothetical protein,82.278,117,10,117.0,1.0
atpA,atpA,ATP synthase subunit alpha,82.302,1514,10,1512.0,1.001
crr,crr,PTS system glucose-specific EIIA component,82.353,290,13,486.0,0.597
group_992,,hypothetical protein,82.353,225,15,363.0,0.62
msmX,msmX,Oligosaccharides import ATP-binding protein MsmX,82.353,1108,33,1107.0,1.001
mbl,mbl,Cell shape-determining protein Mbl,82.353,992,24,990.0,1.002
gltX,gltX,Glutamate--tRNA ligase,82.357,1485,10,1500.0,0.99
greA_2,greA_2,Transcription elongation factor GreA,82.378,478,10,477.0,1.002
hpf,hpf,Ribosome hibernation promotion factor,82.418,549,10,546.0,1.005
group_791,,hypothetical protein,82.558,86,3,153.0,0.562
rpoC,rpoC,DNA-directed RNA polymerase subunit beta RpoC,82.574,3640,10,3660.0,0.995
gatA,gatA,Glutamyl-tRNA(Gln) amidotransferase subunit A,82.582,1449,10,1440.0,1.006
fumC,fumC,Fumarate hydratase class II,82.643,1377,10,1404.0,0.981
polA,polA,DNA polymerase I,82.677,2689,12,2664.0,1.009
groEL,groEL,Chaperonin GroEL,82.683,1631,10,1626.0,1.003
cpdA_1,cpdA_1,3'5'-cyclic adenosine monophosphate phosphodiesterase CpdA,82.692,726,15,1227.0,0.592
gyrB,gyrB,DNA gyrase subunit B,82.759,1940,42,1965.0,0.987
sigA,sigA,RNA polymerase sigma factor SigA,82.823,1083,10,1113.0,0.973
pckA,pckA,Phosphoenolpyruvate carboxykinase (ATP),82.83,1654,5,1659.0,0.997
rpoB,rpoB,DNA-directed RNA polymerase subunit beta RpoB,82.907,3639,10,3639.0,1.0
pyrH,pyrH,Uridylate kinase,82.92,726,10,726.0,1.0
group_185,,hypothetical protein,82.979,340,8,366.0,0.929
ybhL_1,ybhL_1,Inner membrane protein YbhL,82.979,329,11,330.0,0.997
ackA_3,ackA_3,Acetate kinase,82.979,1199,18,1185.0,1.012
yvdM,yvdM,Beta-phosphoglucomutase,83.005,666,11,663.0,1.005
addA,addA,ATP-dependent helicase/nuclease subunit A,83.019,1555,36,3609.0,0.431
pepO_2~~~pepO_1,pepO_2;pepO_1,Neutral endopeptidase,83.019,1971,28,1944.0,1.014
rpmA,rpmA,Large ribosomal subunit protein bL27,83.045,289,10,291.0,0.993
prs_2,prs_2,Ribose-phosphate pyrophosphokinase,83.051,989,28,987.0,1.002
rpsO,rpsO,Small ribosomal subunit protein uS15,83.088,272,10,270.0,1.007
rpsF,rpsF,Small ribosomal subunit protein bS6,83.103,297,10,297.0,1.0
pgcA,pgcA,Phosphoglucomutase,83.121,1724,10,1725.0,0.999
rplM,rplM,Large ribosomal subunit protein uL13,83.146,445,10,444.0,1.002
pgi,pgi,Glucose-6-phosphate isomerase,83.232,1338,10,1338.0,1.0
lacM,lacM,Beta-galactosidase small subunit,83.333,42,3,954.0,0.044
ftsL,ftsL,Cell division protein FtsL,83.333,112,10,363.0,0.309
rsmF,rsmF,Ribosomal RNA small subunit methyltransferase F,83.333,562,22,1374.0,0.409
group_616,tagU_2,Polyisoprenyl-teichoic acid--peptidoglycan teichoic acid transferase TagU,83.333,746,14,1239.0,0.602
opuBA,opuBA,Choline transport ATP-binding protein OpuBA,83.333,486,10,762.0,0.638
gtaB,gtaB,UTP--glucose-1-phosphate uridylyltransferase,83.333,905,10,903.0,1.002
msmE_2,msmE_2,Multiple sugar-binding protein,83.333,1320,31,1302.0,1.014
group_424,,Multidrug efflux system ATP-binding protein,83.333,913,17,897.0,1.018
nadE,nadE,NH(3)-dependent NAD(+) synthetase,83.537,832,10,831.0,1.001
tagU_1,tagU_1,Polyisoprenyl-teichoic acid--peptidoglycan teichoic acid transferase TagU,83.562,857,17,1101.0,0.778
fpaP,fpaP,Proline iminopeptidase,83.662,912,10,918.0,0.993
uup_9,uup_9,ATP-binding protein Uup,83.673,575,38,1581.0,0.364
lysS,lysS,Lysine--tRNA ligase,83.68,1550,10,1551.0,0.999
purA,purA,Adenylosuccinate synthetase,83.798,1291,10,1290.0,1.001
ssb,ssb,Single-stranded DNA-binding protein,83.801,536,25,525.0,1.021
comGC,comGC,Competence protein ComGC,83.824,145,10,342.0,0.424
pyk,pyk,Pyruvate kinase,83.842,1770,10,1770.0,1.0
smtB,smtB,HTH-type transcriptional repressor SmtB,83.86,288,5,288.0,1.0
glmS,glmS,Glutamine--fructose-6-phosphate aminotransferase [isomerizing],83.866,1816,10,1812.0,1.002
dnaX,dnaX,DNA polymerase III subunit tau,83.871,779,28,1806.0,0.431
mreB,mreB,Cell shape-determining protein MreB,83.887,993,21,1005.0,0.988
group_99,,putative tautomerase.1,83.889,185,10,180.0,1.028
guaB,guaB,Inosine-5'-monophosphate dehydrogenase,83.951,1133,15,1146.0,0.989
pyrG,pyrG,CTP synthase,83.97,1622,10,1620.0,1.001
rplO,rplO,Large ribosomal subunit protein uL15,83.973,443,10,441.0,1.005
parC,parC,DNA topoisomerase IV subunit A ParC,84.03,2405,22,2460.0,0.978
group_967,,hypothetical protein,84.091,260,17,609.0,0.427
pstB3_1,pstB3_1,Phosphate import ATP-binding protein PstB 3,84.091,745,32,795.0,0.937
metN,metN,Methionine import ATP-binding protein MetN,84.091,1027,62,1065.0,0.964
bceA,bceA,Bacitracin export ATP-binding protein BceA,84.091,730,35,747.0,0.977
thlA,thlA,Acetyl-CoA acetyltransferase,84.091,1165,12,1164.0,1.001
ptsI,ptsI,Phosphoenolpyruvate-protein phosphotransferase,84.106,1707,10,1734.0,0.984
thrS,thrS,Threonine--tRNA ligase,84.186,1940,10,1935.0,1.003
araD,araD,L-ribulose-5-phosphate 4-epimerase,84.225,710,1,729.0,0.974
ychF,ychF,Ribosome-binding ATPase YchF,84.287,1105,13,1101.0,1.004
rplU,rplU,Large ribosomal subunit protein bL21,84.295,314,10,312.0,1.006
rluB_2,rluB_2,Ribosomal large subunit pseudouridine synthase B,84.314,699,19,717.0,0.975
lepA_1,lepA_1,Elongation factor 4,84.314,1842,19,1839.0,1.002
rpmD,rpmD,Large ribosomal subunit protein uL30,84.358,185,10,186.0,0.995
glyQ,glyQ,Glycine--tRNA ligase alpha subunit,84.392,920,11,918.0,1.002
ulaC,ulaC,Ascorbate-specific PTS system EIIA component,84.444,45,3,459.0,0.098
oppA_3~~~oppA_2~~~oppA_4,oppA_3;oppA_2;oppA_4,Oligopeptide-binding protein OppA,84.444,1635,38,1761.0,0.928
yhaP,yhaP,putative protein YhaP,84.444,1202,11,1224.0,0.982
oppF_2,oppF_2,Oligopeptide transport ATP-binding protein OppF,84.483,510,19,945.0,0.54
htpX,htpX,Protease HtpX,84.483,768,17,897.0,0.856
group_451,,hypothetical protein,84.615,39,1,546.0,0.071
sufU,sufU,Zinc-dependent sulfurtransferase SufU,84.615,39,1,462.0,0.084
group_963,,hypothetical protein,84.615,170,18,1215.0,0.14
group_1001,,hypothetical protein,84.615,348,26,1035.0,0.336
hepT,hepT,Heptaprenyl diphosphate synthase component 2,84.615,621,8,990.0,0.627
iscS_2,iscS_2,Cysteine desulfurase IscS,84.615,1164,14,1167.0,0.997
prfA,prfA,Peptide chain release factor 1,84.615,1090,20,1089.0,1.001
gatB,gatB,Aspartyl/glutamyl-tRNA(Asn/Gln) amidotransferase subunit B,84.621,1438,10,1431.0,1.005
bglH~~~bglA_1,bglH;bglA_1,Aryl-phospho-beta-D-glucosidase BglH;6-phospho-beta-glucosidase BglA,84.756,1476,65,1476.0,1.0
atpH_2,atpH_2,ATP synthase subunit c,84.762,210,10,234.0,0.897
group_579,,hypothetical protein,84.783,1363,10,2991.0,0.456
uup_1~~~uup_8~~~uup_14,uup_1;uup_8;uup_14,ATP-binding protein Uup,84.783,624,8,867.0,0.72
treA,treA,Trehalose-6-phosphate hydrolase,84.783,1540,31,1668.0,0.923
mnmE,mnmE,tRNA modification GTPase MnmE,84.783,1392,15,1386.0,1.004
group_90,,hypothetical protein,84.783,1389,7,1377.0,1.009
ldh_2,ldh_2,L-lactate dehydrogenase,84.902,967,15,972.0,0.995
dexB,dexB,Glucan 16-alpha-glucosidase,84.906,1609,45,1620.0,0.993
efp_1,efp_1,Elongation factor P,84.912,571,20,570.0,1.002
group_305,,hypothetical protein,84.946,340,14,1002.0,0.339
adaB,adaB,Methylated-DNA--protein-cysteine methyltransferase inducible,85.0,109,5,519.0,0.21
ywpJ,ywpJ,Phosphatase YwpJ,85.0,340,7,876.0,0.388
group_208,,hypothetical protein,85.0,602,13,849.0,0.709
cobB,cobB,NAD-dependent protein deacetylase,85.0,642,13,699.0,0.918
group_731,,putative ABC transporter ATP-binding protein,85.0,695,14,705.0,0.986
yheI~~~yheI_2~~~yheI_1,yheI;yheI_2;yheI_1,putative multidrug resistance ABC transporter ATP-binding/permease protein YheI,85.0,1765,19,1767.0,0.999
dltC,dltC,D-alanyl carrier protein,85.0,241,10,240.0,1.004
licT,licT,Transcription antiterminator LicT,85.0,848,6,834.0,1.017
galK_2,galK_2,Galactokinase,85.0,928,15,909.0,1.021
tyrS1,tyrS1,Tyrosine--tRNA ligase 1,85.024,1270,13,1263.0,1.006
group_720,,hypothetical protein,85.106,366,36,2541.0,0.144
malP_2,malP_2,PTS system maltose-specific EIICB component,85.106,1739,16,1881.0,0.925
atpD,atpD,ATP synthase subunit beta,85.16,1446,10,1440.0,1.004
group_154,,hypothetical protein,85.209,764,16,765.0,0.999
metQ~~~metQ_2,metQ;metQ_2,putative D-methionine-binding lipoprotein MetQ,85.246,920,15,945.0,0.974
group_443,,hypothetical protein,85.271,258,10,258.0,1.0
rpsP,rpsP,Small ribosomal subunit protein bS16,85.348,273,10,273.0,1.0
rqcP2,rqcP2,Ribosome-associated protein quality control protein P2,85.366,495,7,801.0,0.618
dapX_3,dapX_3,putative N-acetyl-LL-diaminopimelate aminotransferase,85.366,1084,6,1185.0,0.915
valS,valS,Valine--tRNA ligase,85.384,2647,16,2640.0,1.003
leuS,leuS,Leucine--tRNA ligase,85.472,2416,10,2415.0,1.0
tdk,tdk,Thymidine kinase,85.484,590,11,600.0,0.983
ftsZ,ftsZ,Cell division protein FtsZ,85.525,989,19,1344.0,0.736
dnaK,dnaK,Chaperone protein DnaK,85.675,1801,10,1854.0,0.971
group_197,,hypothetical protein,85.714,105,5,216.0,0.486
nupA,nupA,Nucleoside import ATP-binding protein NupA,85.714,1509,9,1539.0,0.981
group_240,,hypothetical protein,85.714,140,10,141.0,0.993
pglK,pglK;,Protein glycosylation K;Putative multidrug export ATP-binding/permease protein;hypothetical protein,85.714,1618,21,1620.0,0.999
hup_2,hup_2,DNA-binding protein HU,85.87,276,10,276.0,1.0
group_803,,hypothetical protein,85.882,370,13,378.0,0.979
clpP,clpP,ATP-dependent Clp protease proteolytic subunit,85.983,585,10,585.0,1.0
xseA,xseA,Exodeoxyribonuclease 7 large subunit,86.047,962,21,1368.0,0.703
bglK,bglK,Beta-glucoside kinase,86.047,796,25,921.0,0.864
gluA~~~glnQ_2~~~fbpC2,gluA;glnQ_2;fbpC2,Glutamate transport ATP-binding protein GluA;Glutamine transport ATP-binding protein GlnQ;Fe(3+) ions import ATP-binding protein FbpC 2,86.047,750,53,741.0,1.012
rpsD,rpsD,Small ribosomal subunit protein uS4,86.111,613,10,612.0,1.002
rpsE,rpsE,Small ribosomal subunit protein uS5,86.134,516,11,507.0,1.018
rplB,rplB,Large ribosomal subunit protein uL2,86.26,837,10,837.0,1.0
rplE,rplE,Large ribosomal subunit protein uL5,86.299,542,10,543.0,0.998
rpsC,rpsC,Small ribosomal subunit protein uS3,86.377,668,10,675.0,0.99
group_646,,hypothetical protein,86.458,192,1,192.0,1.0
group_416,,hypothetical protein,86.486,37,1,1398.0,0.026
der,der,GTPase Der,86.486,1318,16,1308.0,1.008
rqcP,rqcP,RQC P-site tRNA stabilizing factor,86.525,239,10,273.0,0.875
group_323,,putative transcriptional regulatory protein,86.557,730,10,729.0,1.001
ybjI_5,ybjI_5,5-amino-6-(5-phospho-D-ribitylamino)uracil phosphatase YbjI,86.667,150,12,819.0,0.183
argI,argI,Ornithine carbamoyltransferase catabolic,86.667,352,5,903.0,0.39
licC_1,licC_1,Lichenan permease IIC component,86.667,269,19,552.0,0.487
pstB3_2,pstB3_2,Phosphate import ATP-binding protein PstB 3,86.667,733,23,756.0,0.97
pepDA_2,pepDA_2,Dipeptidase A,86.765,1430,39,1422.0,1.006
group_264,,hypothetical protein,86.842,323,15,1212.0,0.267
group_688,,hypothetical protein,86.842,610,10,1230.0,0.496
lacR_1~~~lacR,lacR_1;lacR,HTH-type transcriptional regulator LacR,86.842,888,11,1008.0,0.881
topA,topA,DNA topoisomerase 1,86.842,2072,12,2112.0,0.981
uvrA_1,uvrA_1,UvrABC system protein A,86.842,2851,29,2841.0,1.004
group_517,,putative RNA methyltransferase,86.842,1355,12,1350.0,1.004
ptsH,ptsH,Phosphocarrier protein HPr,86.891,267,10,267.0,1.0
gapA1,gapA1,Glyceraldehyde-3-phosphate dehydrogenase 1,86.935,1018,10,1017.0,1.001
pepDA_1,pepDA_1,Dipeptidase A,87.143,1428,31,1425.0,1.002
rpmB,rpmB,Large ribosomal subunit protein bL28,87.151,179,10,186.0,0.962
bipA,bipA,Large ribosomal subunit assembly factor BipA,87.178,1827,16,1845.0,0.99
uup_6,uup_6,ATP-binding protein Uup,87.179,1544,13,1569.0,0.984
group_1106,,hypothetical protein,87.179,754,14,735.0,1.026
rplN,rplN,Large ribosomal subunit protein uL14,87.263,369,10,369.0,1.0
rplW,rplW,Large ribosomal subunit protein uL23,87.324,306,10,306.0,1.0
pgk,pgk,Phosphoglycerate kinase,87.376,1212,10,1212.0,1.0
group_171,,hypothetical protein,87.5,511,17,825.0,0.619
argV,argV,Arginine transport ATP-binding protein ArgV,87.5,716,48,738.0,0.97
uup_2,uup_2,ATP-binding protein Uup,87.5,1952,14,1923.0,1.015
yoaB,yoaB,Calcium-transporting ATPase 1,87.755,2587,66,2616.0,0.989
tpiA,tpiA,Triosephosphate isomerase,87.782,756,10,759.0,0.996
eis,eis,N-acetyltransferase Eis,87.805,393,9,1167.0,0.337
asnS,asnS,Asparagine--tRNA ligase,87.923,1301,10,1299.0,1.002
group_617,,hypothetical protein,88.0,313,12,894.0,0.35
rplP,rplP,Large ribosomal subunit protein uL16,88.009,442,10,441.0,1.002
rpsB,rpsB,Small ribosomal subunit protein uS2,88.012,697,10,774.0,0.901
rpsM,rpsM,Small ribosomal subunit protein uS13,88.034,351,10,351.0,1.0
group_1048,,hypothetical protein,88.095,229,8,576.0,0.398
rpsK,rpsK,Small ribosomal subunit protein uS11,88.205,390,10,390.0,1.0
group_1041,,Calcium-transporting ATPase 1,88.235,2286,52,2652.0,0.862
artM,artM,Arginine transport ATP-binding protein ArtM,88.235,717,74,756.0,0.948
yqeH,yqeH,putative protein YqeH,88.235,1117,15,1110.0,1.006
tsaB,tsaB,tRNA threonylcarbamoyladenosine biosynthesis protein TsaB,88.235,754,12,744.0,1.013
rplS,rplS,Large ribosomal subunit protein bL19,88.252,349,10,348.0,1.003
rplQ,rplQ,Large ribosomal subunit protein bL17,88.281,389,10,384.0,1.013
rpsS,rpsS,Small ribosomal subunit protein uS19,88.382,275,10,285.0,0.965
yjeM_2,yjeM_2,Inner membrane transporter YjeM,88.462,461,12,1017.0,0.453
group_333,,hypothetical protein,88.571,41,5,231.0,0.177
uup_10,uup_10,ATP-binding protein Uup,88.571,307,34,1581.0,0.194
ykoD_1,ykoD_1,Putative HMP/thiamine import ATP-binding protein YkoD,88.571,410,26,1353.0,0.303
mgtA_1,mgtA_1,Magnesium-transporting ATPase P-type 1,88.571,2579,22,2688.0,0.959
clpY,clpY,ATP-dependent protease ATPase subunit ClpY,88.571,1405,23,1398.0,1.005
rpsI,rpsI,Small ribosomal subunit protein uS9,88.636,396,10,396.0,1.0
rpmG1,rpmG1,Large ribosomal subunit protein bL33A,88.667,150,10,150.0,1.0
yfkJ,yfkJ,Low molecular weight protein-tyrosine-phosphatase YfkJ,88.679,227,15,456.0,0.498
group_448,,IS982 family transposase ISLhe5;hypothetical protein;IS982 family transposase ISLhe1,88.679,487,11,489.0,0.996
rplK,rplK,Large ribosomal subunit protein uL11,88.732,426,10,426.0,1.0
infA,infA,Translation initiation factor IF-1,88.739,222,10,222.0,1.0
rpsH,rpsH,Small ribosomal subunit protein uS8,88.793,399,11,399.0,1.0
ecfA2,ecfA2,Energy-coupling factor transporter ATP-binding protein EcfA2,88.889,767,37,846.0,0.907
rplT,rplT,Large ribosomal subunit protein bL20,88.889,358,11,357.0,1.003
group_121,,hypothetical protein,89.189,37,5,315.0,0.117
rpsL,rpsL,Small ribosomal subunit protein uS12,89.216,410,10,408.0,1.005
rplV,rplV,Large ribosomal subunit protein uL22,89.266,354,10,354.0,1.0
rplJ,rplJ,Large ribosomal subunit protein uL10,89.279,513,10,513.0,1.0
fba,fba,Fructose-bisphosphate aldolase,89.325,921,10,918.0,1.003
group_619,,hypothetical protein,89.362,449,12,1509.0,0.298
group_1078,,hypothetical protein,89.474,38,2,1158.0,0.033
spsB_1,spsB_1,Signal peptidase IB,89.474,512,25,633.0,0.809
ftsH,ftsH,ATP-dependent zinc metalloprotease FtsH,89.474,1979,13,2169.0,0.912
rluD_2,rluD_2,Ribosomal large subunit pseudouridine synthase D,89.474,853,18,912.0,0.935
potA,potA,Spermidine/putrescine import ATP-binding protein PotA,89.474,1067,54,1098.0,0.972
ytrE,ytrE,ABC transporter ATP-binding protein YtrE,89.474,667,38,675.0,0.988
rpmJ,rpmJ,Large ribosomal subunit protein bL36,89.655,116,10,117.0,0.991
rpmI,rpmI,Large ribosomal subunit protein bL35,89.674,196,10,201.0,0.975
emrY,emrY,putative multidrug resistance protein EmrY,89.744,179,4,555.0,0.323
group_483,,hypothetical protein,89.744,206,10,426.0,0.484
rpsQ,rpsQ,Small ribosomal subunit protein uS17,89.844,267,10,267.0,1.0
group_450,,hypothetical protein,89.954,219,10,219.0,1.0
rplL,rplL,Large ribosomal subunit protein bL12,90.331,365,10,363.0,1.006
fusA,fusA,elongation factor G FusA,90.363,2096,16,2094.0,1.001
rplC,rplC,Large ribosomal subunit protein uL3,90.514,628,10,639.0,0.983
rpmE2,rpmE2,Large ribosomal subunit protein bL31B,90.598,234,10,246.0,0.951
dapE_1~~~dapE_2~~~dapE,dapE_1;dapE_2;dapE,putative succinyl-diaminopimelate desuccinylase,90.625,32,3,1074.0,0.03
hdfR_1,hdfR_1,HTH-type transcriptional regulator HdfR,90.625,32,3,882.0,0.036
group_988,,hypothetical protein,90.625,574,20,984.0,0.583
yidC,yidC,Membrane protein insertase YidC,90.625,794,11,966.0,0.822
manZ,manZ,PTS system mannose-specific EIID component,90.625,901,15,921.0,0.978
group_959,,hypothetical protein,90.625,535,6,543.0,0.985
glnQ_1,glnQ_1,Glutamine transport ATP-binding protein GlnQ,90.625,736,98,741.0,0.993
rpsG,rpsG,Small ribosomal subunit protein uS7,90.658,471,10,471.0,1.0
group_523,,Calcium-transporting ATPase 1,90.698,2652,68,2814.0,0.942
ackA_4~~~ackA_3~~~ackA_1,ackA_4;ackA_3;ackA_1,Acetate kinase,90.698,1189,18,1200.0,0.991
eno2,eno2,Enolase 2,90.845,1287,19,1287.0,1.0
menA_1,menA_1,14-dihydroxy-2-naphthoate octaprenyltransferase,90.909,33,1,879.0,0.038
group_665,,hypothetical protein,90.909,33,1,249.0,0.133
group_1005,,hypothetical protein,90.909,64,5,408.0,0.157
group_212,,hypothetical protein,90.909,298,33,693.0,0.43
group_165,,hypothetical protein,90.909,1174,35,1278.0,0.919
ycaM_3,ycaM_3,Inner membrane transporter YcaM,90.909,1399,15,1434.0,0.976
era,era,GTPase Era,90.909,894,15,903.0,0.99
parE,parE,DNA topoisomerase IV subunit B ParE,90.909,1940,34,1947.0,0.996
yheS,yheS,putative ATP-binding protein YheS,90.909,1542,16,1542.0,1.0
group_275,,hypothetical protein,91.071,63,126,282.0,0.223
group_405,,putative ABC transporter ATP-binding protein,91.176,872,36,1629.0,0.535
rimP,rimP,Ribosome maturation factor RimP,91.176,414,15,477.0,0.868
zosA,zosA,Zinc-transporting ATPase,91.176,1754,29,1863.0,0.941
sad,sad,Succinate semialdehyde dehydrogenase [NAD(P)+] Sad,91.176,1400,12,1383.0,1.012
rpsZ_1,rpsZ_1,Small ribosomal subunit protein uS14,91.379,185,16,186.0,0.995
ecfA1,ecfA1,Energy-coupling factor transporter ATP-binding protein EcfA1,91.429,631,57,852.0,0.741
galE,galE,UDP-glucose 4-epimerase,91.429,989,31,993.0,0.996
pepO_2,pepO_2,Neutral endopeptidase,91.429,1970,38,1947.0,1.012
group_192,,hypothetical protein,91.468,504,3,504.0,1.0
yqeY,yqeY,putative protein YqeY,91.667,430,14,444.0,0.968
recD2,recD2,ATP-dependent RecD2 DNA helicase,91.667,2376,16,2370.0,1.003
rpmC,rpmC,Large ribosomal subunit protein uL29,91.713,202,10,198.0,1.02
clpX,clpX,ATP-dependent Clp protease ATP-binding subunit ClpX,91.892,1217,14,1266.0,0.961
rpmF,rpmF,Large ribosomal subunit protein bL32,92.216,187,10,189.0,0.989
group_113,,hypothetical protein,92.308,367,10,834.0,0.44
glnQ_3~~~glnQ_1,glnQ_3;glnQ_1,Glutamine transport ATP-binding protein GlnQ,92.5,752,48,774.0,0.972
group_1099,,hypothetical protein,92.523,118,4,1740.0,0.068
rpsJ,rpsJ,Small ribosomal subunit protein uS10,92.557,309,10,309.0,1.0
rpsU,rpsU,Small ribosomal subunit protein bS21,92.655,177,10,177.0,1.0
group_1007,,hypothetical protein,92.857,28,1,237.0,0.118
yabA,yabA,Replication initiation control protein YabA,92.857,317,8,351.0,0.903
group_298,,D-lactate dehydrogenase,92.998,1014,10,1014.0,1.0
group_542,,hypothetical protein,93.103,29,1,876.0,0.033
ybjI_2,ybjI_2,5-amino-6-(5-phospho-D-ribitylamino)uracil phosphatase YbjI,93.103,805,16,792.0,1.016
glnQ_2,glnQ_2,Glutamine transport ATP-binding protein GlnQ,93.333,268,29,621.0,0.432
group_1008,,hypothetical protein,93.333,1047,16,1335.0,0.784
rihC,rihC,Non-specific ribonucleoside hydrolase RihC,93.333,898,13,927.0,0.969
glmM,glmM,Phosphoglucosamine mutase,93.333,1359,11,1353.0,1.004
group_574,gpmA_1,23-bisphosphoglycerate-dependent phosphoglycerate mutase,93.362,694,11,693.0,1.001
group_188,,hypothetical protein;putative transporter,93.548,1208,7,1311.0,0.921
group_402,,putative ABC transporter ATP-binding protein,93.548,1776,32,1854.0,0.958
rpmH,rpmH,Large ribosomal subunit protein bL34,93.617,141,10,141.0,1.0
ybjI_4,ybjI_4,5-amino-6-(5-phospho-D-ribitylamino)uracil phosphatase YbjI,93.75,55,7,828.0,0.066
dppA_6,dppA_6,Dipeptide-binding protein,93.939,42,7,1620.0,0.026
yicL_3~~~yicL_1,yicL_3;yicL_1,putative inner membrane transporter YicL,93.939,532,6,909.0,0.585
lepA_2,lepA_2,Elongation factor 4,93.939,1787,23,2604.0,0.686
pyrAA_2,pyrAA_2,Carbamoyl phosphate synthase pyrimidine-specific small chain,93.939,1064,18,1056.0,1.008
insK,insK,Putative transposase InsK for insertion sequence element IS150,94.118,387,5,933.0,0.415
clpE_2~~~clpE_1,clpE_2;clpE_1,ATP-dependent Clp protease ATP-binding subunit ClpE,94.118,2065,63,2127.0,0.971
tsf,tsf,Elongation factor Ts,96.053,1025,16,1026.0,0.999
group_78,,hypothetical protein,96.154,300,12,297.0,1.01
natA,natA,ABC transporter ATP-binding protein NatA,96.296,655,27,708.0,0.925
ywlC,ywlC,Threonylcarbamoyl-AMP synthase,96.296,1008,13,1005.0,1.003
vmlR_4~~~vmlR_3~~~vmlR_1,vmlR_4;vmlR_3;vmlR_1,Ribosome protection protein VmlR,96.429,51,6,1398.0,0.036
group_1071,,hypothetical protein,96.429,34,4,774.0,0.044
murF,murF,UDP-N-acetylmuramoyl-tripeptide--D-alanyl-D-alanine ligase,96.429,1369,12,1368.0,1.001
group_425,,hypothetical protein,96.552,29,5,312.0,0.093
group_364,,hypothetical protein,96.552,63,125,144.0,0.438
group_335,,hypothetical protein,96.552,442,12,522.0,0.847
group_462,,hypothetical protein,96.552,992,19,1017.0,0.975
rpsR,rpsR,Small ribosomal subunit protein bS18,96.774,237,11,237.0,1.0
sugC,sugC,Trehalose import ATP-binding protein SugC,96.774,1096,90,1089.0,1.006
rplR,rplR,Large ribosomal subunit protein uL18,96.774,363,12,357.0,1.017
fetA,fetA,putative iron export ATP-binding protein FetA,96.825,591,139,687.0,0.86
group_1089,,hypothetical protein,96.875,77,122,228.0,0.338
addB,addB,ATP-dependent helicase/deoxyribonuclease subunit B,96.875,3422,21,3480.0,0.983
group_1056,,hypothetical protein,97.183,1359,12,1374.0,0.989
group_1381,,hypothetical protein,97.297,151,14,348.0,0.434
pstA,pstA;,Phosphate transport system permease protein PstA;hypothetical protein,97.297,899,131,1011.0,0.889
group_352,,IS30 family transposase ISLjo1,97.619,356,29,1050.0,0.339
xerC_2~~~xerC_6,;xerC_2;xerC_6,hypothetical protein;Tyrosine recombinase XerC,98.198,116,122,1104.0,0.105
group_934,,hypothetical protein,99.873,789,1,789.0,1.0
group_929,,hypothetical protein,99.91,1113,8,1113.0,1.0
fluC2,fluC2,Fluoride-specific ion channel FluC 2,100.0,56,10,378.0,0.148
group_622,,hypothetical protein,100.0,206,15,1038.0,0.198
group_748,,IS3 family transposase ISEnfa5,100.0,556,10,888.0,0.626
rsmA,rsmA,Ribosomal RNA small subunit methyltransferase A,100.0,864,13,885.0,0.976
group_938,,IS5 family transposase ISL2,100.0,420,1,420.0,1.0
group_937,,hypothetical protein,100.0,753,6,753.0,1.0
tnpR_1,tnpR_1,Transposon gamma-delta resolvase,100.0,606,5,606.0,1.0
group_936,,hypothetical protein,100.0,333,1,333.0,1.0
soj_2,soj_2,Sporulation initiation inhibitor protein Soj,100.0,786,3,786.0,1.0
group_935,,hypothetical protein,100.0,228,1,228.0,1.0
group_933,,hypothetical protein,100.0,216,2,216.0,1.0
group_932,,hypothetical protein,100.0,258,3,258.0,1.0
group_931,,hypothetical protein;IS30 family transposase ISSag3,100.0,1035,5,1035.0,1.0
nrdI_2,nrdI_2,Protein NrdI,100.0,426,3,426.0,1.0
nrdF~~~nrdF_2,nrdF;nrdF_2,Ribonucleoside-diphosphate reductase 2 subunit beta,100.0,1008,4,1008.0,1.0
group_930,,hypothetical protein,100.0,501,2,501.0,1.0
nrdE1,nrdE1,Ribonucleoside-diphosphate reductase subunit alpha 1,100.0,2169,3,2169.0,1.0
tuf,tuf,Elongation factor Tu,100.0,1195,43,1191.0,1.003
