Gene,Non-unique Gene name,Annotation,No. isolates,No. sequences,Avg sequences per isolate,Genome Fragment,Order within Fragment,Accessory Fragment,Accessory Order with Fragment,QC,Min group size nuc,Max group size nuc,Avg group size nuc,Lactobacillus_crispatus__UMB0803__GCA_002861765.1,Lactobacillus_crispatus__UMB6887__GCA_030216545.1,Lactobacillus_crispatus__UMB7805__GCA_030226265.1,Lactobacillus_crispatus__UMB8929B__GCA_030230695.1
group_1387,,hypothetical protein,4,4,1.0,171,5,,,,372,372,372.0,HJHFJAOG_01298,MLMIAKCI_00138,AOHABJFI_00004,LCPJMJGF_00200
group_1386,,hypothetical protein,4,4,1.0,171,4,,,,2316,2316,2316.0,HJHFJAOG_01299,MLMIAKCI_00139,AOHABJFI_00005,LCPJMJGF_00201
group_1385,,hypothetical protein,4,4,1.0,171,3,,,,381,720,465.75,HJHFJAOG_01295,MLMIAKCI_00135,AOHABJFI_00001,LCPJMJGF_00197
group_1384,,hypothetical protein,4,4,1.0,171,2,,,,147,240,216.75,HJHFJAOG_01296,MLMIAKCI_00136,AOHABJFI_00002,LCPJMJGF_00198
group_1383,,hypothetical protein,4,4,1.0,171,1,,,,567,570,567.75,HJHFJAOG_01297,MLMIAKCI_00137,AOHABJFI_00003,LCPJMJGF_00199
group_1381,,hypothetical protein,4,4,1.0,169,1,,,,258,348,280.5,HJHFJAOG_01584,MLMIAKCI_00796,AOHABJFI_00698,LCPJMJGF_01408
group_1363,,hypothetical protein,4,4,1.0,159,1,,,,360,360,360.0,0_refound_5,1_refound_18,2_refound_32,LCPJMJGF_00833
group_1107,,hypothetical protein,4,4,1.0,122,4,,,,903,933,925.5,HJHFJAOG_02060,MLMIAKCI_00284,AOHABJFI_00089,LCPJMJGF_00135
group_1106,,hypothetical protein,4,4,1.0,122,3,,,,735,735,735.0,HJHFJAOG_02062,MLMIAKCI_00282,AOHABJFI_00091,LCPJMJGF_00133
group_1105,,hypothetical protein,4,6,1.5,122,2,,,,252,966,644.0,HJHFJAOG_02059,MLMIAKCI_00285,AOHABJFI_00088;AOHABJFI_00087,LCPJMJGF_00137;LCPJMJGF_00136
group_1104,,hypothetical protein,4,4,1.0,122,1,,,,297,297,297.0,HJHFJAOG_02061,MLMIAKCI_00283,AOHABJFI_00090,LCPJMJGF_00134
pyrR_2,pyrR_2,Bifunctional protein pyrR,4,4,1.0,121,4,,,,528,528,528.0,HJHFJAOG_02052,MLMIAKCI_00197,AOHABJFI_00029,LCPJMJGF_00080
pyrP,pyrP,Uracil permease,4,4,1.0,121,3,,,,1332,1332,1332.0,HJHFJAOG_02053,MLMIAKCI_00196,AOHABJFI_00030,LCPJMJGF_00081
mdtP_3,mdtP_3,Multidrug transporter protein MdtP,4,4,1.0,121,2,,,,1470,1470,1470.0,HJHFJAOG_02051,MLMIAKCI_00198,AOHABJFI_00028,LCPJMJGF_00079
group_1103,,hypothetical protein,4,4,1.0,121,1,,,,165,165,165.0,HJHFJAOG_02054,MLMIAKCI_00195,AOHABJFI_00031,LCPJMJGF_00082
group_1102,,hypothetical protein,4,4,1.0,120,4,,,,1119,1119,1119.0,HJHFJAOG_02049,MLMIAKCI_00211,AOHABJFI_00034,LCPJMJGF_00108
group_1101,,hypothetical protein,4,4,1.0,120,3,,,,489,489,489.0,HJHFJAOG_02047,MLMIAKCI_00209,AOHABJFI_00032,LCPJMJGF_00106
citG,citG,2-(5''-triphosphoribosyl)-3'-dephosphocoenzyme-A synthase,4,4,1.0,120,2,,,,819,819,819.0,HJHFJAOG_02050,MLMIAKCI_00212,AOHABJFI_00035,LCPJMJGF_00109
group_1100,,hypothetical protein,4,4,1.0,120,1,,,,1110,1110,1110.0,HJHFJAOG_02048,MLMIAKCI_00210,AOHABJFI_00033,LCPJMJGF_00107
group_1099,,hypothetical protein,4,4,1.0,119,5,,,,1740,1740,1740.0,HJHFJAOG_00240,MLMIAKCI_00041,AOHABJFI_00298,LCPJMJGF_00093
group_1097,,hypothetical protein,4,4,1.0,119,3,,,,624,624,624.0,HJHFJAOG_02045,MLMIAKCI_00043,AOHABJFI_00016,LCPJMJGF_00091
brnQ_1~~~brnQ,brnQ_1;brnQ,Branched-chain amino acid permease BrnQ,4,4,1.0,119,1,,,,1377,1377,1377.0,HJHFJAOG_02046,MLMIAKCI_00042,AOHABJFI_00017,LCPJMJGF_00092
uup_1~~~uup_8~~~uup_14,uup_1;uup_8;uup_14,ATP-binding protein Uup,4,4,1.0,118,3,,,,774,867,842.25,HJHFJAOG_02040,MLMIAKCI_00014,AOHABJFI_00103,LCPJMJGF_00895
group_1095,,hypothetical protein,4,4,1.0,118,2,,,,1242,1242,1242.0,HJHFJAOG_02041,MLMIAKCI_00013,AOHABJFI_00102,LCPJMJGF_00896
group_1094,,hypothetical protein,4,4,1.0,118,1,,,,1116,1116,1116.0,HJHFJAOG_02042,MLMIAKCI_00012,AOHABJFI_00101,LCPJMJGF_00897
group_1089,,hypothetical protein,4,4,1.0,115,4,,,,207,228,214.0,HJHFJAOG_01994,1_refound_20,AOHABJFI_01478,LCPJMJGF_00121
clcA_3,clcA_3,H(+)/Cl(-) exchange transporter ClcA,4,4,1.0,115,3,,,,441,441,441.0,HJHFJAOG_01992,MLMIAKCI_00520,AOHABJFI_01480,LCPJMJGF_00119
group_1088,,hypothetical protein,4,4,1.0,115,2,,,,363,363,363.0,HJHFJAOG_01993,MLMIAKCI_00519,AOHABJFI_01479,LCPJMJGF_00120
group_1087,,hypothetical protein,4,4,1.0,115,1,,,,360,456,392.0,HJHFJAOG_01991,MLMIAKCI_00521,AOHABJFI_01481,3_refound_42
group_1084,,ISNCY family transposase ISSeq2,4,4,1.0,113,2,,,,918,1392,1273.5,HJHFJAOG_01987,MLMIAKCI_00417,AOHABJFI_01483,LCPJMJGF_00117
clcA_2,clcA_2,H(+)/Cl(-) exchange transporter ClcA,4,4,1.0,113,1,,,,408,408,408.0,HJHFJAOG_01988,MLMIAKCI_00416,AOHABJFI_01482,LCPJMJGF_00118
pepDA_3,pepDA_3,Dipeptidase A,4,4,1.0,111,10,,,,1413,1413,1413.0,HJHFJAOG_01952,MLMIAKCI_02335,AOHABJFI_02284,LCPJMJGF_01022
yaaA,yaaA,DNA-binding and peroxide stress resistance protein YaaA,4,4,1.0,111,6,,,,762,762,762.0,HJHFJAOG_01958,MLMIAKCI_02341,AOHABJFI_02278,LCPJMJGF_02158
gpmA_6,gpmA_6,23-bisphosphoglycerate-dependent phosphoglycerate mutase,4,4,1.0,111,5,,,,600,600,600.0,HJHFJAOG_01956,MLMIAKCI_02339,AOHABJFI_02280,LCPJMJGF_01015
group_1081,,hypothetical protein,4,4,1.0,111,4,,,,756,756,756.0,HJHFJAOG_01957,MLMIAKCI_02340,AOHABJFI_02279,LCPJMJGF_02157
ytrE,ytrE,ABC transporter ATP-binding protein YtrE,4,4,1.0,111,3,,,,675,675,675.0,HJHFJAOG_01953,MLMIAKCI_02336,AOHABJFI_02283,LCPJMJGF_01018
group_1080,,putative ABC transporter permease,4,4,1.0,111,2,,,,1062,1062,1062.0,HJHFJAOG_01954,MLMIAKCI_02337,AOHABJFI_02282,LCPJMJGF_01017
group_1079,,hypothetical protein,4,4,1.0,111,1,,,,525,525,525.0,HJHFJAOG_01955,MLMIAKCI_02338,AOHABJFI_02281,LCPJMJGF_01016
group_1078,,hypothetical protein,4,4,1.0,110,5,,,,1158,1158,1158.0,HJHFJAOG_01947,MLMIAKCI_02330,AOHABJFI_02218,LCPJMJGF_01381
xerS,xerS,Tyrosine recombinase XerS,4,4,1.0,110,4,,,,1068,1068,1068.0,HJHFJAOG_01950,MLMIAKCI_02333,AOHABJFI_02215,LCPJMJGF_01378
group_1077,,hypothetical protein,4,4,1.0,110,3,,,,612,612,612.0,HJHFJAOG_01948,MLMIAKCI_02331,AOHABJFI_02217,LCPJMJGF_01380
mutS2,mutS2,Endonuclease MutS2,4,4,1.0,110,2,,,,1878,1878,1878.0,HJHFJAOG_01951,MLMIAKCI_02334,AOHABJFI_02214,LCPJMJGF_01377
group_1076,,hypothetical protein,4,4,1.0,110,1,,,,459,459,459.0,HJHFJAOG_01949,MLMIAKCI_02332,AOHABJFI_02216,LCPJMJGF_01379
group_1072,,hypothetical protein,4,4,1.0,108,9,,,,246,246,246.0,HJHFJAOG_01936,MLMIAKCI_02352,AOHABJFI_02203,LCPJMJGF_00039
mdtD_2,mdtD_2,Putative multidrug resistance protein MdtD,4,4,1.0,108,8,,,,726,726,726.0,HJHFJAOG_01939,MLMIAKCI_02355,AOHABJFI_02200,LCPJMJGF_00042
group_1071,,hypothetical protein,4,4,1.0,108,7,,,,774,774,774.0,HJHFJAOG_01940,MLMIAKCI_00615,AOHABJFI_02199,LCPJMJGF_00043
group_1070,,hypothetical protein,4,4,1.0,108,6,,,,195,195,195.0,0_refound_1,MLMIAKCI_02351,2_refound_29,LCPJMJGF_00038
group_1069,,hypothetical protein,4,4,1.0,108,5,,,,636,636,636.0,HJHFJAOG_01933,MLMIAKCI_02348,AOHABJFI_02206,LCPJMJGF_00035
group_1068,,hypothetical protein,4,4,1.0,108,4,,,,657,657,657.0,HJHFJAOG_01934,MLMIAKCI_02349,AOHABJFI_02205,LCPJMJGF_00036
emrY,emrY,putative multidrug resistance protein EmrY,4,4,1.0,108,3,,,,555,555,555.0,HJHFJAOG_01937,MLMIAKCI_02353,AOHABJFI_02202,LCPJMJGF_00040
group_1067,,IS200/IS605 family transposase ISLjo5,4,4,1.0,108,2,,,,1332,1332,1332.0,HJHFJAOG_01938,MLMIAKCI_02354,AOHABJFI_02201,LCPJMJGF_00041
group_1066,,hypothetical protein,4,4,1.0,108,1,,,,732,732,732.0,HJHFJAOG_01935,MLMIAKCI_02350,AOHABJFI_02204,LCPJMJGF_00037
csd,csd,putative cysteine desulfurase,4,4,1.0,106,7,,,,1239,1239,1239.0,HJHFJAOG_01869,MLMIAKCI_02217,AOHABJFI_02167,LCPJMJGF_02205
sufU,sufU,Zinc-dependent sulfurtransferase SufU,4,4,1.0,106,6,,,,462,462,462.0,HJHFJAOG_01870,MLMIAKCI_02216,AOHABJFI_02166,LCPJMJGF_02204
mntH,mntH,Divalent metal cation transporter MntH,4,4,1.0,106,5,,,,1509,1509,1509.0,HJHFJAOG_01873,MLMIAKCI_02213,AOHABJFI_02163,LCPJMJGF_02201
sufT,sufT,Fe-S protein maturation auxiliary factor SufT,4,4,1.0,106,4,,,,324,324,324.0,HJHFJAOG_01872,MLMIAKCI_02214,AOHABJFI_02164,LCPJMJGF_02202
group_1060,,Iron-sulfur cluster assembly SufBD family protein,4,4,1.0,106,3,,,,1209,1209,1209.0,HJHFJAOG_01868,MLMIAKCI_02218,AOHABJFI_02168,LCPJMJGF_02206
group_1059,,putative ABC transporter ATP-binding protein,4,4,1.0,106,2,,,,795,795,795.0,HJHFJAOG_01867,MLMIAKCI_02219,AOHABJFI_02169,LCPJMJGF_02207
group_1058,,Iron-sulfur cluster assembly SufBD family protein,4,4,1.0,106,1,,,,1404,1404,1404.0,HJHFJAOG_01871,MLMIAKCI_02215,AOHABJFI_02165,LCPJMJGF_02203
group_1057,,hypothetical protein,4,4,1.0,105,7,,,,321,321,321.0,HJHFJAOG_01865,MLMIAKCI_01948,AOHABJFI_02073,LCPJMJGF_02176
argS,argS,Arginine--tRNA ligase,4,4,1.0,105,6,,,,1686,1686,1686.0,HJHFJAOG_01860,MLMIAKCI_01943,AOHABJFI_02078,LCPJMJGF_02171
dacA_2,dacA_2,D-alanyl-D-alanine carboxypeptidase DacA,4,4,1.0,105,5,,,,1302,1302,1302.0,HJHFJAOG_01863,MLMIAKCI_01946,AOHABJFI_02075,LCPJMJGF_02174
group_1056,,hypothetical protein,4,4,1.0,105,4,,,,1374,1374,1374.0,HJHFJAOG_01866,MLMIAKCI_01949,AOHABJFI_02072,LCPJMJGF_02177
fba,fba,Fructose-bisphosphate aldolase,4,4,1.0,105,3,,,,918,918,918.0,HJHFJAOG_01859,MLMIAKCI_01942,AOHABJFI_02079,LCPJMJGF_02170
nnrD,nnrD,ADP-dependent (S)-NAD(P)H-hydrate dehydratase,4,4,1.0,105,2,,,,849,849,849.0,HJHFJAOG_01862,MLMIAKCI_01945,AOHABJFI_02076,LCPJMJGF_02173
yciB,yciB,Putative LD-transpeptidase YciB,4,4,1.0,105,1,,,,687,687,687.0,HJHFJAOG_01861,MLMIAKCI_01944,AOHABJFI_02077,LCPJMJGF_02172
group_1055,,hypothetical protein,4,5,1.25,104,14,,,,228,1041,816.0,HJHFJAOG_01844,MLMIAKCI_01901,AOHABJFI_02036,LCPJMJGF_00057;LCPJMJGF_00056
group_1054,,hypothetical protein,4,4,1.0,104,13,,,,213,213,213.0,0_refound_3,1_refound_16,2_refound_30,LCPJMJGF_00055
group_1053,,D-ribitol-5-phosphate phosphatase,4,4,1.0,104,12,,,,597,597,597.0,HJHFJAOG_01843,MLMIAKCI_01902,AOHABJFI_02037,LCPJMJGF_00059
group_1052,,hypothetical protein,4,4,1.0,104,11,,,,1032,1032,1032.0,HJHFJAOG_01846,MLMIAKCI_01899,AOHABJFI_02034,LCPJMJGF_02187
group_1051,,hypothetical protein,4,4,1.0,104,10,,,,678,747,695.25,HJHFJAOG_01842,MLMIAKCI_01903,AOHABJFI_02038,LCPJMJGF_00060
group_1050,,hypothetical protein,4,5,1.25,104,9,,,,147,648,499.8,HJHFJAOG_02055,MLMIAKCI_01893,AOHABJFI_00471;AOHABJFI_00080,LCPJMJGF_02193
group_1049,,DegV domain-containing protein,4,4,1.0,104,8,,,,834,834,834.0,HJHFJAOG_02057,MLMIAKCI_01895,AOHABJFI_00082,LCPJMJGF_02191
mepA_2,;mepA_2,hypothetical protein;Multidrug export protein MepA,4,5,1.25,104,7,,,,189,1350,1058.4,HJHFJAOG_01840,MLMIAKCI_00411;MLMIAKCI_00410,AOHABJFI_02040,LCPJMJGF_00062
group_1048,,hypothetical protein,4,4,1.0,104,6,,,,576,576,576.0,HJHFJAOG_02058,MLMIAKCI_01896,AOHABJFI_00083,LCPJMJGF_02190
yjaB,yjaB,Peptidyl-lysine N-acetyltransferase YjaB,4,4,1.0,104,5,,,,444,450,448.5,HJHFJAOG_01841,MLMIAKCI_00409,AOHABJFI_02039,LCPJMJGF_00061
cbh,cbh,Bile salt hydrolase/transferase,4,4,1.0,104,4,,,,978,978,978.0,HJHFJAOG_01848,MLMIAKCI_01897,AOHABJFI_02032,LCPJMJGF_02189
dps_1~~~dps,dps_1;dps,DNA protection during starvation protein,4,4,1.0,104,3,,,,468,468,468.0,HJHFJAOG_01845,MLMIAKCI_01900,AOHABJFI_02035,LCPJMJGF_00054
eno2,eno2,Enolase 2,4,4,1.0,104,1,,,,1287,1287,1287.0,HJHFJAOG_02056,MLMIAKCI_01894,AOHABJFI_00081,LCPJMJGF_02192
simA,simA,6-phospho-alpha-glucosidase 1,4,4,1.0,101,9,,,,1338,1338,1338.0,HJHFJAOG_01831,MLMIAKCI_02097,AOHABJFI_01935,LCPJMJGF_00814
group_1041,,Calcium-transporting ATPase 1,4,4,1.0,101,8,,,,2652,2652,2652.0,HJHFJAOG_01825,MLMIAKCI_02091,AOHABJFI_01941,LCPJMJGF_00808
group_1040,,hypothetical protein,4,4,1.0,101,7,,,,141,141,141.0,HJHFJAOG_01828,MLMIAKCI_02094,AOHABJFI_01938,LCPJMJGF_00811
group_1039,,hypothetical protein,4,4,1.0,101,6,,,,1272,1272,1272.0,HJHFJAOG_01823,MLMIAKCI_02089,AOHABJFI_01943,LCPJMJGF_00806
glvR_2,glvR_2,HTH-type transcriptional regulator GlvR,4,4,1.0,101,5,,,,774,774,774.0,HJHFJAOG_01830,MLMIAKCI_02096,AOHABJFI_01936,LCPJMJGF_00813
ansA,ansA,L-asparaginase 1,4,4,1.0,101,4,,,,993,993,993.0,HJHFJAOG_01829,MLMIAKCI_02095,AOHABJFI_01937,LCPJMJGF_00812
group_1038,,hypothetical protein,4,4,1.0,101,3,,,,279,288,285.75,HJHFJAOG_01827,MLMIAKCI_02093,AOHABJFI_01939,LCPJMJGF_00810
group_1037,,hypothetical protein,4,4,1.0,101,2,,,,399,399,399.0,HJHFJAOG_01826,MLMIAKCI_02092,AOHABJFI_01940,LCPJMJGF_00809
group_1036,,hypothetical protein,4,4,1.0,101,1,,,,687,687,687.0,HJHFJAOG_01824,MLMIAKCI_02090,AOHABJFI_01942,LCPJMJGF_00807
ribBA,ribBA,Riboflavin biosynthesis protein RibBA,4,4,1.0,98,1,,,,1179,1179,1179.0,HJHFJAOG_01761,MLMIAKCI_00120,AOHABJFI_00092,LCPJMJGF_00149
pepE_3,pepE_3,Aminopeptidase E,4,4,1.0,96,7,,,,1314,1314,1314.0,HJHFJAOG_01753,MLMIAKCI_01536,AOHABJFI_02008,LCPJMJGF_01918
dppA_6,dppA_6,Dipeptide-binding protein,4,4,1.0,96,6,,,,1620,1620,1620.0,HJHFJAOG_01751,MLMIAKCI_01538,AOHABJFI_02006,LCPJMJGF_01916
yedJ,yedJ,putative protein YedJ,4,4,1.0,96,5,,,,654,654,654.0,HJHFJAOG_01752,MLMIAKCI_01537,AOHABJFI_02007,LCPJMJGF_01917
dppA_5,dppA_5,Dipeptide-binding protein,4,4,1.0,96,4,,,,1629,1629,1629.0,HJHFJAOG_01750,MLMIAKCI_01539,AOHABJFI_02005,LCPJMJGF_01915
group_1029,,hypothetical protein,4,4,1.0,96,3,,,,1395,1395,1395.0,HJHFJAOG_01757,MLMIAKCI_01532,AOHABJFI_02011,LCPJMJGF_01922
tyrS1,tyrS1,Tyrosine--tRNA ligase 1,4,4,1.0,96,1,,,,1263,1263,1263.0,HJHFJAOG_01756,MLMIAKCI_01533,AOHABJFI_02010,LCPJMJGF_01921
group_1027,,hypothetical protein,4,4,1.0,95,12,,,,315,315,315.0,HJHFJAOG_01724,MLMIAKCI_02005,AOHABJFI_01876,LCPJMJGF_00182
group_1026,,hypothetical protein,4,4,1.0,95,11,,,,618,618,618.0,HJHFJAOG_01733,MLMIAKCI_01996,AOHABJFI_01885,LCPJMJGF_00191
group_1025,,hypothetical protein,4,4,1.0,95,10,,,,663,663,663.0,HJHFJAOG_01735,MLMIAKCI_01994,AOHABJFI_01887,LCPJMJGF_00193
group_1024,,hypothetical protein,4,4,1.0,95,9,,,,540,540,540.0,HJHFJAOG_01734,MLMIAKCI_01995,AOHABJFI_01886,LCPJMJGF_00192
citX,citX,Apo-citrate lyase phosphoribosyl-dephospho-CoA transferase,4,4,1.0,95,8,,,,537,537,537.0,HJHFJAOG_01730,MLMIAKCI_01999,AOHABJFI_01882,LCPJMJGF_00188
eis,eis,N-acetyltransferase Eis,4,4,1.0,95,7,,,,1167,1167,1167.0,HJHFJAOG_01731,MLMIAKCI_01998,AOHABJFI_01883,LCPJMJGF_00189
arcB,arcB,Ornithine carbamoyltransferase catabolic,4,4,1.0,95,6,,,,360,432,414.0,HJHFJAOG_01728,MLMIAKCI_02001,AOHABJFI_01880,LCPJMJGF_00186
argI,argI,Ornithine carbamoyltransferase catabolic,4,4,1.0,95,5,,,,903,903,903.0,HJHFJAOG_01729,MLMIAKCI_02000,AOHABJFI_01881,LCPJMJGF_00187
kdpB,kdpB,Potassium-transporting ATPase ATP-binding subunit,4,4,1.0,95,4,,,,2274,2274,2274.0,HJHFJAOG_01725,MLMIAKCI_02004,AOHABJFI_01877,LCPJMJGF_00183
arcA,arcA,Arginine deiminase,4,4,1.0,95,3,,,,1230,1230,1230.0,HJHFJAOG_01727,MLMIAKCI_02002,AOHABJFI_01879,LCPJMJGF_00185
group_1023,,hypothetical protein,4,4,1.0,95,2,,,,162,162,162.0,HJHFJAOG_01732,MLMIAKCI_01997,AOHABJFI_01884,LCPJMJGF_00190
benM_2,benM_2,HTH-type transcriptional regulator BenM,4,4,1.0,95,1,,,,849,849,849.0,HJHFJAOG_01726,MLMIAKCI_02003,AOHABJFI_01878,LCPJMJGF_00184
rlmH,rlmH,Ribosomal RNA large subunit methyltransferase H,4,4,1.0,94,14,,,,480,480,480.0,HJHFJAOG_01697,MLMIAKCI_01643,AOHABJFI_01540,LCPJMJGF_02026
htrA,htrA,Serine protease Do-like HtrA,4,4,1.0,94,13,,,,1263,1263,1263.0,HJHFJAOG_01698,MLMIAKCI_01642,AOHABJFI_01539,LCPJMJGF_02027
group_1022,,hypothetical protein,4,4,1.0,94,12,,,,222,222,222.0,HJHFJAOG_02067,MLMIAKCI_01628,AOHABJFI_01525,LCPJMJGF_02041
walJ,walJ,Exodeoxyribonuclease WalJ,4,4,1.0,94,11,,,,798,798,798.0,HJHFJAOG_01699,MLMIAKCI_01641,AOHABJFI_01538,LCPJMJGF_02028
walK,walK,Sensor protein kinase WalK,4,4,1.0,94,10,,,,1854,1854,1854.0,HJHFJAOG_01702,MLMIAKCI_01638,AOHABJFI_01535,LCPJMJGF_02031
group_1021,,hypothetical protein,4,4,1.0,94,9,,,,222,222,222.0,HJHFJAOG_01705,MLMIAKCI_01635,AOHABJFI_01532,LCPJMJGF_02034
group_1020,,hypothetical protein,4,4,1.0,94,8,,,,870,870,870.0,HJHFJAOG_02068,MLMIAKCI_01629,AOHABJFI_01526,LCPJMJGF_02040
gspA,;gspA,hypothetical protein;General stress protein A,4,4,1.0,94,7,,,,744,954,901.5,HJHFJAOG_02070,MLMIAKCI_01631,AOHABJFI_01528,LCPJMJGF_02038
group_1019,,hypothetical protein,4,4,1.0,94,6,,,,762,762,762.0,HJHFJAOG_01707,MLMIAKCI_01633,AOHABJFI_01530,LCPJMJGF_02036
group_1018,,hypothetical protein,4,4,1.0,94,5,,,,825,825,825.0,HJHFJAOG_01700,MLMIAKCI_01640,AOHABJFI_01537,LCPJMJGF_02029
walR,walR,Transcriptional regulatory protein WalR,4,4,1.0,94,4,,,,717,717,717.0,HJHFJAOG_01703,MLMIAKCI_01637,AOHABJFI_01534,LCPJMJGF_02032
group_1017,,hypothetical protein,4,4,1.0,94,3,,,,1353,1353,1353.0,HJHFJAOG_01701,MLMIAKCI_01639,AOHABJFI_01536,LCPJMJGF_02030
waaO,waaO,Lipopolysaccharide glucosyltransferase WaaO,4,4,1.0,94,2,,,,837,837,837.0,HJHFJAOG_01708,MLMIAKCI_01632,AOHABJFI_01529,LCPJMJGF_02037
group_1016,,hypothetical protein,4,4,1.0,94,1,,,,948,948,948.0,HJHFJAOG_02069,MLMIAKCI_01630,AOHABJFI_01527,LCPJMJGF_02039
ushA,ushA,Protein UshA,4,4,1.0,93,13,,,,1383,1383,1383.0,HJHFJAOG_01689,MLMIAKCI_02153,AOHABJFI_01848,LCPJMJGF_00885
yutF,yutF,5'-nucleotidase YutF,4,4,1.0,93,12,,,,771,771,771.0,HJHFJAOG_01687,MLMIAKCI_02151,AOHABJFI_01850,LCPJMJGF_00883
group_1015,,hypothetical protein,4,4,1.0,93,11,,,,369,369,369.0,HJHFJAOG_01694,MLMIAKCI_00017,AOHABJFI_01843,LCPJMJGF_00890
group_1014,,hypothetical protein,4,4,1.0,93,10,,,,846,852,847.5,HJHFJAOG_01696,MLMIAKCI_00015,AOHABJFI_01841,LCPJMJGF_00892
group_1013,,hypothetical protein,4,4,1.0,93,9,,,,609,609,609.0,HJHFJAOG_01686,MLMIAKCI_02150,AOHABJFI_01851,LCPJMJGF_00882
group_1012,,hypothetical protein,4,4,1.0,93,8,,,,1371,1371,1371.0,HJHFJAOG_01691,MLMIAKCI_02155,AOHABJFI_01846,LCPJMJGF_00887
pepQ,pepQ,Xaa-Pro dipeptidase,4,4,1.0,93,7,,,,1107,1107,1107.0,HJHFJAOG_01693,MLMIAKCI_02157,AOHABJFI_01844,LCPJMJGF_00889
group_1011,,hypothetical protein,4,4,1.0,93,6,,,,321,321,321.0,HJHFJAOG_01690,MLMIAKCI_02154,AOHABJFI_01847,LCPJMJGF_00886
yumC,yumC,Ferredoxin--NADP reductase 2,4,4,1.0,93,5,,,,993,993,993.0,HJHFJAOG_01684,MLMIAKCI_02148,AOHABJFI_01853,LCPJMJGF_00880
dedA,dedA,DedA family protein,4,4,1.0,93,4,,,,651,651,651.0,HJHFJAOG_01685,MLMIAKCI_02149,AOHABJFI_01852,LCPJMJGF_00881
group_1010,,hypothetical protein,4,4,1.0,93,3,,,,426,426,426.0,HJHFJAOG_01695,MLMIAKCI_00016,AOHABJFI_01842,LCPJMJGF_00891
ccpA_4,ccpA_4,Catabolite control protein A,4,4,1.0,93,2,,,,1002,1002,1002.0,HJHFJAOG_01692,MLMIAKCI_02156,AOHABJFI_01845,LCPJMJGF_00888
group_1009,,hypothetical protein,4,4,1.0,93,1,,,,573,591,577.5,HJHFJAOG_01688,MLMIAKCI_02152,AOHABJFI_01849,LCPJMJGF_00884
group_1008,,hypothetical protein,4,4,1.0,92,13,,,,1335,1335,1335.0,HJHFJAOG_01672,MLMIAKCI_02196,AOHABJFI_02155,LCPJMJGF_00115
group_1007,,hypothetical protein,4,4,1.0,92,12,,,,228,237,230.25,HJHFJAOG_01680,MLMIAKCI_02204,AOHABJFI_00107,LCPJMJGF_00141
group_1006,,hypothetical protein,4,4,1.0,92,11,,,,606,606,606.0,HJHFJAOG_01677,MLMIAKCI_02201,AOHABJFI_02160,LCPJMJGF_00102
group_1005,,hypothetical protein,4,4,1.0,92,10,,,,282,408,376.5,HJHFJAOG_01674,MLMIAKCI_02198,AOHABJFI_02157,LCPJMJGF_00105
ntd_1,ntd_1,Nucleoside deoxyribosyltransferase,4,4,1.0,92,9,,,,504,504,504.0,HJHFJAOG_01682,MLMIAKCI_00364,AOHABJFI_00105,LCPJMJGF_00139
group_1004,,hypothetical protein,4,6,1.5,92,8,,,,390,861,579.0,HJHFJAOG_01679,MLMIAKCI_02203,AOHABJFI_00108;AOHABJFI_02162,LCPJMJGF_00142;LCPJMJGF_00100
group_1003,,hypothetical protein,4,4,1.0,92,7,,,,345,345,345.0,HJHFJAOG_01673,MLMIAKCI_02197,AOHABJFI_02156,LCPJMJGF_00116
group_1002,,hypothetical protein,4,4,1.0,92,6,,,,264,264,264.0,HJHFJAOG_01681,MLMIAKCI_00363,AOHABJFI_00106,LCPJMJGF_00140
group_1001,,hypothetical protein,4,4,1.0,92,5,,,,1035,1035,1035.0,HJHFJAOG_01671,MLMIAKCI_02195,AOHABJFI_02154,LCPJMJGF_00114
group_1000,,hypothetical protein,4,4,1.0,92,4,,,,552,552,552.0,HJHFJAOG_01676,MLMIAKCI_02200,AOHABJFI_02159,LCPJMJGF_00103
serS,serS,Serine--tRNA ligase,4,4,1.0,92,3,,,,1308,1308,1308.0,HJHFJAOG_01675,MLMIAKCI_02199,AOHABJFI_02158,LCPJMJGF_00104
group_999,,hypothetical protein,4,4,1.0,92,2,,,,795,795,795.0,HJHFJAOG_01678,MLMIAKCI_02202,AOHABJFI_02161,LCPJMJGF_00101
sad,sad,Succinate semialdehyde dehydrogenase [NAD(P)+] Sad,4,4,1.0,92,1,,,,1383,1383,1383.0,HJHFJAOG_01683,MLMIAKCI_00365,AOHABJFI_00104,LCPJMJGF_00138
rnr,rnr,Ribonuclease R,4,4,1.0,91,7,,,,2256,2340,2319.0,HJHFJAOG_01637,MLMIAKCI_01878,AOHABJFI_01782,LCPJMJGF_01704
cpoA,cpoA,Alpha-galactosylglucosyldiacylglycerol synthase,4,4,1.0,91,6,,,,1044,1044,1044.0,HJHFJAOG_01641,MLMIAKCI_01874,AOHABJFI_01778,LCPJMJGF_01708
ltaS1_2,ltaS1_2,Lipoteichoic acid synthase 1,4,4,1.0,91,5,,,,2061,2061,2061.0,HJHFJAOG_01639,MLMIAKCI_01876,AOHABJFI_01780,LCPJMJGF_01706
secG,secG,putative protein-export membrane protein SecG,4,4,1.0,91,4,,,,234,234,234.0,HJHFJAOG_01638,MLMIAKCI_01877,AOHABJFI_01781,LCPJMJGF_01705
group_998,,hypothetical protein,4,4,1.0,91,3,,,,1035,1035,1035.0,HJHFJAOG_01640,MLMIAKCI_01875,AOHABJFI_01779,LCPJMJGF_01707
smpB,smpB,SsrA-binding protein,4,4,1.0,91,2,,,,459,459,459.0,HJHFJAOG_01636,MLMIAKCI_01879,AOHABJFI_01783,LCPJMJGF_01703
group_997,,Alpha-monoglucosyldiacylglycerol synthase,4,4,1.0,91,1,,,,1179,1179,1179.0,HJHFJAOG_01642,MLMIAKCI_01873,AOHABJFI_01777,LCPJMJGF_01709
group_996,,hypothetical protein,4,5,1.25,90,12,,,,162,645,505.8,HJHFJAOG_01623,MLMIAKCI_01832,AOHABJFI_01749;AOHABJFI_01748,LCPJMJGF_02159
group_995,,hypothetical protein,4,4,1.0,90,11,,,,192,192,192.0,HJHFJAOG_01626,MLMIAKCI_01835,AOHABJFI_01745,LCPJMJGF_02162
mdtG_2~~~sbnD_2~~~mdtG_1,mdtG_2;sbnD_2;mdtG_1,Multidrug resistance protein MdtG;Staphyloferrin B transporter,4,7,1.75,90,10,,,,303,1248,714.4285714285714,HJHFJAOG_01635;HJHFJAOG_01634,MLMIAKCI_01844;MLMIAKCI_01843,AOHABJFI_01736;AOHABJFI_01737,LCPJMJGF_01448
pepN,pepN,Aminopeptidase N,4,4,1.0,90,9,,,,2538,2538,2538.0,HJHFJAOG_01631,MLMIAKCI_01840,AOHABJFI_01740,LCPJMJGF_01451
dtpT,dtpT,Di-/tripeptide transporter,4,4,1.0,90,8,,,,1494,1494,1494.0,HJHFJAOG_01630,MLMIAKCI_01839,AOHABJFI_01741,LCPJMJGF_02166
group_994,,hypothetical protein,4,4,1.0,90,7,,,,798,798,798.0,HJHFJAOG_01624,MLMIAKCI_01833,AOHABJFI_01747,LCPJMJGF_02160
group_993,,hypothetical protein,4,4,1.0,90,6,,,,1203,1203,1203.0,HJHFJAOG_01625,MLMIAKCI_01834,AOHABJFI_01746,LCPJMJGF_02161
group_992,,hypothetical protein,4,4,1.0,90,5,,,,363,363,363.0,HJHFJAOG_01632,MLMIAKCI_01841,AOHABJFI_01739,LCPJMJGF_01450
group_991,,hypothetical protein,4,4,1.0,90,4,,,,336,336,336.0,HJHFJAOG_01629,MLMIAKCI_01838,AOHABJFI_01742,LCPJMJGF_02165
group_990,,hypothetical protein,4,4,1.0,90,3,,,,756,756,756.0,HJHFJAOG_01627,MLMIAKCI_01836,AOHABJFI_01744,LCPJMJGF_02163
group_989,,hypothetical protein,4,4,1.0,90,2,,,,453,453,453.0,HJHFJAOG_01628,MLMIAKCI_01837,AOHABJFI_01743,LCPJMJGF_02164
group_988,,hypothetical protein,4,4,1.0,90,1,,,,984,984,984.0,HJHFJAOG_01633,MLMIAKCI_01842,AOHABJFI_01738,LCPJMJGF_01449
group_985,,hypothetical protein,4,4,1.0,87,45,,,,360,360,360.0,HJHFJAOG_01798,MLMIAKCI_00858,AOHABJFI_02350,LCPJMJGF_00377
urdA_1,urdA_1,Urocanate reductase,4,4,1.0,87,44,,,,1770,1770,1770.0,HJHFJAOG_01618,MLMIAKCI_00845,AOHABJFI_02363,LCPJMJGF_00390
glnP_2,glnP_2,putative glutamine ABC transporter permease protein GlnP,4,4,1.0,87,43,,,,654,654,654.0,HJHFJAOG_01786,MLMIAKCI_01462,AOHABJFI_02338,LCPJMJGF_00098
pnbA,pnbA,4-nitrobenzoate reductase,4,4,1.0,87,42,,,,657,657,657.0,HJHFJAOG_01615,MLMIAKCI_00848,AOHABJFI_02360,LCPJMJGF_00387
group_984,,hypothetical protein,4,4,1.0,87,41,,,,804,804,804.0,HJHFJAOG_01791,MLMIAKCI_00865,AOHABJFI_02343,LCPJMJGF_00370
yidA_4,yidA_4,Sugar phosphatase YidA,4,4,1.0,87,40,,,,807,807,807.0,HJHFJAOG_01802,MLMIAKCI_00854,AOHABJFI_02354,LCPJMJGF_00381
glvR_1,glvR_1,HTH-type transcriptional regulator GlvR,4,4,1.0,87,38,,,,810,810,810.0,HJHFJAOG_01611,MLMIAKCI_00852,AOHABJFI_02356,LCPJMJGF_00383
guaA_2,guaA_2,GMP synthase [glutamine-hydrolyzing],4,4,1.0,87,37,,,,669,669,669.0,HJHFJAOG_01774,MLMIAKCI_01450,AOHABJFI_02326,LCPJMJGF_02133
hpt_2,hpt_2,Hypoxanthine-guanine phosphoribosyltransferase,4,4,1.0,87,36,,,,570,570,570.0,HJHFJAOG_01617,MLMIAKCI_00846,AOHABJFI_02362,LCPJMJGF_00389
xpkA_2,xpkA_2,Xylulose-5-phosphate phosphoketolase,4,4,1.0,87,35,,,,2400,2400,2400.0,HJHFJAOG_01800,MLMIAKCI_00856,AOHABJFI_02352,LCPJMJGF_00379
group_981,,hypothetical protein,4,4,1.0,87,33,,,,1305,1305,1305.0,HJHFJAOG_01790,MLMIAKCI_00866,AOHABJFI_02342,LCPJMJGF_00369
crr,crr,PTS system glucose-specific EIIA component,4,4,1.0,87,32,,,,486,486,486.0,HJHFJAOG_01613,MLMIAKCI_00850,AOHABJFI_02358,LCPJMJGF_00385
group_980,,hypothetical protein,4,4,1.0,87,31,,,,1401,1401,1401.0,HJHFJAOG_01789,MLMIAKCI_00867,AOHABJFI_02341,LCPJMJGF_00368
group_979,,hypothetical protein,4,4,1.0,87,30,,,,267,267,267.0,HJHFJAOG_01614,MLMIAKCI_00849,AOHABJFI_02359,LCPJMJGF_00386
malP_2,malP_2,PTS system maltose-specific EIICB component,4,4,1.0,87,29,,,,1881,1881,1881.0,HJHFJAOG_01610,MLMIAKCI_00853,AOHABJFI_02355,LCPJMJGF_00382
glcR_2,glcR_2,HTH-type transcriptional repressor GlcR,4,4,1.0,87,28,,,,765,765,765.0,HJHFJAOG_01799,MLMIAKCI_00857,AOHABJFI_02351,LCPJMJGF_00378
glnH_3,glnH_3,ABC transporter glutamine-binding protein GlnH,4,4,1.0,87,24,,,,819,819,819.0,HJHFJAOG_01784,MLMIAKCI_01460,AOHABJFI_02336,LCPJMJGF_00096
gmuR,gmuR,HTH-type transcriptional regulator GmuR,4,4,1.0,87,21,,,,726,726,726.0,HJHFJAOG_01796,MLMIAKCI_00860,AOHABJFI_02348,LCPJMJGF_00375
group_977,,hypothetical protein,4,4,1.0,87,20,,,,849,849,849.0,HJHFJAOG_01801,MLMIAKCI_00855,AOHABJFI_02353,LCPJMJGF_00380
group_976,,hypothetical protein,4,4,1.0,87,18,,,,921,921,921.0,HJHFJAOG_01787,MLMIAKCI_01463,AOHABJFI_02339,LCPJMJGF_00099
group_975,,hypothetical protein,4,4,1.0,87,17,,,,498,498,498.0,HJHFJAOG_01612,MLMIAKCI_00851,AOHABJFI_02357,LCPJMJGF_00384
ybjI_4,ybjI_4,5-amino-6-(5-phospho-D-ribitylamino)uracil phosphatase YbjI,4,4,1.0,87,15,,,,828,828,828.0,HJHFJAOG_01797,MLMIAKCI_00859,AOHABJFI_02349,LCPJMJGF_00376
glnM,glnM,putative glutamine ABC transporter permease protein GlnM,4,4,1.0,87,13,,,,642,642,642.0,HJHFJAOG_01785,MLMIAKCI_01461,AOHABJFI_02337,LCPJMJGF_00097
group_974,kup_2,Low affinity potassium transport system protein Kup,4,4,1.0,87,12,,,,2010,2010,2010.0,HJHFJAOG_01794,MLMIAKCI_00862,AOHABJFI_02346,LCPJMJGF_00373
udk_1~~~udk_2,udk_1;udk_2,Uridine kinase,4,4,1.0,87,10,,,,222,339,309.75,HJHFJAOG_01782,MLMIAKCI_01458,AOHABJFI_02334,LCPJMJGF_00094
steT_2~~~steT_3,steT_2;steT_3,Serine/threonine exchanger SteT,4,4,1.0,87,9,,,,240,1320,510.0,HJHFJAOG_01772,MLMIAKCI_01448,AOHABJFI_02324,LCPJMJGF_02131
steT_3~~~steT_2,steT_3;steT_2,Serine/threonine exchanger SteT,4,4,1.0,87,8,,,,1116,1332,1170.0,HJHFJAOG_01771,MLMIAKCI_01447,AOHABJFI_02323,LCPJMJGF_02132
rihC,rihC,Non-specific ribonucleoside hydrolase RihC,4,4,1.0,87,7,,,,927,927,927.0,HJHFJAOG_01795,MLMIAKCI_00861,AOHABJFI_02347,LCPJMJGF_00374
rbsKrbiA_2,rbsK/rbiA_2,Bifunctional ribokinase/ribose-5-phosphate isomerase A,4,4,1.0,87,6,,,,927,927,927.0,HJHFJAOG_01792,MLMIAKCI_00864,AOHABJFI_02344,LCPJMJGF_00371
glnQ_1,glnQ_1,Glutamine transport ATP-binding protein GlnQ,4,4,1.0,87,5,,,,741,741,741.0,HJHFJAOG_01783,MLMIAKCI_01459,AOHABJFI_02335,LCPJMJGF_00095
rpiA,rpiA,Ribose-5-phosphate isomerase A,4,4,1.0,87,4,,,,693,693,693.0,HJHFJAOG_01793,MLMIAKCI_00863,AOHABJFI_02345,LCPJMJGF_00372
group_971,,hypothetical protein,4,4,1.0,87,2,,,,804,804,804.0,HJHFJAOG_01770,MLMIAKCI_01446,AOHABJFI_02322,LCPJMJGF_02130
group_970,,hypothetical protein,4,4,1.0,87,1,,,,1359,1359,1359.0,HJHFJAOG_01616,MLMIAKCI_00847,AOHABJFI_02361,LCPJMJGF_00388
lgt,lgt,Phosphatidylglycerol--prolipoprotein diacylglyceryl transferase,4,4,1.0,85,49,,,,840,840,840.0,HJHFJAOG_01998,MLMIAKCI_01912,AOHABJFI_02262,LCPJMJGF_01120
whiA,whiA,putative cell division protein WhiA,4,4,1.0,85,48,,,,936,936,936.0,HJHFJAOG_01559,MLMIAKCI_01648,AOHABJFI_02271,LCPJMJGF_01129
recA,recA,Protein RecA,4,4,1.0,85,47,,,,1101,1101,1101.0,HJHFJAOG_02009,MLMIAKCI_01683,AOHABJFI_02251,LCPJMJGF_01109
group_968,,hypothetical protein,4,4,1.0,85,46,,,,396,396,396.0,HJHFJAOG_02016,MLMIAKCI_01690,AOHABJFI_02244,LCPJMJGF_01102
group_967,,hypothetical protein,4,4,1.0,85,45,,,,609,609,609.0,HJHFJAOG_02026,MLMIAKCI_01825,AOHABJFI_02234,LCPJMJGF_00435
trxB,trxB,Thioredoxin reductase,4,4,1.0,85,44,,,,939,939,939.0,HJHFJAOG_01996,MLMIAKCI_01914,AOHABJFI_02264,LCPJMJGF_01122
cspR,cspR,Putative tRNA (cytidine(34)-2'-O)-methyltransferase,4,4,1.0,85,43,,,,561,561,561.0,HJHFJAOG_02017,MLMIAKCI_01691,AOHABJFI_02243,LCPJMJGF_01101
pgsA,pgsA,CDP-diacylglycerol--glycerol-3-phosphate 3-phosphatidyltransferase,4,4,1.0,85,42,,,,561,561,561.0,HJHFJAOG_02010,MLMIAKCI_01684,AOHABJFI_02250,LCPJMJGF_01108
sph,sph,Oleate hydratase,4,4,1.0,85,41,,,,1776,1776,1776.0,HJHFJAOG_02022,MLMIAKCI_01829,AOHABJFI_02238,LCPJMJGF_00439
group_966,,Putative transport protein,4,4,1.0,85,40,,,,1188,1188,1188.0,HJHFJAOG_02018,MLMIAKCI_01692,AOHABJFI_02242,LCPJMJGF_01100
spx_2,spx_2,Global transcriptional regulator Spx,4,4,1.0,85,39,,,,399,399,399.0,HJHFJAOG_02031,MLMIAKCI_01821,AOHABJFI_02230,LCPJMJGF_00431
nadK,nadK,NAD kinase,4,4,1.0,85,38,,,,804,804,804.0,HJHFJAOG_02024,MLMIAKCI_01827,AOHABJFI_02236,LCPJMJGF_00437
comFA,comFA,Competence protein ComFA,4,4,1.0,85,37,,,,1281,1281,1281.0,HJHFJAOG_02005,MLMIAKCI_01905,AOHABJFI_02255,LCPJMJGF_01113
gpsA,gpsA,Glycerol-3-phosphate dehydrogenase [NAD(P)+],4,4,1.0,85,36,,,,1020,1020,1020.0,HJHFJAOG_01997,MLMIAKCI_01913,AOHABJFI_02263,LCPJMJGF_01121
spxH,spxH,ClpXP adapter protein SpxH,4,4,1.0,85,35,,,,618,618,618.0,HJHFJAOG_02027,MLMIAKCI_01824,AOHABJFI_02233,LCPJMJGF_00434
group_965,,hypothetical protein,4,4,1.0,85,34,,,,663,663,663.0,HJHFJAOG_02006,MLMIAKCI_01904,AOHABJFI_02254,LCPJMJGF_01112
pgl,pgl,6-phosphogluconolactonase,4,4,1.0,85,33,,,,1029,1029,1029.0,HJHFJAOG_02020,MLMIAKCI_01831,AOHABJFI_02240,LCPJMJGF_01098
fetB,fetB,putative iron export permease protein FetB,4,4,1.0,85,32,,,,759,759,759.0,HJHFJAOG_01563,MLMIAKCI_01644,AOHABJFI_00038,LCPJMJGF_01872
secA,secA,Protein translocase subunit SecA,4,4,1.0,85,31,,,,2400,2400,2400.0,HJHFJAOG_02002,MLMIAKCI_01908,AOHABJFI_02258,LCPJMJGF_01116
spoIIIE,spoIIIE,DNA translocase SpoIIIE,4,4,1.0,85,30,,,,2424,2424,2424.0,HJHFJAOG_02015,MLMIAKCI_01689,AOHABJFI_02245,LCPJMJGF_01103
group_964,,hypothetical protein,4,4,1.0,85,29,,,,906,906,906.0,HJHFJAOG_02023,MLMIAKCI_01828,AOHABJFI_02237,LCPJMJGF_00438
ptsH,ptsH,Phosphocarrier protein HPr,4,4,1.0,85,28,,,,267,267,267.0,HJHFJAOG_02033,MLMIAKCI_01819,AOHABJFI_02228,LCPJMJGF_00429
group_963,,hypothetical protein,4,4,1.0,85,27,,,,1215,1215,1215.0,HJHFJAOG_02014,MLMIAKCI_01688,AOHABJFI_02246,LCPJMJGF_01104
clpP,clpP,ATP-dependent Clp protease proteolytic subunit,4,4,1.0,85,26,,,,585,585,585.0,HJHFJAOG_01560,MLMIAKCI_01647,AOHABJFI_02272,LCPJMJGF_01130
yjbM,yjbM,GTP pyrophosphokinase YjbM,4,4,1.0,85,25,,,,633,633,633.0,HJHFJAOG_02025,MLMIAKCI_01826,AOHABJFI_02235,LCPJMJGF_00436
group_962,,Putative gluconeogenesis factor,4,4,1.0,85,24,,,,1044,1044,1044.0,HJHFJAOG_01558,MLMIAKCI_01649,AOHABJFI_02270,LCPJMJGF_01128
hprK,hprK,HPr kinase/phosphorylase,4,4,1.0,85,23,,,,969,969,969.0,HJHFJAOG_01999,MLMIAKCI_01911,AOHABJFI_02261,LCPJMJGF_01119
group_961,,hypothetical protein,4,4,1.0,85,22,,,,1629,1629,1629.0,HJHFJAOG_01561,MLMIAKCI_01646,AOHABJFI_00036,LCPJMJGF_01131
group_960,,hypothetical protein,4,4,1.0,85,21,,,,273,273,273.0,HJHFJAOG_02000,MLMIAKCI_01910,AOHABJFI_02260,LCPJMJGF_01118
group_959,,hypothetical protein,4,4,1.0,85,20,,,,543,543,543.0,HJHFJAOG_01556,MLMIAKCI_01651,AOHABJFI_02268,LCPJMJGF_01126
group_958,,hypothetical protein,4,5,1.25,85,19,,,,108,849,675.6,HJHFJAOG_02028;HJHFJAOG_02029,MLMIAKCI_01823,AOHABJFI_02232,LCPJMJGF_00433
fabG,fabG,3-oxoacyl-[acyl-carrier-protein] reductase FabG,4,4,1.0,85,18,,,,729,729,729.0,HJHFJAOG_02012,MLMIAKCI_01686,AOHABJFI_02248,LCPJMJGF_01106
rny,rny,Ribonuclease Y,4,4,1.0,85,17,,,,1638,1638,1638.0,HJHFJAOG_02008,MLMIAKCI_01682,AOHABJFI_02252,LCPJMJGF_01110
group_957,,hypothetical protein,4,4,1.0,85,16,,,,546,693,656.25,HJHFJAOG_02021,MLMIAKCI_01830,AOHABJFI_02239,LCPJMJGF_00440
group_956,,hypothetical protein,4,4,1.0,85,15,,,,381,381,381.0,HJHFJAOG_02019,MLMIAKCI_01693,AOHABJFI_02241,LCPJMJGF_01099
uvrA_1,uvrA_1,UvrABC system protein A,4,4,1.0,85,14,,,,2841,2841,2841.0,HJHFJAOG_01555,MLMIAKCI_01652,AOHABJFI_02267,LCPJMJGF_01125
group_955,,hypothetical protein,4,4,1.0,85,13,,,,183,183,183.0,HJHFJAOG_02034,MLMIAKCI_01818,AOHABJFI_02227,LCPJMJGF_00428
hpf,hpf,Ribosome hibernation promotion factor,4,4,1.0,85,12,,,,546,546,546.0,HJHFJAOG_02003,MLMIAKCI_01907,AOHABJFI_02257,LCPJMJGF_01115
tagO,tagO,putative undecaprenyl-phosphate N-acetylglucosaminyl 1-phosphate transferase,4,4,1.0,85,11,,,,1158,1158,1158.0,HJHFJAOG_02007,MLMIAKCI_01681,AOHABJFI_02253,LCPJMJGF_01111
uvrB_1,uvrB_1,UvrABC system protein B,4,4,1.0,85,10,,,,2046,2046,2046.0,HJHFJAOG_01554,MLMIAKCI_01653,AOHABJFI_02266,LCPJMJGF_01124
group_954,,hypothetical protein,4,4,1.0,85,9,,,,1080,1080,1080.0,HJHFJAOG_02011,MLMIAKCI_01685,AOHABJFI_02249,LCPJMJGF_01107
fetA,fetA,putative iron export ATP-binding protein FetA,4,4,1.0,85,8,,,,639,687,651.0,HJHFJAOG_01562,MLMIAKCI_01645,AOHABJFI_00037,LCPJMJGF_01871
group_953,,hypothetical protein,4,4,1.0,85,7,,,,1245,1245,1245.0,HJHFJAOG_02013,MLMIAKCI_01687,AOHABJFI_02247,LCPJMJGF_01105
group_952,,Nucleotide-binding protein,4,4,1.0,85,6,,,,882,882,882.0,HJHFJAOG_01557,MLMIAKCI_01650,AOHABJFI_02269,LCPJMJGF_01127
pgcA,pgcA,Phosphoglucomutase,4,4,1.0,85,5,,,,1725,1725,1725.0,HJHFJAOG_01995,MLMIAKCI_01654,AOHABJFI_02265,LCPJMJGF_01123
ptsI,ptsI,Phosphoenolpyruvate-protein phosphotransferase,4,4,1.0,85,4,,,,1734,1734,1734.0,HJHFJAOG_02032,MLMIAKCI_01820,AOHABJFI_02229,LCPJMJGF_00430
comFC,comFC,Competence protein ComFC,4,4,1.0,85,3,,,,696,696,696.0,HJHFJAOG_02004,MLMIAKCI_01906,AOHABJFI_02256,LCPJMJGF_01114
prfB,prfB,Peptide chain release factor 2,4,4,1.0,85,2,,,,999,999,999.0,HJHFJAOG_02001,MLMIAKCI_01909,AOHABJFI_02259,LCPJMJGF_01117
mecA,mecA,Adapter protein MecA,4,4,1.0,85,1,,,,747,747,747.0,HJHFJAOG_02030,MLMIAKCI_01822,AOHABJFI_02231,LCPJMJGF_00432
gpmA_5,gpmA_5,23-bisphosphoglycerate-dependent phosphoglycerate mutase,4,4,1.0,84,23,,,,651,651,651.0,HJHFJAOG_01822,MLMIAKCI_02078,AOHABJFI_02012,LCPJMJGF_00805
group_951,,hypothetical protein,4,4,1.0,84,22,,,,558,558,558.0,HJHFJAOG_01815,MLMIAKCI_02085,AOHABJFI_02019,LCPJMJGF_00798
helD,helD,DNA helicase IV,4,4,1.0,84,21,,,,2307,2307,2307.0,HJHFJAOG_01820,MLMIAKCI_02080,AOHABJFI_02014,LCPJMJGF_00803
paiA,paiA,Spermidine/spermine N(1)-acetyltransferase,4,4,1.0,84,20,,,,525,525,525.0,HJHFJAOG_01546,MLMIAKCI_00317,AOHABJFI_01693,LCPJMJGF_00790
group_950,,hypothetical protein,4,4,1.0,84,19,,,,618,618,618.0,HJHFJAOG_01545,MLMIAKCI_02347,AOHABJFI_01692,LCPJMJGF_00789
glnQ_2,glnQ_2,Glutamine transport ATP-binding protein GlnQ,4,4,1.0,84,18,,,,621,621,621.0,HJHFJAOG_01818,MLMIAKCI_02082,AOHABJFI_02016,LCPJMJGF_00801
efp_2,efp_2,Elongation factor P,4,4,1.0,84,17,,,,576,576,576.0,HJHFJAOG_01813,MLMIAKCI_02087,AOHABJFI_02021,LCPJMJGF_00796
uup_11,uup_11,ATP-binding protein Uup,4,4,1.0,84,16,,,,1605,1605,1605.0,HJHFJAOG_01540,MLMIAKCI_02342,AOHABJFI_01687,LCPJMJGF_00784
trcR_1,trcR_1,Transcriptional regulatory protein TrcR,4,4,1.0,84,15,,,,720,720,720.0,HJHFJAOG_01542,MLMIAKCI_02344,AOHABJFI_01689,LCPJMJGF_00786
group_949,,hypothetical protein,4,4,1.0,84,14,,,,396,396,396.0,HJHFJAOG_01551,MLMIAKCI_00152,AOHABJFI_01698,LCPJMJGF_00794
pglK,pglK;,Protein glycosylation K;Putative multidrug export ATP-binding/permease protein;hypothetical protein,4,7,1.75,84,13,,,,510,1620,925.7142857142857,HJHFJAOG_01548;HJHFJAOG_01549,MLMIAKCI_00315;MLMIAKCI_00314,AOHABJFI_01695;AOHABJFI_01696,LCPJMJGF_00792
coaA,coaA,Pantothenate kinase,4,4,1.0,84,12,,,,915,915,915.0,HJHFJAOG_01814,MLMIAKCI_02086,AOHABJFI_02020,LCPJMJGF_00797
artP~~~tcyJ,artP;tcyJ,Arginine-binding extracellular protein ArtP;L-cystine-binding protein TcyJ,4,4,1.0,84,11,,,,816,816,816.0,HJHFJAOG_01817,MLMIAKCI_02083,AOHABJFI_02017,LCPJMJGF_00800
elaA,elaA,Protein ElaA,4,4,1.0,84,10,,,,450,450,450.0,HJHFJAOG_01816,MLMIAKCI_02084,AOHABJFI_02018,LCPJMJGF_00799
fpaP,fpaP,Proline iminopeptidase,4,4,1.0,84,9,,,,918,918,918.0,HJHFJAOG_01541,MLMIAKCI_02343,AOHABJFI_01688,LCPJMJGF_00785
dppA_4,dppA_4,Dipeptide-binding protein,4,4,1.0,84,8,,,,1647,1647,1647.0,HJHFJAOG_01550,MLMIAKCI_00153,AOHABJFI_01697,LCPJMJGF_00793
group_947,,hypothetical protein,4,4,1.0,84,6,,,,657,747,702.0,HJHFJAOG_01821,MLMIAKCI_02079,AOHABJFI_02013,LCPJMJGF_00804
group_946,,hypothetical protein,4,4,1.0,84,5,,,,549,549,549.0,HJHFJAOG_01544,MLMIAKCI_02346,AOHABJFI_01691,LCPJMJGF_00788
group_945,,hypothetical protein,4,7,1.75,84,4,,,,252,588,364.2857142857143,HJHFJAOG_01552;HJHFJAOG_01812,MLMIAKCI_00151;MLMIAKCI_02088,AOHABJFI_02022;AOHABJFI_01699,LCPJMJGF_00795
sasA_4,sasA_4,Adaptive-response sensory-kinase SasA,4,4,1.0,84,3,,,,1344,1344,1344.0,HJHFJAOG_01543,MLMIAKCI_02345,AOHABJFI_01690,LCPJMJGF_00787
group_944,,hypothetical protein,4,4,1.0,84,2,,,,456,456,456.0,HJHFJAOG_01547,MLMIAKCI_00316,AOHABJFI_01694,LCPJMJGF_00791
artQ,artQ,Arginine transport system permease protein ArtQ,4,4,1.0,84,1,,,,648,648,648.0,HJHFJAOG_01819,MLMIAKCI_02081,AOHABJFI_02015,LCPJMJGF_00802
group_943,,hypothetical protein,4,4,1.0,83,12,,,,924,924,924.0,HJHFJAOG_01505,MLMIAKCI_02224,AOHABJFI_01630,LCPJMJGF_00412
thlA,thlA,Acetyl-CoA acetyltransferase,4,4,1.0,83,11,,,,1164,1164,1164.0,HJHFJAOG_01503,MLMIAKCI_02226,AOHABJFI_01628,LCPJMJGF_00414
mnaA,mnaA,UDP-N-acetylglucosamine 2-epimerase,4,4,1.0,83,10,,,,1143,1143,1143.0,HJHFJAOG_01510,MLMIAKCI_00108,AOHABJFI_01635,LCPJMJGF_00408
group_942,,hypothetical protein,4,4,1.0,83,9,,,,528,528,528.0,HJHFJAOG_01508,MLMIAKCI_02221,AOHABJFI_01633,LCPJMJGF_00409
group_941,,Flavodoxin,4,4,1.0,83,8,,,,447,447,447.0,HJHFJAOG_01507,MLMIAKCI_02222,AOHABJFI_01632,LCPJMJGF_00410
gtaB,gtaB,UTP--glucose-1-phosphate uridylyltransferase,4,4,1.0,83,6,,,,903,903,903.0,HJHFJAOG_01504,MLMIAKCI_02225,AOHABJFI_01629,LCPJMJGF_00413
celB,celB,PTS system cellobiose-specific EIIC component,4,4,1.0,83,5,,,,1329,1329,1329.0,HJHFJAOG_01512,MLMIAKCI_00106,AOHABJFI_01637,LCPJMJGF_00406
mvaA~~~mvaS~~~fabH,mvaA;mvaS;fabH,3-hydroxy-3-methylglutaryl-coenzyme A reductase;Hydroxymethylglutaryl-CoA synthase;Beta-ketoacyl-[acyl-carrier-protein] synthase III,4,5,1.25,83,4,,,,1167,2364,1894.2,HJHFJAOG_01502,MLMIAKCI_02227,AOHABJFI_01627,LCPJMJGF_00416;LCPJMJGF_00415
yfmL,yfmL,putative ATP-dependent RNA helicase YfmL,4,4,1.0,83,3,,,,1236,1242,1237.5,HJHFJAOG_01513,MLMIAKCI_00105,AOHABJFI_01638,LCPJMJGF_00405
map,map,Methionine aminopeptidase 1,4,4,1.0,83,2,,,,828,828,828.0,HJHFJAOG_01506,MLMIAKCI_02223,AOHABJFI_01631,LCPJMJGF_00411
group_939,,hypothetical protein,4,7,1.75,83,1,,,,360,708,422.57142857142856,HJHFJAOG_01515;HJHFJAOG_01514,MLMIAKCI_00104;MLMIAKCI_00103,AOHABJFI_01640;AOHABJFI_01639,LCPJMJGF_00404
group_938,,IS5 family transposase ISL2,4,4,1.0,82,15,,,,420,420,420.0,HJHFJAOG_01498,MLMIAKCI_01675,AOHABJFI_01730,LCPJMJGF_01896
group_937,,hypothetical protein,4,4,1.0,82,14,,,,717,753,726.0,HJHFJAOG_01488,MLMIAKCI_01680,AOHABJFI_01735,LCPJMJGF_01891
tnpR_1,tnpR_1,Transposon gamma-delta resolvase,4,4,1.0,82,13,,,,606,606,606.0,HJHFJAOG_01497,MLMIAKCI_01674,AOHABJFI_01729,LCPJMJGF_01897
group_936,,hypothetical protein,4,4,1.0,82,12,,,,333,333,333.0,HJHFJAOG_01492,MLMIAKCI_01669,AOHABJFI_00435,LCPJMJGF_01885
soj_2,soj_2,Sporulation initiation inhibitor protein Soj,4,4,1.0,82,11,,,,786,786,786.0,HJHFJAOG_01501,MLMIAKCI_01678,AOHABJFI_01733,LCPJMJGF_01893
group_935,,hypothetical protein,4,4,1.0,82,10,,,,228,228,228.0,HJHFJAOG_01491,MLMIAKCI_01668,AOHABJFI_00434,LCPJMJGF_01886
group_934,,hypothetical protein,4,4,1.0,82,9,,,,789,789,789.0,HJHFJAOG_01493,MLMIAKCI_01670,AOHABJFI_01725,LCPJMJGF_01884
group_933,,hypothetical protein,4,4,1.0,82,8,,,,216,216,216.0,HJHFJAOG_01500,MLMIAKCI_01677,AOHABJFI_01732,LCPJMJGF_01894
group_932,,hypothetical protein,4,4,1.0,82,7,,,,258,258,258.0,HJHFJAOG_01490,MLMIAKCI_01667,2_refound_23,LCPJMJGF_01887
group_931,,hypothetical protein;IS30 family transposase ISSag3,4,5,1.25,82,6,,,,168,1035,835.2,HJHFJAOG_01489,MLMIAKCI_01665;MLMIAKCI_01666,AOHABJFI_00354,LCPJMJGF_01888
nrdI_2,nrdI_2,Protein NrdI,4,4,1.0,82,5,,,,426,426,426.0,HJHFJAOG_01495,MLMIAKCI_01672,AOHABJFI_01727,LCPJMJGF_00252
nrdF~~~nrdF_2,nrdF;nrdF_2,Ribonucleoside-diphosphate reductase 2 subunit beta,4,4,1.0,82,4,,,,198,1008,805.5,HJHFJAOG_01496,MLMIAKCI_01673,AOHABJFI_01728,LCPJMJGF_00251
group_930,,hypothetical protein,4,4,1.0,82,3,,,,501,501,501.0,HJHFJAOG_01499,MLMIAKCI_01676,AOHABJFI_01731,LCPJMJGF_01895
nrdE1,nrdE1,Ribonucleoside-diphosphate reductase subunit alpha 1,4,4,1.0,82,2,,,,2169,2169,2169.0,HJHFJAOG_01494,MLMIAKCI_01671,AOHABJFI_01726,3_refound_39
group_929,,hypothetical protein,4,4,1.0,82,1,,,,1113,1113,1113.0,HJHFJAOG_01487,MLMIAKCI_01679,AOHABJFI_01734,LCPJMJGF_01892
uptA,uptA,Undecaprenyl phosphate transporter A,4,4,1.0,80,96,,,,615,615,615.0,HJHFJAOG_01575,MLMIAKCI_01387,AOHABJFI_00898,LCPJMJGF_01402
bcaP_2,bcaP_2,Branched-chain amino acid permease BcaP,4,4,1.0,80,94,,,,1386,1386,1386.0,HJHFJAOG_01576,MLMIAKCI_01388,AOHABJFI_00897,LCPJMJGF_01403
clsA_2~~~cls,clsA_2;cls,Major cardiolipin synthase ClsA;Cardiolipin synthase,4,5,1.25,80,82,,,,240,1536,1135.8,HJHFJAOG_01449;HJHFJAOG_01448,MLMIAKCI_01410,AOHABJFI_02024,LCPJMJGF_00279
rpmF,rpmF,Large ribosomal subunit protein bL32,4,4,1.0,80,81,,,,189,189,189.0,HJHFJAOG_01568,MLMIAKCI_01380,AOHABJFI_00905,LCPJMJGF_01395
dkgA,;dkgA,Aldo-keto reductase/MSMEI_2347;hypothetical protein;Methylglyoxal reductase DkgA,4,10,2.5,80,80,,,,219,837,290.7,HJHFJAOG_01580;HJHFJAOG_01579;HJHFJAOG_01581,MLMIAKCI_01391;MLMIAKCI_01392;MLMIAKCI_01393,AOHABJFI_00894;AOHABJFI_00893;AOHABJFI_00892,LCPJMJGF_01406
ypiA,ypiA;,TPR repeat-containing protein YpiA;hypothetical protein,4,5,1.25,80,78,,,,450,1248,951.6,HJHFJAOG_01446;HJHFJAOG_01447,MLMIAKCI_01409,AOHABJFI_02025,LCPJMJGF_00278
group_910,,hypothetical protein,4,4,1.0,80,75,,,,462,462,462.0,HJHFJAOG_01441,MLMIAKCI_01404,AOHABJFI_02030,LCPJMJGF_00273
yidA_3,yidA_3,Sugar phosphatase YidA,4,4,1.0,80,73,,,,813,813,813.0,HJHFJAOG_01578,MLMIAKCI_01390,AOHABJFI_00895,LCPJMJGF_01405
cpdB,cpdB,2'3'-cyclic-nucleotide 2'-phosphodiesterase/3'-nucleotidase,4,4,1.0,80,68,,,,1557,1557,1557.0,HJHFJAOG_01567,MLMIAKCI_01314,AOHABJFI_00906,LCPJMJGF_01394
cmk,cmk,Cytidylate kinase,4,4,1.0,80,67,,,,672,672,672.0,HJHFJAOG_01442,MLMIAKCI_01405,AOHABJFI_02029,LCPJMJGF_00274
ribU,;ribU,hypothetical protein;Riboflavin transporter RibU,4,5,1.25,80,65,,,,297,690,542.4,HJHFJAOG_01440,MLMIAKCI_01403,AOHABJFI_02031,LCPJMJGF_01383;LCPJMJGF_00272
group_899,,hypothetical protein,4,4,1.0,80,59,,,,219,219,219.0,HJHFJAOG_01566,MLMIAKCI_01313,AOHABJFI_00907,LCPJMJGF_01393
pyk,pyk,Pyruvate kinase,4,4,1.0,80,53,,,,1770,1770,1770.0,HJHFJAOG_01433,MLMIAKCI_01396,AOHABJFI_00910,LCPJMJGF_01390
group_893,,hypothetical protein,4,4,1.0,80,52,,,,363,363,363.0,HJHFJAOG_01436,MLMIAKCI_01399,AOHABJFI_00913,LCPJMJGF_01387
coaBC,coaBC,Coenzyme A biosynthesis bifunctional protein CoaBC,4,4,1.0,80,50,,,,1191,1191,1191.0,HJHFJAOG_01582,MLMIAKCI_01394,AOHABJFI_00891,LCPJMJGF_01407
cvfB,cvfB,Conserved virulence factor B,4,4,1.0,80,49,,,,894,894,894.0,HJHFJAOG_01434,MLMIAKCI_01397,AOHABJFI_00911,LCPJMJGF_01389
uvrC,uvrC,UvrABC system protein C,4,4,1.0,80,48,,,,1803,1803,1803.0,HJHFJAOG_01574,MLMIAKCI_01386,AOHABJFI_00899,LCPJMJGF_01401
rps1,rps1,Small ribosomal subunit protein bS1,4,4,1.0,80,45,,,,1209,1209,1209.0,HJHFJAOG_01443,MLMIAKCI_01406,AOHABJFI_02028,LCPJMJGF_00275
xerD,xerD,Tyrosine recombinase XerD,4,4,1.0,80,44,,,,906,906,906.0,HJHFJAOG_01435,MLMIAKCI_01398,AOHABJFI_00912,LCPJMJGF_01388
rluB_2,rluB_2,Ribosomal large subunit pseudouridine synthase B,4,4,1.0,80,43,,,,717,717,717.0,HJHFJAOG_01439,MLMIAKCI_01402,AOHABJFI_00916,LCPJMJGF_01384
oatA,oatA,O-acetyltransferase OatA,4,4,1.0,80,40,,,,1917,1917,1917.0,HJHFJAOG_01572,MLMIAKCI_01384,AOHABJFI_00901,LCPJMJGF_01399
group_888,,Hydroxypyruvate reductase,4,4,1.0,80,39,,,,843,966,935.25,HJHFJAOG_01577,MLMIAKCI_01389,AOHABJFI_00896,LCPJMJGF_01404
scpA,scpA,Segregation and condensation protein A,4,4,1.0,80,35,,,,741,741,741.0,HJHFJAOG_01437,MLMIAKCI_01400,AOHABJFI_00914,LCPJMJGF_01386
group_884,,hypothetical protein,4,4,1.0,80,34,,,,249,249,249.0,HJHFJAOG_01569,MLMIAKCI_01381,AOHABJFI_00904,LCPJMJGF_01396
rnz,rnz,Ribonuclease Z,4,4,1.0,80,31,,,,939,939,939.0,HJHFJAOG_01571,MLMIAKCI_01383,AOHABJFI_00902,LCPJMJGF_01398
obg,obg,GTPase Obg,4,4,1.0,80,24,,,,1305,1305,1305.0,HJHFJAOG_01573,MLMIAKCI_01385,AOHABJFI_00900,LCPJMJGF_01400
der,der,GTPase Der,4,4,1.0,80,20,,,,1308,1308,1308.0,HJHFJAOG_01444,MLMIAKCI_01407,AOHABJFI_02027,LCPJMJGF_00276
pfkA,pfkA,ATP-dependent 6-phosphofructokinase,4,4,1.0,80,18,,,,963,963,963.0,HJHFJAOG_01432,MLMIAKCI_01395,AOHABJFI_00909,LCPJMJGF_01391
scpB,scpB,Segregation and condensation protein B,4,4,1.0,80,16,,,,591,591,591.0,HJHFJAOG_01438,MLMIAKCI_01401,AOHABJFI_00915,LCPJMJGF_01385
hup_2,hup_2,DNA-binding protein HU,4,4,1.0,80,11,,,,276,276,276.0,HJHFJAOG_01445,MLMIAKCI_01408,AOHABJFI_02026,LCPJMJGF_00277
dnaE,dnaE,DNA polymerase III subunit alpha,4,4,1.0,80,10,,,,3108,3108,3108.0,HJHFJAOG_01565,MLMIAKCI_01312,AOHABJFI_00908,LCPJMJGF_01392
group_861,,putative oxidoreductase,4,4,1.0,80,4,,,,795,795,795.0,HJHFJAOG_01570,MLMIAKCI_01382,AOHABJFI_00903,LCPJMJGF_01397
lspA,lspA,Lipoprotein signal peptidase,4,4,1.0,77,20,,,,465,465,465.0,HJHFJAOG_01330,MLMIAKCI_01246,AOHABJFI_01461,LCPJMJGF_01370
group_850,,hypothetical protein,4,4,1.0,77,14,,,,336,336,336.0,HJHFJAOG_01328,MLMIAKCI_01248,AOHABJFI_01459,LCPJMJGF_01368
fhs1,fhs1,Formate--tetrahydrofolate ligase 1,4,4,1.0,77,13,,,,1677,1677,1677.0,HJHFJAOG_01329,MLMIAKCI_01247,AOHABJFI_01460,LCPJMJGF_01369
rluD_2,rluD_2,Ribosomal large subunit pseudouridine synthase D,4,4,1.0,77,11,,,,912,912,912.0,HJHFJAOG_01331,MLMIAKCI_01245,AOHABJFI_01462,LCPJMJGF_01371
pyrAA_2,pyrAA_2,Carbamoyl phosphate synthase pyrimidine-specific small chain,4,4,1.0,77,7,,,,1056,1056,1056.0,HJHFJAOG_01332,MLMIAKCI_01244,AOHABJFI_01463,LCPJMJGF_01372
group_845,,hypothetical protein,4,4,1.0,77,6,,,,417,417,417.0,HJHFJAOG_01335,MLMIAKCI_01241,AOHABJFI_01466,LCPJMJGF_01375
pyrAB,pyrAB,Carbamoyl phosphate synthase pyrimidine-specific large chain,4,4,1.0,77,5,,,,3195,3195,3195.0,HJHFJAOG_01333,MLMIAKCI_01243,AOHABJFI_01464,LCPJMJGF_01373
rqcH,rqcH,Rqc2 RqcH,4,4,1.0,77,4,,,,1710,1710,1710.0,HJHFJAOG_01334,MLMIAKCI_01242,AOHABJFI_01465,LCPJMJGF_01374
degV_2,degV_2,Protein DegV,4,4,1.0,77,2,,,,879,879,879.0,HJHFJAOG_01336,MLMIAKCI_01240,AOHABJFI_01467,LCPJMJGF_01376
rpoB,rpoB,DNA-directed RNA polymerase subunit beta RpoB,4,4,1.0,76,8,,,,3639,3639,3639.0,HJHFJAOG_01318,MLMIAKCI_01695,AOHABJFI_01542,LCPJMJGF_00632
rpoC,rpoC,DNA-directed RNA polymerase subunit beta RpoC,4,4,1.0,76,6,,,,3660,3660,3660.0,HJHFJAOG_01319,MLMIAKCI_01696,AOHABJFI_01543,LCPJMJGF_00631
fusA,fusA,elongation factor G FusA,4,4,1.0,76,5,,,,2094,2094,2094.0,HJHFJAOG_01323,MLMIAKCI_01700,AOHABJFI_01547,LCPJMJGF_00627
rpsG,rpsG,Small ribosomal subunit protein uS7,4,4,1.0,76,4,,,,471,471,471.0,HJHFJAOG_01322,MLMIAKCI_01699,AOHABJFI_01546,LCPJMJGF_00628
group_840,,hypothetical protein,4,4,1.0,76,3,,,,684,684,684.0,HJHFJAOG_01320,MLMIAKCI_01697,AOHABJFI_01544,LCPJMJGF_00630
clpC,clpC,ATP-dependent Clp protease ATP-binding subunit ClpC,4,4,1.0,76,2,,,,2481,2481,2481.0,HJHFJAOG_01317,MLMIAKCI_01694,AOHABJFI_01541,LCPJMJGF_00633
rpsL,rpsL,Small ribosomal subunit protein uS12,4,4,1.0,76,1,,,,408,408,408.0,HJHFJAOG_01321,MLMIAKCI_01698,AOHABJFI_01545,LCPJMJGF_00629
ftsH,ftsH,ATP-dependent zinc metalloprotease FtsH,4,4,1.0,75,26,,,,2169,2169,2169.0,HJHFJAOG_01483,MLMIAKCI_02191,AOHABJFI_02054,LCPJMJGF_00643
cshA,cshA,ATP-dependent RNA helicase CshA,4,4,1.0,75,25,,,,1488,1488,1488.0,HJHFJAOG_01526,MLMIAKCI_01193,AOHABJFI_01643,LCPJMJGF_00654
pth,pth,Peptidyl-tRNA hydrolase,4,4,1.0,75,24,,,,558,558,558.0,HJHFJAOG_01477,MLMIAKCI_01198,AOHABJFI_02275,LCPJMJGF_00649
murF,murF,UDP-N-acetylmuramoyl-tripeptide--D-alanyl-D-alanine ligase,4,4,1.0,75,23,,,,1368,1368,1368.0,HJHFJAOG_01525,MLMIAKCI_01192,AOHABJFI_01644,LCPJMJGF_00655
hslO,hslO,33 kDa chaperonin,4,4,1.0,75,22,,,,891,891,891.0,HJHFJAOG_01484,MLMIAKCI_02190,AOHABJFI_02055,LCPJMJGF_00642
pnp,pnp,Polyribonucleotide nucleotidyltransferase,4,4,1.0,75,21,,,,363,363,363.0,HJHFJAOG_01481,MLMIAKCI_02193,AOHABJFI_02052,LCPJMJGF_00645
yfeO,yfeO,Putative ion-transport protein YfeO,4,4,1.0,75,20,,,,1086,1200,1143.0,HJHFJAOG_01516,MLMIAKCI_01183,AOHABJFI_01653,LCPJMJGF_00664
dusB,dusB,tRNA-dihydrouridine synthase B,4,4,1.0,75,19,,,,1026,1026,1026.0,HJHFJAOG_01485,MLMIAKCI_02189,AOHABJFI_02056,LCPJMJGF_00641
group_839,,hypothetical protein,4,4,1.0,75,18,,,,708,708,708.0,HJHFJAOG_01475,MLMIAKCI_01196,AOHABJFI_02277,LCPJMJGF_00651
lysS,lysS,Lysine--tRNA ligase,4,4,1.0,75,17,,,,1551,1551,1551.0,HJHFJAOG_01486,MLMIAKCI_02188,AOHABJFI_02057,LCPJMJGF_00640
group_838,,hypothetical protein,4,4,1.0,75,16,,,,276,384,303.0,HJHFJAOG_01519,MLMIAKCI_01186,AOHABJFI_01650,LCPJMJGF_00661
aimA,aimA,Glutamate/serine transporter AimA,4,4,1.0,75,15,,,,1593,1593,1593.0,HJHFJAOG_01521,MLMIAKCI_01188,AOHABJFI_01648,LCPJMJGF_00659
alr,alr,Alanine racemase,4,4,1.0,75,14,,,,1131,1131,1131.0,HJHFJAOG_01528,MLMIAKCI_01195,AOHABJFI_01641,LCPJMJGF_00652
dexB,dexB,Glucan 16-alpha-glucosidase,4,4,1.0,75,13,,,,1620,1620,1620.0,HJHFJAOG_01523,MLMIAKCI_01190,AOHABJFI_01646,LCPJMJGF_00657
group_837,,hypothetical protein,4,4,1.0,75,12,,,,378,378,378.0,HJHFJAOG_01480,MLMIAKCI_02194,AOHABJFI_02051,LCPJMJGF_00646
group_836,,hypothetical protein,4,4,1.0,75,11,,,,345,345,345.0,HJHFJAOG_01518,MLMIAKCI_01185,AOHABJFI_01651,LCPJMJGF_00662
ldh_2,ldh_2,L-lactate dehydrogenase,4,4,1.0,75,10,,,,972,972,972.0,HJHFJAOG_01476,MLMIAKCI_01197,AOHABJFI_02276,LCPJMJGF_00650
rqcP,rqcP,RQC P-site tRNA stabilizing factor,4,4,1.0,75,9,,,,243,273,258.0,HJHFJAOG_01479,MLMIAKCI_01200,AOHABJFI_02273,LCPJMJGF_00647
glyA,glyA,Serine hydroxymethyltransferase,4,4,1.0,75,8,,,,1236,1236,1236.0,HJHFJAOG_01520,MLMIAKCI_01187,AOHABJFI_01649,LCPJMJGF_00660
ybjI_3,ybjI_3,5-amino-6-(5-phospho-D-ribitylamino)uracil phosphatase YbjI,4,4,1.0,75,7,,,,828,828,828.0,HJHFJAOG_01522,MLMIAKCI_01189,AOHABJFI_01647,LCPJMJGF_00658
rpmE2,rpmE2,Large ribosomal subunit protein bL31B,4,4,1.0,75,6,,,,246,246,246.0,HJHFJAOG_01524,MLMIAKCI_01191,AOHABJFI_01645,LCPJMJGF_00656
mfd,mfd,Transcription-repair-coupling factor,4,4,1.0,75,5,,,,3495,3495,3495.0,HJHFJAOG_01478,MLMIAKCI_01199,AOHABJFI_02274,LCPJMJGF_00648
acpS,acpS,Holo-[acyl-carrier-protein] synthase,4,4,1.0,75,3,,,,357,357,357.0,HJHFJAOG_01527,MLMIAKCI_01194,AOHABJFI_01642,LCPJMJGF_00653
tilS,tilS,tRNA(Ile)-lysidine synthase,4,4,1.0,75,2,,,,1254,1254,1254.0,HJHFJAOG_01482,MLMIAKCI_02192,AOHABJFI_02053,LCPJMJGF_00644
hmo,hmo,4-hydroxymandelate oxidase,4,4,1.0,75,1,,,,1002,1002,1002.0,HJHFJAOG_01517,MLMIAKCI_01184,AOHABJFI_01652,LCPJMJGF_00663
thrB,thrB,Homoserine kinase,4,4,1.0,74,10,,,,864,864,864.0,HJHFJAOG_01305,MLMIAKCI_01712,AOHABJFI_01917,LCPJMJGF_00206
thrC,thrC,Threonine synthase,4,4,1.0,74,9,,,,1491,1491,1491.0,HJHFJAOG_01303,MLMIAKCI_01714,AOHABJFI_01919,LCPJMJGF_00204
yclM_2,yclM_2,Aspartokinase 3,4,4,1.0,74,8,,,,1368,1368,1368.0,HJHFJAOG_01302,MLMIAKCI_01715,AOHABJFI_01920,LCPJMJGF_00203
group_834,,hypothetical protein,4,4,1.0,74,7,,,,168,168,168.0,HJHFJAOG_01308,MLMIAKCI_01709,AOHABJFI_01914,LCPJMJGF_00209
group_833,,hypothetical protein,4,4,1.0,74,6,,,,879,879,879.0,HJHFJAOG_01307,MLMIAKCI_01710,AOHABJFI_01915,LCPJMJGF_00208
group_832,,hypothetical protein,4,4,1.0,74,5,,,,624,624,624.0,HJHFJAOG_01310,MLMIAKCI_00230,AOHABJFI_01912,LCPJMJGF_00211
msrA,msrA,Peptide methionine sulfoxide reductase MsrA,4,4,1.0,74,4,,,,567,567,567.0,HJHFJAOG_01309,MLMIAKCI_00231,AOHABJFI_01913,LCPJMJGF_00210
group_831,,hypothetical protein,4,4,1.0,74,3,,,,648,648,648.0,HJHFJAOG_01306,MLMIAKCI_01711,AOHABJFI_01916,LCPJMJGF_00207
gpmA_4,;gpmA_4,hypothetical protein;23-bisphosphoglycerate-dependent phosphoglycerate mutase,4,4,1.0,74,2,,,,561,561,561.0,HJHFJAOG_01301,MLMIAKCI_01716,AOHABJFI_01921,LCPJMJGF_00202
hom,hom,Homoserine dehydrogenase,4,4,1.0,74,1,,,,1236,1236,1236.0,HJHFJAOG_01304,MLMIAKCI_01713,AOHABJFI_01918,LCPJMJGF_00205
ppaC,ppaC,putative manganese-dependent inorganic pyrophosphatase,4,4,1.0,72,16,,,,936,936,936.0,HJHFJAOG_01278,MLMIAKCI_01466,AOHABJFI_01416,LCPJMJGF_01773
hdfR_2,hdfR_2,HTH-type transcriptional regulator HdfR,4,4,1.0,72,15,,,,975,975,975.0,HJHFJAOG_01277,MLMIAKCI_01467,AOHABJFI_01417,LCPJMJGF_01774
parE,parE,DNA topoisomerase IV subunit B ParE,4,4,1.0,72,14,,,,1947,1947,1947.0,HJHFJAOG_01275,MLMIAKCI_01469,AOHABJFI_01419,LCPJMJGF_01776
group_829,,hypothetical protein,4,4,1.0,72,13,,,,219,225,223.5,HJHFJAOG_01272,MLMIAKCI_01472,AOHABJFI_01422,LCPJMJGF_01781
parC,parC,DNA topoisomerase IV subunit A ParC,4,4,1.0,72,12,,,,2460,2460,2460.0,HJHFJAOG_01276,MLMIAKCI_01468,AOHABJFI_01418,LCPJMJGF_01775
group_828,,hypothetical protein,4,4,1.0,72,11,,,,609,609,609.0,HJHFJAOG_01267,MLMIAKCI_01477,AOHABJFI_01427,LCPJMJGF_01785
group_827,,hypothetical protein,4,4,1.0,72,10,,,,234,234,234.0,HJHFJAOG_01265,MLMIAKCI_01479,AOHABJFI_01429,LCPJMJGF_01787
plsY_2,plsY_2,Glycerol-3-phosphate acyltransferase,4,4,1.0,72,9,,,,636,636,636.0,HJHFJAOG_01274,MLMIAKCI_01470,AOHABJFI_01420,LCPJMJGF_01777
ywqA_2~~~ywqA_1~~~rapA,;ywqA_2;ywqA_1;rapA,hypothetical protein;Putative ATP-dependent helicase/translocase YwqA;RNA polymerase-associated protein RapA,4,6,1.5,72,7,,,,486,3528,2283.5,HJHFJAOG_01273,MLMIAKCI_01471,AOHABJFI_01421,LCPJMJGF_01779;LCPJMJGF_01780;LCPJMJGF_01778
rutB,rutB,Ureidoacrylate amidohydrolase RutB,4,4,1.0,72,6,,,,552,552,552.0,HJHFJAOG_01270,MLMIAKCI_01474,AOHABJFI_01424,LCPJMJGF_01782
group_825,,Putative peptidyl-prolyl cis-trans isomerase,4,4,1.0,72,5,,,,600,600,600.0,HJHFJAOG_01279,MLMIAKCI_01465,AOHABJFI_01415,LCPJMJGF_01772
group_824,,hypothetical protein,4,4,1.0,72,4,,,,657,657,657.0,HJHFJAOG_01268,MLMIAKCI_01476,AOHABJFI_01426,LCPJMJGF_01784
group_823,,hypothetical protein,4,4,1.0,72,3,,,,357,357,357.0,HJHFJAOG_01266,MLMIAKCI_01478,AOHABJFI_01428,LCPJMJGF_01786
group_822,,hypothetical protein,4,4,1.0,72,2,,,,756,756,756.0,HJHFJAOG_01269,MLMIAKCI_01475,AOHABJFI_01425,LCPJMJGF_01783
group_821,,hypothetical protein,4,4,1.0,72,1,,,,366,366,366.0,HJHFJAOG_01280,MLMIAKCI_01464,AOHABJFI_01414,LCPJMJGF_01771
group_819,,hypothetical protein,4,4,1.0,70,12,,,,1092,1308,1146.0,HJHFJAOG_01249,MLMIAKCI_00199,AOHABJFI_01875,LCPJMJGF_02010
group_818,,Putative 3-methyladenine DNA glycosylase,4,4,1.0,70,11,,,,633,633,633.0,HJHFJAOG_01963,MLMIAKCI_02359,AOHABJFI_01868,LCPJMJGF_02003
group_817,,hypothetical protein,4,4,1.0,70,10,,,,837,933,905.25,HJHFJAOG_01245,MLMIAKCI_02356,AOHABJFI_01871,LCPJMJGF_02006
group_816,,Endoglucanase,4,4,1.0,70,9,,,,1104,1104,1104.0,HJHFJAOG_01248,MLMIAKCI_00200,AOHABJFI_01874,LCPJMJGF_02009
adaB,adaB,Methylated-DNA--protein-cysteine methyltransferase inducible,4,4,1.0,70,8,,,,354,519,477.75,HJHFJAOG_01960,MLMIAKCI_02362,AOHABJFI_01865,LCPJMJGF_02000
yfbR,yfbR,5'-deoxynucleotidase YfbR,4,4,1.0,70,7,,,,645,645,645.0,HJHFJAOG_01247,MLMIAKCI_00201,AOHABJFI_01873,LCPJMJGF_02008
alx,alx,Putative membrane-bound redox modulator Alx,4,4,1.0,70,6,,,,789,789,789.0,HJHFJAOG_01961,MLMIAKCI_02361,AOHABJFI_01866,LCPJMJGF_02001
artM,artM,Arginine transport ATP-binding protein ArtM,4,4,1.0,70,5,,,,756,756,756.0,HJHFJAOG_01965,MLMIAKCI_02357,AOHABJFI_01870,LCPJMJGF_02005
group_815,,hypothetical protein,4,4,1.0,70,4,,,,849,849,849.0,HJHFJAOG_01246,MLMIAKCI_00202,AOHABJFI_01872,LCPJMJGF_02007
cobB,cobB,NAD-dependent protein deacetylase,4,4,1.0,70,3,,,,699,699,699.0,HJHFJAOG_01959,MLMIAKCI_00578,AOHABJFI_01864,LCPJMJGF_01999
group_814,,hypothetical protein,4,4,1.0,70,2,,,,366,366,366.0,HJHFJAOG_01962,MLMIAKCI_02360,AOHABJFI_01867,LCPJMJGF_02002
mltF_2,mltF_2,Membrane-bound lytic murein transglycosylase F,4,4,1.0,70,1,,,,1614,1614,1614.0,HJHFJAOG_01964,MLMIAKCI_02358,AOHABJFI_01869,LCPJMJGF_02004
group_813,,hypothetical protein,4,4,1.0,69,8,,,,333,333,333.0,HJHFJAOG_01162,MLMIAKCI_00473,AOHABJFI_02220,LCPJMJGF_00831
ucpA,;ucpA,hypothetical protein;Oxidoreductase UcpA,4,4,1.0,69,7,,,,99,444,357.75,HJHFJAOG_01161,MLMIAKCI_00472,AOHABJFI_02221,LCPJMJGF_00832
yitU,yitU,5-amino-6-(5-phospho-D-ribitylamino)uracil phosphatase YitU,4,4,1.0,69,6,,,,774,774,774.0,HJHFJAOG_01157,MLMIAKCI_00127,AOHABJFI_02225,LCPJMJGF_00837
virS,virS;,HTH-type transcriptional regulator VirS;hypothetical protein,4,4,1.0,69,5,,,,378,378,378.0,HJHFJAOG_01159,MLMIAKCI_00125,AOHABJFI_02223,LCPJMJGF_00835
group_812,,hypothetical protein,4,4,1.0,69,4,,,,267,267,267.0,HJHFJAOG_01163,MLMIAKCI_00474,AOHABJFI_02219,LCPJMJGF_00830
group_811,,hypothetical protein,4,4,1.0,69,3,,,,1254,1254,1254.0,HJHFJAOG_01158,MLMIAKCI_00126,AOHABJFI_02224,LCPJMJGF_00836
pbuG,pbuG,Guanine/hypoxanthine permease PbuG,4,4,1.0,69,2,,,,1311,1311,1311.0,HJHFJAOG_01156,MLMIAKCI_00128,AOHABJFI_02226,LCPJMJGF_00838
group_810,,hypothetical protein,4,4,1.0,69,1,,,,108,597,446.25,HJHFJAOG_01160,MLMIAKCI_00124,AOHABJFI_02222,LCPJMJGF_00834
group_808,,hypothetical protein,4,4,1.0,67,25,,,,318,318,318.0,HJHFJAOG_01852,MLMIAKCI_02104,AOHABJFI_02044,LCPJMJGF_00852
group_807,,hypothetical protein,4,4,1.0,67,24,,,,936,936,936.0,HJHFJAOG_01853,MLMIAKCI_02103,AOHABJFI_02045,LCPJMJGF_00851
group_804,,hypothetical protein,4,4,1.0,67,21,,,,1110,1110,1110.0,HJHFJAOG_01856,MLMIAKCI_02100,AOHABJFI_02048,LCPJMJGF_00849
group_803,,hypothetical protein,4,4,1.0,67,20,,,,378,378,378.0,HJHFJAOG_01147,MLMIAKCI_02073,AOHABJFI_01929,LCPJMJGF_00842
clcA_1,clcA_1,H(+)/Cl(-) exchange transporter ClcA,4,4,1.0,67,18,,,,1560,1560,1560.0,HJHFJAOG_01849,MLMIAKCI_02107,AOHABJFI_02041,LCPJMJGF_00855
group_801,,hypothetical protein,4,4,1.0,67,16,,,,372,372,372.0,HJHFJAOG_01851,MLMIAKCI_02105,AOHABJFI_02043,LCPJMJGF_00853
group_798,,hypothetical protein,4,4,1.0,67,13,,,,288,288,288.0,HJHFJAOG_01146,MLMIAKCI_02074,AOHABJFI_01930,LCPJMJGF_00843
ygcS,;ygcS,hypothetical protein;Inner membrane metabolite transport protein YgcS,4,6,1.5,67,12,,,,375,1365,902.0,HJHFJAOG_01858;HJHFJAOG_01142,MLMIAKCI_02098,AOHABJFI_01934;AOHABJFI_02050,LCPJMJGF_00847
crp,crp,cAMP-activated global transcriptional regulator CRP,4,4,1.0,67,11,,,,630,645,641.25,HJHFJAOG_01144,MLMIAKCI_02076,AOHABJFI_01932,LCPJMJGF_00845
group_796,,hypothetical protein,4,4,1.0,67,9,,,,1152,1152,1152.0,HJHFJAOG_01854,MLMIAKCI_02102,AOHABJFI_02046,LCPJMJGF_00850
group_794,,hypothetical protein,4,4,1.0,67,5,,,,426,426,426.0,HJHFJAOG_01850,MLMIAKCI_02106,AOHABJFI_02042,LCPJMJGF_00854
copA,copA,Copper-exporting P-type ATPase,4,4,1.0,67,3,,,,1941,1941,1941.0,HJHFJAOG_01145,MLMIAKCI_02075,AOHABJFI_01931,LCPJMJGF_00844
group_792,,hypothetical protein,4,4,1.0,67,2,,,,555,555,555.0,HJHFJAOG_01143,MLMIAKCI_02077,AOHABJFI_01933,LCPJMJGF_00846
group_791,,hypothetical protein,4,4,1.0,67,1,,,,153,153,153.0,HJHFJAOG_01857,MLMIAKCI_02099,AOHABJFI_02049,LCPJMJGF_00848
glnP_1~~~glnP_2,;glnP_1;glnP_2,hypothetical protein;Glutamine transport system permease protein GlnP,4,5,1.25,66,44,,,,234,678,554.4,HJHFJAOG_01125;HJHFJAOG_01124,MLMIAKCI_02056,AOHABJFI_01186,LCPJMJGF_01342
proX,proX,Prolyl-tRNA editing protein ProX,4,4,1.0,66,43,,,,489,489,489.0,HJHFJAOG_01118,MLMIAKCI_02062,AOHABJFI_01291,LCPJMJGF_01336
group_790,,hypothetical protein,4,4,1.0,66,42,,,,1182,1182,1182.0,HJHFJAOG_01117,MLMIAKCI_02064,AOHABJFI_01290,LCPJMJGF_01335
nadD,nadD,Nicotinate-nucleotide adenylyltransferase,4,4,1.0,66,41,,,,654,654,654.0,HJHFJAOG_01108,MLMIAKCI_01737,AOHABJFI_01281,LCPJMJGF_01327
acyP,acyP,Acylphosphatase,4,4,1.0,66,39,,,,273,273,273.0,HJHFJAOG_01120,MLMIAKCI_02060,AOHABJFI_01293,LCPJMJGF_01338
group_788,,hypothetical protein,4,4,1.0,66,38,,,,564,564,564.0,HJHFJAOG_01112,MLMIAKCI_01741,AOHABJFI_01285,LCPJMJGF_01331
yqeH,yqeH,putative protein YqeH,4,4,1.0,66,37,,,,1110,1110,1110.0,HJHFJAOG_01107,MLMIAKCI_01736,AOHABJFI_01280,LCPJMJGF_01326
greA_2,greA_2,Transcription elongation factor GreA,4,4,1.0,66,36,,,,477,477,477.0,HJHFJAOG_01131,MLMIAKCI_01442,AOHABJFI_01192,LCPJMJGF_01349
group_787,,N-acetyldiaminopimelate deacetylase,4,4,1.0,66,35,,,,1272,1272,1272.0,HJHFJAOG_01139,MLMIAKCI_01434,AOHABJFI_01200,LCPJMJGF_01010
dppA_4~~~dppA_3,dppA_4;dppA_3,Dipeptide-binding protein,4,4,1.0,66,34,,,,1632,1632,1632.0,HJHFJAOG_01137,MLMIAKCI_01436,AOHABJFI_01198,LCPJMJGF_01012
rpmI,rpmI,Large ribosomal subunit protein bL35,4,4,1.0,66,33,,,,201,201,201.0,HJHFJAOG_01102,MLMIAKCI_01731,AOHABJFI_01275,LCPJMJGF_01321
group_786,,hypothetical protein,4,4,1.0,66,32,,,,525,525,525.0,HJHFJAOG_01106,MLMIAKCI_01735,AOHABJFI_01279,LCPJMJGF_01325
mco,mco,Multicopper oxidase mco,4,4,1.0,66,31,,,,1554,1554,1554.0,HJHFJAOG_01135,MLMIAKCI_01438,AOHABJFI_01196,LCPJMJGF_01353
sasA_2,sasA_2,Adaptive-response sensory-kinase SasA,4,4,1.0,66,30,,,,1569,1569,1569.0,HJHFJAOG_01114,MLMIAKCI_01743,AOHABJFI_01287,LCPJMJGF_01333
group_785,,putative protein,4,4,1.0,66,29,,,,1206,1206,1206.0,HJHFJAOG_01138,MLMIAKCI_01435,AOHABJFI_01199,LCPJMJGF_01011
pheT_2,pheT_2,Phenylalanine--tRNA ligase beta subunit,4,4,1.0,66,28,,,,2421,2421,2421.0,HJHFJAOG_01130,MLMIAKCI_01443,AOHABJFI_01191,LCPJMJGF_01348
tcyB,tcyB,L-cystine transport system permease protein TcyB,4,4,1.0,66,26,,,,672,672,672.0,HJHFJAOG_01126,MLMIAKCI_02055,AOHABJFI_01187,LCPJMJGF_01343
arlR,arlR,Response regulator ArlR,4,4,1.0,66,25,,,,717,717,717.0,HJHFJAOG_01113,MLMIAKCI_01742,AOHABJFI_01286,LCPJMJGF_01332
yidA_1,yidA_1,Sugar phosphatase YidA,4,4,1.0,66,24,,,,816,816,816.0,HJHFJAOG_01136,MLMIAKCI_01437,AOHABJFI_01197,LCPJMJGF_01013
group_783,,hypothetical protein,4,4,1.0,66,23,,,,177,177,177.0,HJHFJAOG_01134,MLMIAKCI_01439,AOHABJFI_01195,LCPJMJGF_01352
group_781,,L-2-hydroxyisocaproate dehydrogenase,4,4,1.0,66,21,,,,912,912,912.0,HJHFJAOG_01132,MLMIAKCI_01441,AOHABJFI_01193,LCPJMJGF_01350
yidC,yidC,Membrane protein insertase YidC,4,4,1.0,66,19,,,,966,966,966.0,HJHFJAOG_01119,MLMIAKCI_02061,AOHABJFI_01292,LCPJMJGF_01337
group_780,,hypothetical protein,4,4,1.0,66,18,,,,819,819,819.0,HJHFJAOG_01140,MLMIAKCI_01433,AOHABJFI_01201,LCPJMJGF_01009
pheS,pheS,Phenylalanine--tRNA ligase alpha subunit,4,4,1.0,66,17,,,,1050,1050,1050.0,HJHFJAOG_01129,MLMIAKCI_01444,AOHABJFI_01190,LCPJMJGF_01347
tmcAL,tmcAL,tRNA(Met) cytidine acetate ligase,4,4,1.0,66,16,,,,1152,1152,1152.0,HJHFJAOG_01111,MLMIAKCI_01740,AOHABJFI_01284,LCPJMJGF_01330
tnpB,tnpB,RNA-guided DNA endonuclease TnpB,4,4,1.0,66,14,,,,1152,1152,1152.0,HJHFJAOG_01105,MLMIAKCI_01734,AOHABJFI_01278,LCPJMJGF_01324
rsfS,rsfS,Ribosomal silencing factor RsfS,4,4,1.0,66,12,,,,348,348,348.0,HJHFJAOG_01110,MLMIAKCI_01739,AOHABJFI_01283,LCPJMJGF_01329
infC,infC,Translation initiation factor IF-3,4,4,1.0,66,11,,,,450,450,450.0,HJHFJAOG_01101,MLMIAKCI_01730,AOHABJFI_01274,LCPJMJGF_01320
group_778,,hypothetical protein,4,6,1.5,66,10,,,,282,1251,750.0,HJHFJAOG_01115;HJHFJAOG_01116,MLMIAKCI_02065,AOHABJFI_01289;AOHABJFI_01288,LCPJMJGF_01334
gluA~~~glnQ_2~~~fbpC2,gluA;glnQ_2;fbpC2,Glutamate transport ATP-binding protein GluA;Glutamine transport ATP-binding protein GlnQ;Fe(3+) ions import ATP-binding protein FbpC 2,4,5,1.25,66,9,,,,174,741,577.2,HJHFJAOG_01127,MLMIAKCI_02054,AOHABJFI_01188,LCPJMJGF_01345;LCPJMJGF_01344
group_777,,Bis(5'-nucleosyl)-tetraphosphatase symmetrical,4,4,1.0,66,8,,,,594,594,594.0,HJHFJAOG_01109,MLMIAKCI_01738,AOHABJFI_01282,LCPJMJGF_01328
glnH_1~~~artI~~~glnH_2,glnH_1;artI;glnH_2;,ABC transporter glutamine-binding protein GlnH;Putative ABC transporter arginine-binding protein 2;hypothetical protein,4,5,1.25,66,7,,,,315,873,694.2,HJHFJAOG_01128,MLMIAKCI_02053;MLMIAKCI_02052,AOHABJFI_01189,LCPJMJGF_01346
yodB,yodB,HTH-type transcriptional regulator YodB,4,4,1.0,66,6,,,,351,351,351.0,HJHFJAOG_01122,MLMIAKCI_02058,AOHABJFI_01184,LCPJMJGF_01340
group_776,,hypothetical protein,4,4,1.0,66,5,,,,297,492,443.25,HJHFJAOG_01141,MLMIAKCI_01432,AOHABJFI_01202,LCPJMJGF_01008
rplT,rplT,Large ribosomal subunit protein bL20,4,4,1.0,66,4,,,,357,357,357.0,HJHFJAOG_01103,MLMIAKCI_01732,AOHABJFI_01276,LCPJMJGF_01322
rlmP,rlmP,23S rRNA (guanosine(2553)-2'-O)-methyltransferase RlmP,4,4,1.0,66,3,,,,768,768,768.0,HJHFJAOG_01121,MLMIAKCI_02059,AOHABJFI_01183,LCPJMJGF_01339
metQ~~~metQ_2,metQ;metQ_2,putative D-methionine-binding lipoprotein MetQ,4,4,1.0,66,2,,,,852,945,875.25,HJHFJAOG_01133,MLMIAKCI_01440,AOHABJFI_01194,LCPJMJGF_01351
add1,add1,Adenosine deaminase 1,4,4,1.0,66,1,,,,1002,1002,1002.0,HJHFJAOG_01104,MLMIAKCI_01733,AOHABJFI_01277,LCPJMJGF_01323
group_774,,hypothetical protein,4,4,1.0,64,18,,,,360,360,360.0,HJHFJAOG_01098,MLMIAKCI_01311,AOHABJFI_01257,LCPJMJGF_01666
rnj,rnj,Ribonuclease J,4,4,1.0,64,17,,,,1296,1296,1296.0,HJHFJAOG_01089,MLMIAKCI_01302,AOHABJFI_01248,LCPJMJGF_01675
group_773,,hypothetical protein,4,4,1.0,64,16,,,,855,855,855.0,HJHFJAOG_01094,MLMIAKCI_01307,AOHABJFI_01253,LCPJMJGF_01670
lacF,lacF,Lactose transport system permease protein LacF,4,4,1.0,64,15,,,,867,867,867.0,HJHFJAOG_01091,MLMIAKCI_01304,AOHABJFI_01250,LCPJMJGF_01673
smc_2,smc_2,Chromosome partition protein Smc,4,4,1.0,64,14,,,,3510,3510,3510.0,HJHFJAOG_01084,MLMIAKCI_01297,AOHABJFI_01243,LCPJMJGF_01680
pepD,pepD,Dipeptidase,4,4,1.0,64,13,,,,1428,1428,1428.0,HJHFJAOG_01093,MLMIAKCI_01306,AOHABJFI_01252,LCPJMJGF_01671
group_772,,Protein ADP-ribosyltransferase,4,4,1.0,64,12,,,,822,822,822.0,HJHFJAOG_01096,MLMIAKCI_01309,AOHABJFI_01255,LCPJMJGF_01668
msmE_2,msmE_2,Multiple sugar-binding protein,4,4,1.0,64,11,,,,1302,1302,1302.0,HJHFJAOG_01088,MLMIAKCI_01301,AOHABJFI_01247,LCPJMJGF_01676
group_771,dinG_1,3'-5' exonuclease DinG,4,4,1.0,64,10,,,,957,957,957.0,HJHFJAOG_01095,MLMIAKCI_01308,AOHABJFI_01254,LCPJMJGF_01669
group_770,,hypothetical protein,4,4,1.0,64,9,,,,648,648,648.0,HJHFJAOG_01097,MLMIAKCI_01310,AOHABJFI_01256,LCPJMJGF_01667
group_769,ngcG,Diacetylchitobiose uptake system permease protein NgcG,4,4,1.0,64,8,,,,825,825,825.0,HJHFJAOG_01090,MLMIAKCI_01303,AOHABJFI_01249,LCPJMJGF_01674
group_768,,hypothetical protein,4,4,1.0,64,7,,,,576,576,576.0,HJHFJAOG_01085,MLMIAKCI_01298,AOHABJFI_01244,LCPJMJGF_01679
group_767,,hypothetical protein,4,4,1.0,64,6,,,,1017,1017,1017.0,HJHFJAOG_01081,MLMIAKCI_01294,AOHABJFI_01240,LCPJMJGF_01683
group_766,,hypothetical protein,4,4,1.0,64,5,,,,918,918,918.0,HJHFJAOG_01087,MLMIAKCI_01300,AOHABJFI_01246,LCPJMJGF_01677
group_765,,hypothetical protein,4,4,1.0,64,4,,,,945,945,945.0,HJHFJAOG_01086,MLMIAKCI_01299,AOHABJFI_01245,LCPJMJGF_01678
sugC,sugC,Trehalose import ATP-binding protein SugC,4,4,1.0,64,3,,,,1089,1089,1089.0,HJHFJAOG_01092,MLMIAKCI_01305,AOHABJFI_01251,LCPJMJGF_01672
group_764,,hypothetical protein,4,4,1.0,64,2,,,,603,603,603.0,HJHFJAOG_01082,MLMIAKCI_01295,AOHABJFI_01241,LCPJMJGF_01682
group_763,,hypothetical protein,4,4,1.0,64,1,,,,177,177,177.0,HJHFJAOG_01083,MLMIAKCI_01296,AOHABJFI_01242,LCPJMJGF_01681
proA,proA,4-hydroxy-4-methyl-2-oxoglutarate aldolase/4-carboxy-4-hydroxy-2-oxoadipate aldolase,4,4,1.0,63,40,,,,699,699,699.0,HJHFJAOG_01000,MLMIAKCI_00371,AOHABJFI_00068,LCPJMJGF_01585
pepE_1~~~pepE_2,pepE_1;pepE_2,Aminopeptidase E,4,4,1.0,63,39,,,,1317,1317,1317.0,HJHFJAOG_01001,MLMIAKCI_01717,AOHABJFI_00069,LCPJMJGF_01586
group_762,,hypothetical protein,4,4,1.0,63,38,,,,558,558,558.0,HJHFJAOG_01600,MLMIAKCI_01234,AOHABJFI_00057,LCPJMJGF_01734
dapX_3,dapX_3,putative N-acetyl-LL-diaminopimelate aminotransferase,4,4,1.0,63,36,,,,1185,1185,1185.0,HJHFJAOG_01585,MLMIAKCI_01219,AOHABJFI_00042,LCPJMJGF_01747
relA,relA,GTP pyrophosphokinase,4,4,1.0,63,35,,,,2241,2241,2241.0,HJHFJAOG_01589,MLMIAKCI_01223,AOHABJFI_00046,LCPJMJGF_01743
sorC,sorC,Sorbitol operon regulator,4,4,1.0,63,34,,,,939,939,939.0,HJHFJAOG_01596,MLMIAKCI_01230,AOHABJFI_00053,LCPJMJGF_01738
group_760,,hypothetical protein,4,4,1.0,63,33,,,,363,363,363.0,HJHFJAOG_01590,MLMIAKCI_01224,AOHABJFI_00047,LCPJMJGF_01742
group_758,,hypothetical protein,4,4,1.0,63,31,,,,942,942,942.0,HJHFJAOG_01008,MLMIAKCI_01724,AOHABJFI_00076,LCPJMJGF_01593
group_757,,hypothetical protein,4,4,1.0,63,30,,,,1347,1404,1389.75,HJHFJAOG_01595,MLMIAKCI_01229,AOHABJFI_00052,LCPJMJGF_01739
prmA,prmA,Ribosomal protein L11 methyltransferase,4,4,1.0,63,29,,,,945,945,945.0,HJHFJAOG_01591,MLMIAKCI_01225,AOHABJFI_00048,LCPJMJGF_01741
group_756,,hypothetical protein,4,4,1.0,63,28,,,,327,327,327.0,HJHFJAOG_01597,MLMIAKCI_01231,AOHABJFI_00054,LCPJMJGF_01737
group_755,,NADH:fumarate oxidoreductase,4,4,1.0,63,27,,,,1377,1377,1377.0,HJHFJAOG_01003,MLMIAKCI_01719,AOHABJFI_00071,LCPJMJGF_01588
hisS,hisS,Histidine--tRNA ligase,4,4,1.0,63,26,,,,1287,1287,1287.0,HJHFJAOG_01587,MLMIAKCI_01221,AOHABJFI_00044,LCPJMJGF_01745
citF,citF,Citrate lyase alpha chain,4,4,1.0,63,25,,,,1542,1542,1542.0,HJHFJAOG_01605,MLMIAKCI_00113,AOHABJFI_00062,LCPJMJGF_01579
aspS,aspS,Aspartate--tRNA ligase,4,4,1.0,63,24,,,,1854,1854,1854.0,HJHFJAOG_01586,MLMIAKCI_01220,AOHABJFI_00043,LCPJMJGF_01746
dtd,dtd,D-aminoacyl-tRNA deacylase,4,4,1.0,63,23,,,,438,438,438.0,HJHFJAOG_01588,MLMIAKCI_01222,AOHABJFI_00045,LCPJMJGF_01744
thrP_2,thrP_2,Threonine/serine transporter ThrP,4,4,1.0,63,22,,,,1392,1392,1392.0,HJHFJAOG_01012,MLMIAKCI_00525,AOHABJFI_00116,LCPJMJGF_01597
group_754,,Membrane lipoprotein TpN32,4,4,1.0,63,21,,,,855,855,855.0,HJHFJAOG_01007,MLMIAKCI_01723,AOHABJFI_00075,LCPJMJGF_01592
citD,citD,Citrate lyase acyl carrier protein,4,4,1.0,63,20,,,,294,294,294.0,HJHFJAOG_01607,MLMIAKCI_00115,AOHABJFI_00064,LCPJMJGF_01581
ctpE,ctpE,Calcium-transporting ATPase CtpE,4,4,1.0,63,19,,,,2403,2403,2403.0,HJHFJAOG_01009,MLMIAKCI_01725,AOHABJFI_00077,LCPJMJGF_01594
metP,metP,Methionine import system permease protein MetP,4,4,1.0,63,18,,,,684,702,697.5,HJHFJAOG_01005,MLMIAKCI_01721,AOHABJFI_00073,LCPJMJGF_01590
fumC,fumC,Fumarate hydratase class II,4,4,1.0,63,17,,,,1404,1404,1404.0,HJHFJAOG_01004,MLMIAKCI_01720,AOHABJFI_00072,LCPJMJGF_01589
thyA,thyA,Thymidylate synthase,4,4,1.0,63,16,,,,957,957,957.0,HJHFJAOG_01011,MLMIAKCI_01727,AOHABJFI_00079,LCPJMJGF_01596
citE,citE,Citrate lyase subunit beta,4,4,1.0,63,15,,,,915,915,915.0,HJHFJAOG_01606,MLMIAKCI_00114,AOHABJFI_00063,LCPJMJGF_01580
group_753,,hypothetical protein,4,4,1.0,63,14,,,,132,132,132.0,HJHFJAOG_01598,MLMIAKCI_01232,AOHABJFI_00055,LCPJMJGF_01736
citC,citC,[Citrate [pro-3S]-lyase] ligase,4,4,1.0,63,13,,,,1056,1056,1056.0,HJHFJAOG_01608,MLMIAKCI_00116,AOHABJFI_00065,LCPJMJGF_01582
group_752,,hypothetical protein,4,4,1.0,63,12,,,,381,381,381.0,HJHFJAOG_01599,MLMIAKCI_01233,AOHABJFI_00056,LCPJMJGF_01735
metN,metN,Methionine import ATP-binding protein MetN,4,4,1.0,63,11,,,,1065,1065,1065.0,HJHFJAOG_01006,MLMIAKCI_01722,AOHABJFI_00074,LCPJMJGF_01591
group_751,,hypothetical protein,4,4,1.0,63,10,,,,456,456,456.0,HJHFJAOG_01604,MLMIAKCI_01238,AOHABJFI_00061,LCPJMJGF_01730
ykoD_2,ykoD_2,Putative HMP/thiamine import ATP-binding protein YkoD,4,4,1.0,63,9,,,,1710,1710,1710.0,HJHFJAOG_01601,MLMIAKCI_01235,AOHABJFI_00058,LCPJMJGF_01733
ecfT_2,ecfT_2,Energy-coupling factor transporter transmembrane protein EcfT,4,4,1.0,63,8,,,,834,834,834.0,HJHFJAOG_01602,MLMIAKCI_01236,AOHABJFI_00059,LCPJMJGF_01732
ydjP,ydjP,AB hydrolase superfamily protein YdjP,4,4,1.0,63,7,,,,792,792,792.0,HJHFJAOG_01609,MLMIAKCI_00117,AOHABJFI_00066,LCPJMJGF_01583
yflS,yflS,Putative malate transporter YflS,4,4,1.0,63,6,,,,1470,1470,1470.0,HJHFJAOG_00999,MLMIAKCI_00370,AOHABJFI_00067,LCPJMJGF_01584
group_750,,hypothetical protein,4,4,1.0,63,5,,,,510,510,510.0,HJHFJAOG_01592,MLMIAKCI_01226,AOHABJFI_00049,LCPJMJGF_01740
ldh_1,ldh_1,L-lactate dehydrogenase,4,4,1.0,63,4,,,,930,930,930.0,HJHFJAOG_01002,MLMIAKCI_01718,AOHABJFI_00070,LCPJMJGF_01587
dfrA,dfrA,Dihydrofolate reductase,4,4,1.0,63,3,,,,510,510,510.0,HJHFJAOG_01010,MLMIAKCI_01726,AOHABJFI_00078,LCPJMJGF_01595
group_749,,hypothetical protein,4,4,1.0,63,2,,,,162,162,162.0,HJHFJAOG_01603,MLMIAKCI_01237,AOHABJFI_00060,LCPJMJGF_01731
group_748,,IS3 family transposase ISEnfa5,4,4,1.0,62,2,,,,888,888,888.0,HJHFJAOG_00972,1_refound_10,AOHABJFI_00247,LCPJMJGF_00249
group_747,,IS3 family transposase ISEnfa5,4,4,1.0,62,1,,,,708,708,708.0,HJHFJAOG_00971,MLMIAKCI_00529,AOHABJFI_00246,LCPJMJGF_00248
bmpA_2,bmpA_2,ABC transporter nucleoside-binding protein BmpA,4,4,1.0,58,64,,,,1095,1095,1095.0,HJHFJAOG_00902,MLMIAKCI_02383,AOHABJFI_00781,LCPJMJGF_00573
group_739,,hypothetical protein,4,4,1.0,58,63,,,,297,297,297.0,HJHFJAOG_00919,MLMIAKCI_02400,AOHABJFI_00195,LCPJMJGF_00555
group_738,,hypothetical protein,4,4,1.0,58,62,,,,606,606,606.0,HJHFJAOG_00903,MLMIAKCI_02384,AOHABJFI_00780,LCPJMJGF_00572
clpE_2~~~clpE_1,clpE_2;clpE_1,ATP-dependent Clp protease ATP-binding subunit ClpE,4,4,1.0,58,61,,,,1905,2127,1960.5,HJHFJAOG_00934,MLMIAKCI_00878,AOHABJFI_00210,LCPJMJGF_00540
group_736,,hypothetical protein,4,4,1.0,58,59,,,,1104,1104,1104.0,HJHFJAOG_00906,MLMIAKCI_02387,AOHABJFI_00777,LCPJMJGF_00569
group_735,,hypothetical protein,4,4,1.0,58,58,,,,357,357,357.0,HJHFJAOG_00910,MLMIAKCI_02391,AOHABJFI_00773,LCPJMJGF_00567
group_734,,hypothetical protein,4,4,1.0,58,57,,,,654,654,654.0,HJHFJAOG_00907,MLMIAKCI_02388,AOHABJFI_00776,LCPJMJGF_00568
group_733,,Putative phosphatase,4,4,1.0,58,55,,,,801,801,801.0,HJHFJAOG_00892,MLMIAKCI_02373,AOHABJFI_00791,LCPJMJGF_00583
group_732,,hypothetical protein,4,4,1.0,58,54,,,,891,891,891.0,HJHFJAOG_00933,MLMIAKCI_00877,AOHABJFI_00209,LCPJMJGF_00541
asnA,asnA,Aspartate--ammonia ligase,4,4,1.0,58,53,,,,1014,1014,1014.0,HJHFJAOG_00943,MLMIAKCI_00887,AOHABJFI_00219,LCPJMJGF_01769
group_731,,putative ABC transporter ATP-binding protein,4,4,1.0,58,52,,,,705,705,705.0,HJHFJAOG_00931,MLMIAKCI_00875,AOHABJFI_00207,LCPJMJGF_00543
darB,darB,Cyclic di-AMP receptor B,4,4,1.0,58,51,,,,471,471,471.0,HJHFJAOG_00917,MLMIAKCI_02398,AOHABJFI_00193,LCPJMJGF_00557
dltA,dltA,D-alanine--D-alanyl carrier protein ligase,4,4,1.0,58,50,,,,1515,1515,1515.0,HJHFJAOG_00921,MLMIAKCI_02402,AOHABJFI_00197,LCPJMJGF_00553
purA,purA,Adenylosuccinate synthetase,4,4,1.0,58,49,,,,1290,1290,1290.0,HJHFJAOG_00948,MLMIAKCI_00207,AOHABJFI_00224,LCPJMJGF_01764
group_730,,hypothetical protein,4,4,1.0,58,48,,,,519,906,809.25,HJHFJAOG_00939,MLMIAKCI_00883,AOHABJFI_00215,LCPJMJGF_00534
dltD,dltD,Protein DltD,4,4,1.0,58,47,,,,1287,1287,1287.0,HJHFJAOG_00924,MLMIAKCI_02405,AOHABJFI_00200,LCPJMJGF_00550
group_729,uup_5,ATP-binding protein Uup,4,4,1.0,58,46,,,,2340,2340,2340.0,HJHFJAOG_00905,MLMIAKCI_02386,AOHABJFI_00778,LCPJMJGF_00570
group_728,,hypothetical protein,4,4,1.0,58,45,,,,1101,1101,1101.0,HJHFJAOG_00938,MLMIAKCI_00882,AOHABJFI_00214,LCPJMJGF_00535
nupA,nupA,Nucleoside import ATP-binding protein NupA,4,4,1.0,58,44,,,,1539,1539,1539.0,HJHFJAOG_00900,MLMIAKCI_02381,AOHABJFI_00783,LCPJMJGF_00575
group_727,,hypothetical protein,4,4,1.0,58,43,,,,951,951,951.0,HJHFJAOG_00927,MLMIAKCI_00871,AOHABJFI_00203,LCPJMJGF_00547
group_725,,hypothetical protein,4,4,1.0,58,41,,,,480,480,480.0,HJHFJAOG_00940,MLMIAKCI_00884,AOHABJFI_00216,LCPJMJGF_00533
pbpX_2,pbpX_2,Putative penicillin-binding protein PbpX,4,4,1.0,58,40,,,,942,942,942.0,HJHFJAOG_00925,MLMIAKCI_02406,AOHABJFI_00201,LCPJMJGF_00549
purB,purB,Adenylosuccinate lyase,4,4,1.0,58,39,,,,1299,1299,1299.0,HJHFJAOG_00949,MLMIAKCI_00208,AOHABJFI_00225,LCPJMJGF_01763
group_724,,putative transporter,4,4,1.0,58,38,,,,1392,1392,1392.0,HJHFJAOG_00942,MLMIAKCI_00886,AOHABJFI_00218,LCPJMJGF_00531
thrP_1,thrP_1,Threonine/serine transporter ThrP,4,4,1.0,58,37,,,,1374,1374,1374.0,HJHFJAOG_00937,MLMIAKCI_00881,AOHABJFI_00213,LCPJMJGF_00536
spsB_1,spsB_1,Signal peptidase IB,4,4,1.0,58,36,,,,633,633,633.0,HJHFJAOG_00935,MLMIAKCI_00879,AOHABJFI_00211,LCPJMJGF_00538
uup_6,uup_6,ATP-binding protein Uup,4,4,1.0,58,35,,,,1569,1569,1569.0,HJHFJAOG_00912,MLMIAKCI_02393,AOHABJFI_00771,LCPJMJGF_00564
zosA,zosA,Zinc-transporting ATPase,4,4,1.0,58,34,,,,1863,1863,1863.0,HJHFJAOG_00916,MLMIAKCI_02397,AOHABJFI_00192,LCPJMJGF_00558
nupC,nupC,Nucleoside ABC transporter permease protein NupC,4,4,1.0,58,33,,,,957,957,957.0,HJHFJAOG_00898,MLMIAKCI_02379,AOHABJFI_00785,LCPJMJGF_00577
group_723,,hypothetical protein,4,4,1.0,58,32,,,,1137,1137,1137.0,HJHFJAOG_00918,MLMIAKCI_02399,AOHABJFI_00194,LCPJMJGF_00556
group_722,,hypothetical protein,4,4,1.0,58,29,,,,1308,1308,1308.0,HJHFJAOG_00932,MLMIAKCI_00876,AOHABJFI_00208,LCPJMJGF_00542
group_721,,hypothetical protein,4,4,1.0,58,28,,,,717,717,717.0,HJHFJAOG_00926,MLMIAKCI_00870,AOHABJFI_00202,LCPJMJGF_00548
group_720,,hypothetical protein,4,4,1.0,58,27,,,,2541,2541,2541.0,HJHFJAOG_00930,MLMIAKCI_00874,AOHABJFI_00206,LCPJMJGF_00544
group_719,,hypothetical protein,4,4,1.0,58,26,,,,237,237,237.0,HJHFJAOG_00929,MLMIAKCI_00873,AOHABJFI_00205,LCPJMJGF_00545
yoeB~~~yoeB_1,yoeB;yoeB_1,Toxin YoeB,4,4,1.0,58,25,,,,270,270,270.0,HJHFJAOG_00913,MLMIAKCI_02394,AOHABJFI_00189,LCPJMJGF_00563
nagB,nagB,Glucosamine-6-phosphate deaminase,4,4,1.0,58,24,,,,720,720,720.0,HJHFJAOG_00896,MLMIAKCI_02377,AOHABJFI_00787,LCPJMJGF_00579
murJ_2,murJ_2,Lipid II flippase MurJ,4,4,1.0,58,22,,,,1617,1617,1617.0,HJHFJAOG_00928,MLMIAKCI_00872,AOHABJFI_00204,LCPJMJGF_00546
dltC,dltC,D-alanyl carrier protein,4,4,1.0,58,21,,,,240,240,240.0,HJHFJAOG_00923,MLMIAKCI_02404,AOHABJFI_00199,LCPJMJGF_00551
group_717,,hypothetical protein,4,4,1.0,58,19,,,,861,861,861.0,HJHFJAOG_00911,MLMIAKCI_02392,AOHABJFI_00772,LCPJMJGF_00566
ppc,ppc,Phosphoenolpyruvate carboxylase,4,4,1.0,58,18,,,,2739,2739,2739.0,HJHFJAOG_00904,MLMIAKCI_02385,AOHABJFI_00779,LCPJMJGF_00571
group_714,,Putative glutamine amidotransferase,4,4,1.0,58,15,,,,729,729,729.0,HJHFJAOG_00941,MLMIAKCI_00885,AOHABJFI_00217,LCPJMJGF_00532
mupG_1,mupG_1,6-phospho-N-acetylmuramidase,4,4,1.0,58,14,,,,1059,1059,1059.0,HJHFJAOG_00944,MLMIAKCI_00888,AOHABJFI_00220,LCPJMJGF_01768
group_713,,Deoxyguanosine kinase,4,4,1.0,58,13,,,,687,687,687.0,HJHFJAOG_00894,MLMIAKCI_02375,AOHABJFI_00789,LCPJMJGF_00581
bmpA_1,bmpA_1,ABC transporter nucleoside-binding protein BmpA,4,4,1.0,58,12,,,,981,981,981.0,HJHFJAOG_00901,MLMIAKCI_02382,AOHABJFI_00782,LCPJMJGF_00574
nupB,nupB,Nucleoside ABC transporter permease protein NupB,4,4,1.0,58,11,,,,1158,1158,1158.0,HJHFJAOG_00899,MLMIAKCI_02380,AOHABJFI_00784,LCPJMJGF_00576
yeaE,yeaE,Methylglyoxal reductase YeaE,4,4,1.0,58,10,,,,828,828,828.0,HJHFJAOG_00897,MLMIAKCI_02378,AOHABJFI_00786,LCPJMJGF_00578
group_712,,hypothetical protein,4,4,1.0,58,9,,,,309,309,309.0,HJHFJAOG_00914,MLMIAKCI_02395,AOHABJFI_00190,LCPJMJGF_00562
dltB,dltB,Teichoic acid D-alanyltransferase,4,4,1.0,58,8,,,,1239,1239,1239.0,HJHFJAOG_00922,MLMIAKCI_02403,AOHABJFI_00198,LCPJMJGF_00552
napA,napA,Na(+)/H(+) antiporter,4,4,1.0,58,7,,,,1170,1170,1170.0,HJHFJAOG_00915,MLMIAKCI_02396,AOHABJFI_00191,LCPJMJGF_00559
cycA_2,cycA_2,D-serine/D-alanine/glycine transporter,4,4,1.0,58,6,,,,1350,1350,1350.0,HJHFJAOG_00936,MLMIAKCI_00880,AOHABJFI_00212,LCPJMJGF_00537
guaC,guaC,GMP reductase,4,4,1.0,58,4,,,,993,993,993.0,HJHFJAOG_00947,MLMIAKCI_00206,AOHABJFI_00223,LCPJMJGF_01765
group_710,,Deoxyadenosine kinase,4,4,1.0,58,3,,,,648,648,648.0,HJHFJAOG_00895,MLMIAKCI_02376,AOHABJFI_00788,LCPJMJGF_00580
group_709,,hypothetical protein,4,4,1.0,58,2,,,,459,459,459.0,HJHFJAOG_00893,MLMIAKCI_02374,AOHABJFI_00790,LCPJMJGF_00582
group_708,,hypothetical protein,4,4,1.0,58,1,,,,153,153,153.0,HJHFJAOG_00920,MLMIAKCI_02401,AOHABJFI_00196,LCPJMJGF_00554
phnD2,phnD2,putative ABC transporter phosphonate/phosphite binding protein PhnD2,4,4,1.0,57,43,,,,936,936,936.0,HJHFJAOG_00857,MLMIAKCI_00006,AOHABJFI_00951,LCPJMJGF_00878
group_707,,hypothetical protein,4,4,1.0,57,42,,,,192,192,192.0,HJHFJAOG_00861,MLMIAKCI_00002,AOHABJFI_00947,LCPJMJGF_02064
dnaA,dnaA,Chromosomal replication initiator protein DnaA,4,4,1.0,57,41,,,,1368,1368,1368.0,HJHFJAOG_01538,MLMIAKCI_01210,AOHABJFI_00963,LCPJMJGF_00863
group_706,,hypothetical protein,4,4,1.0,57,40,,,,702,702,702.0,HJHFJAOG_00864,MLMIAKCI_01512,AOHABJFI_00944,LCPJMJGF_02067
group_704,,hypothetical protein,4,4,1.0,57,37,,,,258,258,258.0,HJHFJAOG_00862,MLMIAKCI_00001,AOHABJFI_00946,LCPJMJGF_02065
degV_1,degV_1,Protein DegV,4,4,1.0,57,36,,,,930,930,930.0,HJHFJAOG_00858,MLMIAKCI_00005,AOHABJFI_00950,LCPJMJGF_00879
group_703,,hypothetical protein,4,4,1.0,57,35,,,,222,222,222.0,HJHFJAOG_00847,MLMIAKCI_01212,AOHABJFI_00961,LCPJMJGF_00865
pox5,pox5,Pyruvate oxidase,4,4,1.0,57,33,,,,1809,1809,1809.0,HJHFJAOG_01531,MLMIAKCI_01204,AOHABJFI_01946,LCPJMJGF_00857
ssb,ssb,Single-stranded DNA-binding protein,4,4,1.0,57,32,,,,525,525,525.0,HJHFJAOG_00852,MLMIAKCI_01217,AOHABJFI_00956,LCPJMJGF_00870
mnmE,mnmE,tRNA modification GTPase MnmE,4,4,1.0,57,30,,,,1386,1386,1386.0,HJHFJAOG_01533,MLMIAKCI_01206,AOHABJFI_01948,LCPJMJGF_00859
rnpA,rnpA,Ribonuclease P protein component,4,4,1.0,57,29,,,,369,369,369.0,HJHFJAOG_01535,MLMIAKCI_01208,AOHABJFI_01950,LCPJMJGF_00861
dnaB_2,dnaB_2,Replicative DNA helicase DnaB,4,4,1.0,57,27,,,,1392,1392,1392.0,HJHFJAOG_00856,MLMIAKCI_00203,AOHABJFI_00952,LCPJMJGF_00877
uup_15~~~uup_1,uup_15;uup_1,ATP-binding protein Uup,4,4,1.0,57,26,,,,1407,1620,1566.75,HJHFJAOG_00859,MLMIAKCI_00004,AOHABJFI_00949,LCPJMJGF_02062
rpsF,rpsF,Small ribosomal subunit protein bS6,4,4,1.0,57,23,,,,297,297,297.0,HJHFJAOG_00851,MLMIAKCI_01216,AOHABJFI_00957,LCPJMJGF_00869
recF,recF,DNA replication and repair protein RecF,4,4,1.0,57,22,,,,1128,1128,1128.0,HJHFJAOG_00848,MLMIAKCI_01213,AOHABJFI_00960,LCPJMJGF_00866
mnmG,mnmG,tRNA uridine 5-carboxymethylaminomethyl modification enzyme MnmG,4,4,1.0,57,21,,,,1899,1899,1899.0,HJHFJAOG_01532,MLMIAKCI_01205,AOHABJFI_01947,LCPJMJGF_00858
gndA,gndA,6-phosphogluconate dehydrogenase NADP(+)-dependent decarboxylating,4,4,1.0,57,20,,,,1404,1404,1404.0,HJHFJAOG_01529,MLMIAKCI_01202,AOHABJFI_01944,LCPJMJGF_00856
dnaN,dnaN,Beta sliding clamp,4,4,1.0,57,19,,,,1131,1131,1131.0,HJHFJAOG_01539,MLMIAKCI_01211,AOHABJFI_00962,LCPJMJGF_00864
rpsR,rpsR,Small ribosomal subunit protein bS18,4,4,1.0,57,18,,,,237,237,237.0,HJHFJAOG_00853,MLMIAKCI_01218,AOHABJFI_00955,LCPJMJGF_00871
gyrA,gyrA,DNA gyrase subunit A GyrA,4,4,1.0,57,16,,,,2481,2481,2481.0,HJHFJAOG_00850,MLMIAKCI_01215,AOHABJFI_00958,LCPJMJGF_00868
gyrB,gyrB,DNA gyrase subunit B,4,4,1.0,57,9,,,,1965,1965,1965.0,HJHFJAOG_00849,MLMIAKCI_01214,AOHABJFI_00959,LCPJMJGF_00867
rpmH,rpmH,Large ribosomal subunit protein bL34,4,4,1.0,57,7,,,,141,141,141.0,HJHFJAOG_01536,MLMIAKCI_01209,AOHABJFI_01951,LCPJMJGF_00862
gdpP,gdpP,Cyclic-di-AMP phosphodiesterase GdpP,4,4,1.0,57,6,,,,2022,2022,2022.0,HJHFJAOG_00854,MLMIAKCI_00205,AOHABJFI_00954,LCPJMJGF_00875
yidC2,yidC2,Membrane protein insertase YidC 2,4,4,1.0,57,5,,,,876,876,876.0,HJHFJAOG_01534,MLMIAKCI_01207,AOHABJFI_01949,LCPJMJGF_00860
gmuE,gmuE,Putative fructokinase,4,4,1.0,57,3,,,,879,879,879.0,HJHFJAOG_00860,MLMIAKCI_00003,AOHABJFI_00948,LCPJMJGF_02063
rplI,rplI,Large ribosomal subunit protein bL9,4,4,1.0,57,2,,,,456,456,456.0,HJHFJAOG_00855,MLMIAKCI_00204,AOHABJFI_00953,LCPJMJGF_00876
group_688,,hypothetical protein,4,4,1.0,57,1,,,,1218,1230,1227.0,HJHFJAOG_00863,MLMIAKCI_01511,AOHABJFI_00945,LCPJMJGF_02066
group_687,,hypothetical protein,4,4,1.0,56,45,,,,192,195,193.5,HJHFJAOG_01972,MLMIAKCI_00451,AOHABJFI_00764,LCPJMJGF_00981
group_685,,hypothetical protein,4,4,1.0,56,42,,,,276,279,277.5,HJHFJAOG_01971,MLMIAKCI_00452,AOHABJFI_00765,LCPJMJGF_00980
hup_1,hup_1,DNA-binding protein HU,4,4,1.0,56,41,,,,285,285,285.0,HJHFJAOG_00838,MLMIAKCI_00433,AOHABJFI_00745,LCPJMJGF_00999
yqgN,yqgN,putative protein YqgN,4,4,1.0,56,38,,,,564,564,564.0,HJHFJAOG_00831,MLMIAKCI_00440,AOHABJFI_00752,LCPJMJGF_00992
glpE,glpE,Thiosulfate sulfurtransferase GlpE,4,4,1.0,56,37,,,,402,402,402.0,HJHFJAOG_00828,MLMIAKCI_00443,AOHABJFI_00755,LCPJMJGF_00989
group_682,,hypothetical protein,4,4,1.0,56,35,,,,294,294,294.0,HJHFJAOG_00837,MLMIAKCI_00434,AOHABJFI_00746,LCPJMJGF_00998
group_680,,hypothetical protein,4,4,1.0,56,33,,,,720,720,720.0,HJHFJAOG_00842,MLMIAKCI_00429,AOHABJFI_00741,LCPJMJGF_01003
miaA,miaA,tRNA dimethylallyltransferase,4,4,1.0,56,31,,,,963,963,963.0,HJHFJAOG_00827,MLMIAKCI_00444,AOHABJFI_00756,LCPJMJGF_00988
group_679,,hypothetical protein,4,4,1.0,56,30,,,,2640,2640,2640.0,HJHFJAOG_00834,MLMIAKCI_00437,AOHABJFI_00749,LCPJMJGF_00995
group_678,,hypothetical protein,4,4,1.0,56,29,,,,240,240,240.0,HJHFJAOG_00829,MLMIAKCI_00442,AOHABJFI_00754,LCPJMJGF_00990
group_677,,hypothetical protein,4,4,1.0,56,28,,,,915,915,915.0,HJHFJAOG_00824,MLMIAKCI_00447,AOHABJFI_00759,LCPJMJGF_00985
group_676,,hypothetical protein,4,4,1.0,56,27,,,,600,600,600.0,HJHFJAOG_00843,MLMIAKCI_00428,AOHABJFI_00740,LCPJMJGF_01004
fepC,fepC,Ferric enterobactin transport ATP-binding protein FepC,4,4,1.0,56,26,,,,774,774,774.0,HJHFJAOG_00839,MLMIAKCI_00432,AOHABJFI_00744,LCPJMJGF_01000
dppA_7,dppA_7,Dipeptide-binding protein,4,4,1.0,56,25,,,,1635,1635,1635.0,HJHFJAOG_01967,MLMIAKCI_00456,AOHABJFI_00769,LCPJMJGF_00978
group_675,,hypothetical protein,4,4,1.0,56,24,,,,780,780,780.0,HJHFJAOG_00845,MLMIAKCI_01430,AOHABJFI_00738,LCPJMJGF_01006
gluP,gluP,Rhomboid protease GluP,4,4,1.0,56,20,,,,687,687,687.0,HJHFJAOG_00830,MLMIAKCI_00441,AOHABJFI_00753,LCPJMJGF_00991
group_671,,hypothetical protein,4,4,1.0,56,18,,,,594,594,594.0,HJHFJAOG_00844,MLMIAKCI_00427,AOHABJFI_00739,LCPJMJGF_01005
murK,murK,N-acetylmuramic acid/N-acetylglucosamine kinase,4,4,1.0,56,16,,,,924,924,924.0,HJHFJAOG_00835,MLMIAKCI_00436,AOHABJFI_00748,LCPJMJGF_00996
glnA,glnA,Glutamine synthetase,4,4,1.0,56,13,,,,1338,1338,1338.0,HJHFJAOG_00825,MLMIAKCI_00446,AOHABJFI_00758,LCPJMJGF_00986
group_668,,hypothetical protein,4,4,1.0,56,11,,,,990,990,990.0,HJHFJAOG_00823,MLMIAKCI_00448,AOHABJFI_00760,LCPJMJGF_00984
isdF,isdF,putative heme-iron transport system permease protein IsdF,4,4,1.0,56,8,,,,927,927,927.0,HJHFJAOG_00840,MLMIAKCI_00431,AOHABJFI_00743,LCPJMJGF_01001
group_666,,hypothetical protein,4,4,1.0,56,6,,,,1251,1251,1251.0,HJHFJAOG_00826,MLMIAKCI_00445,AOHABJFI_00757,LCPJMJGF_00987
penA,penA,Penicillin-binding protein 2B,4,4,1.0,56,5,,,,2109,2109,2109.0,HJHFJAOG_00833,MLMIAKCI_00438,AOHABJFI_00750,LCPJMJGF_00994
group_665,,hypothetical protein,4,4,1.0,56,4,,,,249,249,249.0,HJHFJAOG_00836,MLMIAKCI_00435,AOHABJFI_00747,LCPJMJGF_00997
rpmG1,rpmG1,Large ribosomal subunit protein bL33A,4,4,1.0,56,3,,,,150,150,150.0,HJHFJAOG_00832,MLMIAKCI_00439,AOHABJFI_00751,LCPJMJGF_00993
isdE,isdE,High-affinity heme uptake system protein IsdE,4,4,1.0,56,2,,,,882,882,882.0,HJHFJAOG_00841,MLMIAKCI_00430,AOHABJFI_00742,LCPJMJGF_01002
rpsI,rpsI,Small ribosomal subunit protein uS9,4,4,1.0,54,36,,,,396,396,396.0,HJHFJAOG_00816,MLMIAKCI_01259,AOHABJFI_01205,LCPJMJGF_00592
rpsS,rpsS,Small ribosomal subunit protein uS19,4,4,1.0,54,35,,,,285,285,285.0,HJHFJAOG_00787,MLMIAKCI_01288,AOHABJFI_01234,LCPJMJGF_00621
rpoA,rpoA,DNA-directed RNA polymerase subunit alpha,4,4,1.0,54,34,,,,939,939,939.0,HJHFJAOG_00809,MLMIAKCI_01266,AOHABJFI_01212,LCPJMJGF_00599
ecfA2,ecfA2,Energy-coupling factor transporter ATP-binding protein EcfA2,4,4,1.0,54,33,,,,846,846,846.0,HJHFJAOG_00812,MLMIAKCI_01263,AOHABJFI_01209,LCPJMJGF_00596
adk,adk,Adenylate kinase,4,4,1.0,54,32,,,,657,657,657.0,HJHFJAOG_00804,MLMIAKCI_01271,AOHABJFI_01217,LCPJMJGF_00604
rpsH,rpsH,Small ribosomal subunit protein uS8,4,4,1.0,54,31,,,,399,399,399.0,HJHFJAOG_00797,MLMIAKCI_01278,AOHABJFI_01224,LCPJMJGF_00611
rpmC,rpmC,Large ribosomal subunit protein uL29,4,4,1.0,54,30,,,,198,198,198.0,HJHFJAOG_00791,MLMIAKCI_01284,AOHABJFI_01230,LCPJMJGF_00617
rplD,rplD,Large ribosomal subunit protein uL4,4,4,1.0,54,29,,,,618,618,618.0,HJHFJAOG_00784,MLMIAKCI_01291,AOHABJFI_01237,LCPJMJGF_00624
ecfA1,ecfA1,Energy-coupling factor transporter ATP-binding protein EcfA1,4,4,1.0,54,28,,,,852,852,852.0,HJHFJAOG_00811,MLMIAKCI_01264,AOHABJFI_01210,LCPJMJGF_00597
secY,secY,Protein translocase subunit SecY,4,4,1.0,54,27,,,,1296,1296,1296.0,HJHFJAOG_00803,MLMIAKCI_01272,AOHABJFI_01218,LCPJMJGF_00605
rplN,rplN,Large ribosomal subunit protein uL14,4,4,1.0,54,26,,,,369,369,369.0,HJHFJAOG_00793,MLMIAKCI_01282,AOHABJFI_01228,LCPJMJGF_00615
truA,truA,tRNA pseudouridine synthase A,4,4,1.0,54,25,,,,789,789,789.0,HJHFJAOG_00814,MLMIAKCI_01261,AOHABJFI_01207,LCPJMJGF_00594
rplF,rplF,Large ribosomal subunit protein uL6,4,4,1.0,54,24,,,,531,531,531.0,HJHFJAOG_00798,MLMIAKCI_01277,AOHABJFI_01223,LCPJMJGF_00610
rpmJ,rpmJ,Large ribosomal subunit protein bL36,4,4,1.0,54,23,,,,117,117,117.0,HJHFJAOG_00806,MLMIAKCI_01269,AOHABJFI_01215,LCPJMJGF_00602
rplO,rplO,Large ribosomal subunit protein uL15,4,4,1.0,54,22,,,,441,441,441.0,HJHFJAOG_00802,MLMIAKCI_01273,AOHABJFI_01219,LCPJMJGF_00606
rpsQ,rpsQ,Small ribosomal subunit protein uS17,4,4,1.0,54,21,,,,267,267,267.0,HJHFJAOG_00792,MLMIAKCI_01283,AOHABJFI_01229,LCPJMJGF_00616
rplP,rplP,Large ribosomal subunit protein uL16,4,4,1.0,54,20,,,,441,441,441.0,HJHFJAOG_00790,MLMIAKCI_01285,AOHABJFI_01231,LCPJMJGF_00618
rpsC,rpsC,Small ribosomal subunit protein uS3,4,4,1.0,54,19,,,,675,675,675.0,HJHFJAOG_00789,MLMIAKCI_01286,AOHABJFI_01232,LCPJMJGF_00619
rplX,rplX,Large ribosomal subunit protein uL24,4,4,1.0,54,18,,,,237,237,237.0,HJHFJAOG_00794,MLMIAKCI_01281,AOHABJFI_01227,LCPJMJGF_00614
rplM,rplM,Large ribosomal subunit protein uL13,4,4,1.0,54,17,,,,444,444,444.0,HJHFJAOG_00815,MLMIAKCI_01260,AOHABJFI_01206,LCPJMJGF_00593
rplW,rplW,Large ribosomal subunit protein uL23,4,4,1.0,54,16,,,,306,306,306.0,HJHFJAOG_00785,MLMIAKCI_01290,AOHABJFI_01236,LCPJMJGF_00623
rplE,rplE,Large ribosomal subunit protein uL5,4,4,1.0,54,15,,,,543,543,543.0,HJHFJAOG_00795,MLMIAKCI_01280,AOHABJFI_01226,LCPJMJGF_00613
rplC,rplC,Large ribosomal subunit protein uL3,4,4,1.0,54,14,,,,639,639,639.0,HJHFJAOG_00783,MLMIAKCI_01292,AOHABJFI_01238,LCPJMJGF_00625
rpsJ,rpsJ,Small ribosomal subunit protein uS10,4,4,1.0,54,13,,,,309,309,309.0,HJHFJAOG_00782,MLMIAKCI_01293,AOHABJFI_01239,LCPJMJGF_00626
rplQ,rplQ,Large ribosomal subunit protein bL17,4,4,1.0,54,12,,,,384,384,384.0,HJHFJAOG_00810,MLMIAKCI_01265,AOHABJFI_01211,LCPJMJGF_00598
rpsM,rpsM,Small ribosomal subunit protein uS13,4,4,1.0,54,11,,,,351,351,351.0,HJHFJAOG_00807,MLMIAKCI_01268,AOHABJFI_01214,LCPJMJGF_00601
rpmD,rpmD,Large ribosomal subunit protein uL30,4,4,1.0,54,10,,,,186,186,186.0,HJHFJAOG_00801,MLMIAKCI_01274,AOHABJFI_01220,LCPJMJGF_00607
rpsZ_1,rpsZ_1,Small ribosomal subunit protein uS14,4,4,1.0,54,9,,,,186,186,186.0,HJHFJAOG_00796,MLMIAKCI_01279,AOHABJFI_01225,LCPJMJGF_00612
rplV,rplV,Large ribosomal subunit protein uL22,4,4,1.0,54,8,,,,354,354,354.0,HJHFJAOG_00788,MLMIAKCI_01287,AOHABJFI_01233,LCPJMJGF_00620
infA,infA,Translation initiation factor IF-1,4,4,1.0,54,7,,,,222,222,222.0,HJHFJAOG_00805,MLMIAKCI_01270,AOHABJFI_01216,LCPJMJGF_00603
rpsE,rpsE,Small ribosomal subunit protein uS5,4,4,1.0,54,6,,,,507,507,507.0,HJHFJAOG_00800,MLMIAKCI_01275,AOHABJFI_01221,LCPJMJGF_00608
ecfT_1~~~ecfT_2,ecfT_1;ecfT_2,Energy-coupling factor transporter transmembrane protein EcfT,4,4,1.0,54,5,,,,798,798,798.0,HJHFJAOG_00813,MLMIAKCI_01262,AOHABJFI_01208,LCPJMJGF_00595
rpsK,rpsK,Small ribosomal subunit protein uS11,4,4,1.0,54,4,,,,390,390,390.0,HJHFJAOG_00808,MLMIAKCI_01267,AOHABJFI_01213,LCPJMJGF_00600
xerC_2~~~xerC_6,;xerC_2;xerC_6,hypothetical protein;Tyrosine recombinase XerC,4,5,1.25,54,3,,,,456,1104,856.2,HJHFJAOG_00817,MLMIAKCI_01258,AOHABJFI_01203;AOHABJFI_01204,LCPJMJGF_00591
rplR,rplR,Large ribosomal subunit protein uL18,4,4,1.0,54,2,,,,357,357,357.0,HJHFJAOG_00799,MLMIAKCI_01276,AOHABJFI_01222,LCPJMJGF_00609
rplB,rplB,Large ribosomal subunit protein uL2,4,4,1.0,54,1,,,,837,837,837.0,HJHFJAOG_00786,MLMIAKCI_01289,AOHABJFI_01235,LCPJMJGF_00622
group_663,,hypothetical protein,4,4,1.0,53,57,,,,930,930,930.0,HJHFJAOG_01880,MLMIAKCI_00166,AOHABJFI_00515,LCPJMJGF_01965
nrdD,nrdD,Anaerobic ribonucleoside-triphosphate reductase,4,4,1.0,53,56,,,,2208,2208,2208.0,HJHFJAOG_01025,MLMIAKCI_00157,AOHABJFI_00524,LCPJMJGF_01956
group_661,,hypothetical protein,4,4,1.0,53,54,,,,195,294,219.75,HJHFJAOG_01016,MLMIAKCI_00047,AOHABJFI_00533,LCPJMJGF_01947
group_660,,hypothetical protein,4,4,1.0,53,53,,,,612,612,612.0,HJHFJAOG_01023,MLMIAKCI_00155,AOHABJFI_00526,LCPJMJGF_01954
ptpB_2,ptpB_2,Triple specificity protein phosphatase PtpB,4,4,1.0,53,51,,,,804,804,804.0,HJHFJAOG_01877,MLMIAKCI_00168,AOHABJFI_00513,LCPJMJGF_01967
bioH,bioH,Pimeloyl-[acyl-carrier protein] methyl ester esterase,4,4,1.0,53,50,,,,657,657,657.0,HJHFJAOG_00775,MLMIAKCI_02211,AOHABJFI_00924,LCPJMJGF_01992
group_658,,D-aspartate ligase,4,4,1.0,53,49,,,,1284,1284,1284.0,HJHFJAOG_01026,MLMIAKCI_00158,AOHABJFI_00523,LCPJMJGF_01957
ntd_2,ntd_2,Nucleoside deoxyribosyltransferase,4,4,1.0,53,48,,,,477,477,477.0,HJHFJAOG_01875,MLMIAKCI_00170,AOHABJFI_00511,LCPJMJGF_01969
group_657,,hypothetical protein,4,4,1.0,53,47,,,,1197,1197,1197.0,HJHFJAOG_01022,MLMIAKCI_00154,AOHABJFI_00527,LCPJMJGF_01953
ddlA,ddlA,D-alanine--D-alanine ligase A,4,4,1.0,53,46,,,,1083,1083,1083.0,HJHFJAOG_00766,MLMIAKCI_00179,AOHABJFI_00933,LCPJMJGF_01978
tag,tag,DNA-3-methyladenine glycosylase 1,4,4,1.0,53,44,,,,570,570,570.0,HJHFJAOG_01030,MLMIAKCI_00162,AOHABJFI_00519,LCPJMJGF_01961
ypuA,ypuA,putative protein YpuA,4,4,1.0,53,43,,,,954,954,954.0,HJHFJAOG_00777,MLMIAKCI_02209,AOHABJFI_00922,LCPJMJGF_01994
asnB,asnB,Asparagine synthetase [glutamine-hydrolyzing] 1,4,4,1.0,53,42,,,,1950,1950,1950.0,HJHFJAOG_01027,MLMIAKCI_00159,AOHABJFI_00522,LCPJMJGF_01958
group_655,,hypothetical protein,4,4,1.0,53,41,,,,714,714,714.0,HJHFJAOG_01024,MLMIAKCI_00156,AOHABJFI_00525,LCPJMJGF_01955
epsH,epsH,Putative glycosyltransferase EpsH,4,4,1.0,53,40,,,,813,813,813.0,HJHFJAOG_00776,MLMIAKCI_02210,AOHABJFI_00923,LCPJMJGF_01993
group_653,,hypothetical protein,4,4,1.0,53,38,,,,1398,1398,1398.0,HJHFJAOG_01028,MLMIAKCI_00160,AOHABJFI_00521,LCPJMJGF_01959
group_652,,hypothetical protein,4,4,1.0,53,37,,,,486,486,486.0,HJHFJAOG_01029,MLMIAKCI_00161,AOHABJFI_00520,LCPJMJGF_01960
group_650,,hypothetical protein,4,4,1.0,53,35,,,,486,486,486.0,HJHFJAOG_00781,MLMIAKCI_02205,AOHABJFI_00918,LCPJMJGF_01998
group_647,,hypothetical protein,4,4,1.0,53,32,,,,1134,1134,1134.0,HJHFJAOG_00764,MLMIAKCI_00177,AOHABJFI_00935,LCPJMJGF_01976
group_646,,hypothetical protein,4,4,1.0,53,31,,,,192,192,192.0,HJHFJAOG_01874,MLMIAKCI_00171,AOHABJFI_00510,LCPJMJGF_01970
group_645,,hypothetical protein,4,4,1.0,53,30,,,,1218,1218,1218.0,HJHFJAOG_01021,MLMIAKCI_00563,AOHABJFI_00528,LCPJMJGF_01952
rnhA,rnhA,Ribonuclease H,4,4,1.0,53,29,,,,771,771,771.0,HJHFJAOG_00778,MLMIAKCI_02208,AOHABJFI_00921,LCPJMJGF_01995
pepO_2,pepO_2,Neutral endopeptidase,4,4,1.0,53,27,,,,1947,1947,1947.0,HJHFJAOG_01020,MLMIAKCI_00415,AOHABJFI_00529,LCPJMJGF_01951
group_642,,hypothetical protein,4,4,1.0,53,25,,,,822,834,825.0,HJHFJAOG_00762,MLMIAKCI_00175,AOHABJFI_00937,LCPJMJGF_01974
betI,betI,HTH-type transcriptional regulator BetI,4,4,1.0,53,24,,,,684,684,684.0,HJHFJAOG_00771,MLMIAKCI_00184,AOHABJFI_00928,LCPJMJGF_01983
group_641,,hypothetical protein,4,4,1.0,53,23,,,,825,825,825.0,HJHFJAOG_00770,MLMIAKCI_00183,AOHABJFI_00929,LCPJMJGF_01982
group_640,,hypothetical protein,4,4,1.0,53,22,,,,498,498,498.0,HJHFJAOG_01876,MLMIAKCI_00169,AOHABJFI_00512,LCPJMJGF_01968
agaA,agaA,N-acetylgalactosamine-6-phosphate deacetylase,4,4,1.0,53,21,,,,1155,1155,1155.0,HJHFJAOG_00760,MLMIAKCI_00173,AOHABJFI_00939,LCPJMJGF_01972
group_638,,hypothetical protein,4,4,1.0,53,19,,,,3009,3009,3009.0,HJHFJAOG_00761,MLMIAKCI_00174,AOHABJFI_00938,LCPJMJGF_01973
group_637,,hypothetical protein,4,4,1.0,53,18,,,,435,435,435.0,HJHFJAOG_01018,MLMIAKCI_00045,AOHABJFI_00531,LCPJMJGF_01949
kup_2,kup_2,Low affinity potassium transport system protein Kup,4,4,1.0,53,16,,,,2025,2025,2025.0,HJHFJAOG_01019,MLMIAKCI_00044,AOHABJFI_00530,LCPJMJGF_01950
prs_2,prs_2,Ribose-phosphate pyrophosphokinase,4,4,1.0,53,15,,,,987,987,987.0,HJHFJAOG_00772,MLMIAKCI_00185,AOHABJFI_00927,LCPJMJGF_01984
group_635,,hypothetical protein,4,4,1.0,53,14,,,,1080,1080,1080.0,HJHFJAOG_01017,MLMIAKCI_00046,AOHABJFI_00532,LCPJMJGF_01948
clsA_1,clsA_1,Major cardiolipin synthase ClsA,4,4,1.0,53,13,,,,1458,1458,1458.0,HJHFJAOG_00780,MLMIAKCI_02206,AOHABJFI_00919,LCPJMJGF_01997
group_634,,hypothetical protein,4,4,1.0,53,12,,,,786,786,786.0,HJHFJAOG_00763,MLMIAKCI_00176,AOHABJFI_00936,LCPJMJGF_01975
argV,argV,Arginine transport ATP-binding protein ArgV,4,4,1.0,53,11,,,,738,738,738.0,HJHFJAOG_00768,MLMIAKCI_00181,AOHABJFI_00931,LCPJMJGF_01980
group_633,,Putative universal stress protein,4,4,1.0,53,10,,,,495,495,495.0,HJHFJAOG_01878,MLMIAKCI_00167,AOHABJFI_00514,LCPJMJGF_01966
group_632,,hypothetical protein,4,4,1.0,53,9,,,,927,927,927.0,HJHFJAOG_00779,MLMIAKCI_02207,AOHABJFI_00920,LCPJMJGF_01996
group_631,,hypothetical protein,4,4,1.0,53,8,,,,750,750,750.0,HJHFJAOG_00765,MLMIAKCI_00178,AOHABJFI_00934,LCPJMJGF_01977
group_629,,hypothetical protein,4,4,1.0,53,6,,,,1251,1251,1251.0,HJHFJAOG_00767,MLMIAKCI_00180,AOHABJFI_00932,LCPJMJGF_01979
phnE_2~~~phnE_1,phnE_2;phnE_1,Phosphate-import permease protein PhnE,4,4,1.0,53,4,,,,813,813,813.0,HJHFJAOG_01883,MLMIAKCI_00163,AOHABJFI_00518,LCPJMJGF_01962
phnE_1~~~phnE_2,phnE_1;phnE_2,Phosphate-import permease protein PhnE,4,4,1.0,53,3,,,,768,798,781.5,HJHFJAOG_01882,MLMIAKCI_00164,AOHABJFI_00517,LCPJMJGF_01963
glnQ_3~~~glnQ_1,glnQ_3;glnQ_1,Glutamine transport ATP-binding protein GlnQ,4,4,1.0,53,2,,,,774,774,774.0,HJHFJAOG_01881,MLMIAKCI_00165,AOHABJFI_00516,LCPJMJGF_01964
mltF_1,mltF_1,Membrane-bound lytic murein transglycosylase F,4,4,1.0,53,1,,,,1485,1485,1485.0,HJHFJAOG_00769,MLMIAKCI_00182,AOHABJFI_00930,LCPJMJGF_01981
uup_3~~~hepA,;uup_3;hepA,hypothetical protein;ATP-binding protein Uup;Heterocyst differentiation ATP-binding protein HepA,4,5,1.25,52,22,,,,633,1620,1287.0,HJHFJAOG_00757;HJHFJAOG_00756,MLMIAKCI_01889,AOHABJFI_00966,LCPJMJGF_01463
manX,manX,PTS system mannose-specific EIIAB component,4,4,1.0,52,21,,,,1008,1008,1008.0,HJHFJAOG_00737,MLMIAKCI_01754,AOHABJFI_00985,LCPJMJGF_01482
group_627,,hypothetical protein,4,4,1.0,52,20,,,,228,228,228.0,HJHFJAOG_00753,MLMIAKCI_01886,AOHABJFI_00969,LCPJMJGF_01466
group_626,,hypothetical protein,4,4,1.0,52,19,,,,228,228,228.0,HJHFJAOG_00751,MLMIAKCI_01884,AOHABJFI_00971,LCPJMJGF_01468
maa_2,maa_2,Maltose O-acetyltransferase,4,4,1.0,52,18,,,,519,519,519.0,HJHFJAOG_00742,MLMIAKCI_01749,AOHABJFI_00980,LCPJMJGF_01477
adhE_2,adhE_2,Aldehyde-alcohol dehydrogenase,4,4,1.0,52,17,,,,2295,2295,2295.0,HJHFJAOG_00745,MLMIAKCI_01746,AOHABJFI_00977,LCPJMJGF_01474
cycA_1,cycA_1,D-serine/D-alanine/glycine transporter,4,4,1.0,52,16,,,,1374,1374,1374.0,HJHFJAOG_00743,MLMIAKCI_01748,AOHABJFI_00979,LCPJMJGF_01476
glmS,glmS,Glutamine--fructose-6-phosphate aminotransferase [isomerizing],4,4,1.0,52,15,,,,1812,1812,1812.0,HJHFJAOG_00746,MLMIAKCI_01745,AOHABJFI_00976,LCPJMJGF_01473
sorA,sorA,PTS system sorbose-specific EIIC component,4,4,1.0,52,14,,,,810,810,810.0,HJHFJAOG_00738,MLMIAKCI_01753,AOHABJFI_00984,LCPJMJGF_01481
group_625,,hypothetical protein,4,4,1.0,52,13,,,,369,369,369.0,HJHFJAOG_00740,MLMIAKCI_01751,AOHABJFI_00982,LCPJMJGF_01479
group_624,,hypothetical protein,4,4,1.0,52,12,,,,855,855,855.0,HJHFJAOG_00755,MLMIAKCI_01888,AOHABJFI_00967,LCPJMJGF_01464
group_623,,hypothetical protein,4,4,1.0,52,11,,,,1701,1782,1761.75,HJHFJAOG_00748,MLMIAKCI_01881,AOHABJFI_00974,LCPJMJGF_01471
group_622,,hypothetical protein,4,4,1.0,52,10,,,,1038,1038,1038.0,HJHFJAOG_00759,MLMIAKCI_01891,AOHABJFI_00964,LCPJMJGF_01461
rppH_2,rppH_2,RNA pyrophosphohydrolase,4,4,1.0,52,9,,,,414,414,414.0,HJHFJAOG_00754,MLMIAKCI_01887,AOHABJFI_00968,LCPJMJGF_01465
mtlR_2~~~mtlR_1~~~mtlR,mtlR_2;mtlR_1;mtlR,Transcriptional regulator MtlR,4,5,1.25,52,8,,,,375,2055,1633.2,HJHFJAOG_00747,MLMIAKCI_01880;MLMIAKCI_01744,AOHABJFI_00975,LCPJMJGF_01472
pckA,pckA,Phosphoenolpyruvate carboxykinase (ATP),4,4,1.0,52,7,,,,1659,1659,1659.0,HJHFJAOG_00758,MLMIAKCI_01890,AOHABJFI_00965,LCPJMJGF_01462
manZ,manZ,PTS system mannose-specific EIID component,4,4,1.0,52,6,,,,921,921,921.0,HJHFJAOG_00739,MLMIAKCI_01752,AOHABJFI_00983,LCPJMJGF_01480
mtlF,mtlF,Mannitol-specific phosphotransferase enzyme IIA component,4,4,1.0,52,5,,,,453,453,453.0,HJHFJAOG_00749,MLMIAKCI_01882,AOHABJFI_00973,LCPJMJGF_01470
adhE_1,adhE_1,Aldehyde-alcohol dehydrogenase,4,4,1.0,52,4,,,,312,312,312.0,HJHFJAOG_00744,MLMIAKCI_01747,AOHABJFI_00978,LCPJMJGF_01475
mtlD,mtlD,Mannitol-1-phosphate 5-dehydrogenase,4,4,1.0,52,3,,,,1170,1170,1170.0,HJHFJAOG_00750,MLMIAKCI_01883,AOHABJFI_00972,LCPJMJGF_01469
hdfR_1,hdfR_1,HTH-type transcriptional regulator HdfR,4,4,1.0,52,2,,,,882,882,882.0,HJHFJAOG_00741,MLMIAKCI_01750,AOHABJFI_00981,LCPJMJGF_01478
group_621,,hypothetical protein,4,4,1.0,52,1,,,,459,459,459.0,HJHFJAOG_00752,MLMIAKCI_01885,AOHABJFI_00970,LCPJMJGF_01467
group_619,,hypothetical protein,4,4,1.0,51,39,,,,1509,1509,1509.0,HJHFJAOG_00688,MLMIAKCI_00640,AOHABJFI_00812,LCPJMJGF_01298
pepF,pepF,Oligopeptidase PepF,4,4,1.0,51,37,,,,1797,1797,1797.0,HJHFJAOG_00704,MLMIAKCI_00624,AOHABJFI_00021,LCPJMJGF_01313
group_617,,hypothetical protein,4,4,1.0,51,36,,,,894,894,894.0,HJHFJAOG_00683,MLMIAKCI_00645,AOHABJFI_00817,LCPJMJGF_01293
group_616,tagU_2,Polyisoprenyl-teichoic acid--peptidoglycan teichoic acid transferase TagU,4,4,1.0,51,35,,,,1236,1239,1236.75,HJHFJAOG_00703,MLMIAKCI_00625,AOHABJFI_00797,LCPJMJGF_01312
ydfK,ydfK,putative membrane protein YdfK,4,4,1.0,51,33,,,,690,690,690.0,HJHFJAOG_00702,MLMIAKCI_00626,AOHABJFI_00798,LCPJMJGF_01311
gmk_1~~~gmk_2,gmk_1;gmk_2,Guanylate kinase,4,4,1.0,51,32,,,,543,543,543.0,HJHFJAOG_00686,MLMIAKCI_00642,AOHABJFI_00814,LCPJMJGF_01296
yheS,yheS,putative ATP-binding protein YheS,4,4,1.0,51,30,,,,1542,1542,1542.0,HJHFJAOG_00697,MLMIAKCI_00631,AOHABJFI_00803,LCPJMJGF_01307
group_613,,hypothetical protein,4,4,1.0,51,29,,,,549,552,549.75,HJHFJAOG_00699,MLMIAKCI_00629,AOHABJFI_00801,LCPJMJGF_01309
group_612,,hypothetical protein,4,7,1.75,51,28,,,,237,543,310.2857142857143,HJHFJAOG_00700;HJHFJAOG_00701,MLMIAKCI_00627;MLMIAKCI_00628,AOHABJFI_00800;AOHABJFI_00799,LCPJMJGF_01310
hflX,hflX,GTPase HflX,4,4,1.0,51,27,,,,1266,1266,1266.0,HJHFJAOG_00680,MLMIAKCI_00648,AOHABJFI_00820,LCPJMJGF_01290
group_611,,hypothetical protein,4,4,1.0,51,26,,,,531,531,531.0,HJHFJAOG_00693,MLMIAKCI_00635,AOHABJFI_00807,LCPJMJGF_01303
group_610,,hypothetical protein,4,4,1.0,51,25,,,,624,624,624.0,HJHFJAOG_00689,MLMIAKCI_00639,AOHABJFI_00811,LCPJMJGF_01299
yjjB,yjjB,succinate transporter subunit YjjB,4,4,1.0,51,24,,,,486,486,486.0,HJHFJAOG_00695,MLMIAKCI_00633,AOHABJFI_00805,LCPJMJGF_01305
group_608,,hypothetical protein,4,4,1.0,51,22,,,,408,408,408.0,HJHFJAOG_00706,MLMIAKCI_00622,AOHABJFI_00023,LCPJMJGF_01316
nrdF1~~~nrdF_1,nrdF1;;nrdF_1,Ribonucleoside-diphosphate reductase subunit beta nrdF1;hypothetical protein;Ribonucleoside-diphosphate reductase 2 subunit beta,4,5,1.25,51,21,,,,264,936,738.6,HJHFJAOG_00692,MLMIAKCI_00636,AOHABJFI_00808,LCPJMJGF_01302;LCPJMJGF_01301
yjjP,yjjP,putative succinate transporter subunit YjjP,4,4,1.0,51,20,,,,771,771,771.0,HJHFJAOG_00696,MLMIAKCI_00632,AOHABJFI_00804,LCPJMJGF_01306
group_607,,hypothetical protein,4,4,1.0,51,19,,,,303,303,303.0,HJHFJAOG_00687,MLMIAKCI_00641,AOHABJFI_00813,LCPJMJGF_01297
group_606,,hypothetical protein,4,4,1.0,51,17,,,,378,378,378.0,HJHFJAOG_00698,MLMIAKCI_00630,AOHABJFI_00802,LCPJMJGF_01308
group_605,,hypothetical protein,4,4,1.0,51,16,,,,588,588,588.0,HJHFJAOG_00694,MLMIAKCI_00634,AOHABJFI_00806,LCPJMJGF_01304
nrdI_1,nrdI_1,Protein NrdI,4,4,1.0,51,15,,,,447,447,447.0,HJHFJAOG_00691,MLMIAKCI_00637,AOHABJFI_00809,LCPJMJGF_01300
group_604,,hypothetical protein,4,4,1.0,51,14,,,,216,216,216.0,HJHFJAOG_00705,MLMIAKCI_00623,AOHABJFI_00022,LCPJMJGF_01315
group_603,,hypothetical protein,4,4,1.0,51,12,,,,1029,1029,1029.0,HJHFJAOG_00681,MLMIAKCI_00647,AOHABJFI_00819,LCPJMJGF_01291
group_599,,hypothetical protein,4,4,1.0,51,8,,,,549,552,549.75,HJHFJAOG_00685,MLMIAKCI_00643,AOHABJFI_00815,LCPJMJGF_01295
group_596,,hypothetical protein,4,4,1.0,51,2,,,,744,744,744.0,HJHFJAOG_00684,MLMIAKCI_00644,AOHABJFI_00816,LCPJMJGF_01294
group_595,,hypothetical protein,4,4,1.0,51,1,,,,420,420,420.0,HJHFJAOG_00682,MLMIAKCI_00646,AOHABJFI_00818,LCPJMJGF_01292
group_594,,hypothetical protein,4,4,1.0,50,3,,,,273,273,273.0,HJHFJAOG_00677,MLMIAKCI_00531,AOHABJFI_00538,LCPJMJGF_01944
group_593,,hypothetical protein,4,4,1.0,50,2,,,,216,216,216.0,HJHFJAOG_00678,MLMIAKCI_00530,AOHABJFI_00537,LCPJMJGF_01945
group_592,,hypothetical protein,4,4,1.0,50,1,,,,417,417,417.0,HJHFJAOG_00679,1_refound_9,AOHABJFI_00536,LCPJMJGF_01946
tagU_1,tagU_1,Polyisoprenyl-teichoic acid--peptidoglycan teichoic acid transferase TagU,4,4,1.0,49,26,,,,1101,1101,1101.0,HJHFJAOG_00658,MLMIAKCI_01508,AOHABJFI_01486,LCPJMJGF_01925
group_591,,hypothetical protein,4,4,1.0,49,24,,,,561,561,561.0,HJHFJAOG_00659,MLMIAKCI_01507,AOHABJFI_01487,LCPJMJGF_01926
group_590,,hypothetical protein,4,4,1.0,49,23,,,,807,807,807.0,HJHFJAOG_00662,MLMIAKCI_01504,AOHABJFI_01490,LCPJMJGF_01929
group_589,,hypothetical protein,4,4,1.0,49,22,,,,756,756,756.0,HJHFJAOG_00661,MLMIAKCI_01505,AOHABJFI_01489,LCPJMJGF_01928
plsY_1,plsY_1,Glycerol-3-phosphate acyltransferase,4,4,1.0,49,21,,,,615,615,615.0,HJHFJAOG_00657,MLMIAKCI_01509,AOHABJFI_01485,LCPJMJGF_01924
kefB,kefB,Glutathione-regulated potassium-efflux system protein KefB,4,4,1.0,49,19,,,,1839,1839,1839.0,HJHFJAOG_00665,MLMIAKCI_01501,AOHABJFI_01493,LCPJMJGF_01932
group_586,,hypothetical protein,4,4,1.0,49,17,,,,870,870,870.0,HJHFJAOG_00673,MLMIAKCI_00148,AOHABJFI_02084,LCPJMJGF_01941
group_585,,hypothetical protein,4,4,1.0,49,16,,,,285,306,290.25,HJHFJAOG_00671,MLMIAKCI_00146,AOHABJFI_02082,LCPJMJGF_01939
group_583,,hypothetical protein,4,4,1.0,49,14,,,,1089,1092,1091.25,HJHFJAOG_00666,MLMIAKCI_01500,AOHABJFI_01494,LCPJMJGF_01933
iolU_2,iolU_2,scyllo-inositol 2-dehydrogenase (NADP(+)) IolU,4,4,1.0,49,12,,,,966,966,966.0,HJHFJAOG_00663,MLMIAKCI_01503,AOHABJFI_01491,LCPJMJGF_01930
group_581,,hypothetical protein,4,4,1.0,49,11,,,,492,492,492.0,HJHFJAOG_00672,MLMIAKCI_00147,AOHABJFI_02083,LCPJMJGF_01940
group_579,,hypothetical protein,4,4,1.0,49,9,,,,2991,2991,2991.0,HJHFJAOG_00656,MLMIAKCI_01510,AOHABJFI_01484,LCPJMJGF_01923
group_576,,hypothetical protein,4,4,1.0,49,6,,,,1227,1227,1227.0,HJHFJAOG_00667,MLMIAKCI_01499,AOHABJFI_01495,LCPJMJGF_01934
group_574,gpmA_1,23-bisphosphoglycerate-dependent phosphoglycerate mutase,4,4,1.0,49,3,,,,693,693,693.0,HJHFJAOG_00660,MLMIAKCI_01506,AOHABJFI_01488,LCPJMJGF_01927
pcp,pcp,Pyrrolidone-carboxylate peptidase,4,4,1.0,49,1,,,,648,648,648.0,HJHFJAOG_00664,MLMIAKCI_01502,AOHABJFI_01492,LCPJMJGF_01931
msmX,msmX,Oligosaccharides import ATP-binding protein MsmX,4,4,1.0,48,18,,,,1107,1107,1107.0,HJHFJAOG_01467,MLMIAKCI_01157,AOHABJFI_00287,LCPJMJGF_01441
yvdM,yvdM,Beta-phosphoglucomutase,4,4,1.0,48,17,,,,663,663,663.0,HJHFJAOG_01466,MLMIAKCI_01158,AOHABJFI_00286,LCPJMJGF_01440
ganQ,ganQ,Galactooligosaccharides transport system permease protein GanQ,4,4,1.0,48,16,,,,858,858,858.0,HJHFJAOG_01470,MLMIAKCI_01154,AOHABJFI_00290,LCPJMJGF_01444
malP_1~~~malP_2,malP_1;malP_2,Maltose phosphorylase,4,4,1.0,48,15,,,,2265,2265,2265.0,HJHFJAOG_01465,MLMIAKCI_01159,AOHABJFI_00285,LCPJMJGF_01439
ganS,ganS,Galactooligosaccharide-binding protein,4,4,1.0,48,13,,,,1227,1227,1227.0,HJHFJAOG_01468,MLMIAKCI_01156,AOHABJFI_00288,LCPJMJGF_01442
bbmA,bbmA,Intracellular maltogenic amylase,4,4,1.0,48,3,,,,1722,1722,1722.0,HJHFJAOG_01464,MLMIAKCI_01160,AOHABJFI_00284,LCPJMJGF_01438
ganP,ganP,Galactooligosaccharides transport system permease protein GanP,4,4,1.0,48,1,,,,1359,1359,1359.0,HJHFJAOG_01469,MLMIAKCI_01155,AOHABJFI_00289,LCPJMJGF_01443
hlyB,hlyB;,Alpha-hemolysin translocation ATP-binding protein HlyB;hypothetical protein,4,4,1.0,47,34,,,,771,1605,979.5,HJHFJAOG_00644,MLMIAKCI_01809,AOHABJFI_00273,LCPJMJGF_01903
vmlR_4~~~vmlR_3~~~vmlR_1,vmlR_4;vmlR_3;vmlR_1,Ribosome protection protein VmlR,4,5,1.25,47,33,,,,501,1398,1082.4,HJHFJAOG_00629,MLMIAKCI_02178,AOHABJFI_00258,LCPJMJGF_01758;LCPJMJGF_01759
glpK,glpK,Glycerol kinase,4,4,1.0,47,32,,,,1500,1500,1500.0,HJHFJAOG_00649,MLMIAKCI_01804,AOHABJFI_00278,LCPJMJGF_01911
group_563,,hypothetical protein,4,4,1.0,47,30,,,,360,360,360.0,HJHFJAOG_00627,MLMIAKCI_02176,AOHABJFI_00256,LCPJMJGF_01761
group_562,,hypothetical protein,4,4,1.0,47,28,,,,411,411,411.0,HJHFJAOG_00643,MLMIAKCI_01810,AOHABJFI_00272,LCPJMJGF_01902
group_560,,hypothetical protein,4,4,1.0,47,26,,,,324,327,326.25,HJHFJAOG_00626,MLMIAKCI_02175,AOHABJFI_00255,LCPJMJGF_01762
ccpA_3,ccpA_3,Catabolite control protein A,4,4,1.0,47,25,,,,951,951,951.0,HJHFJAOG_00651,MLMIAKCI_00565,AOHABJFI_00280,LCPJMJGF_01913
group_559,,hypothetical protein,4,4,1.0,47,24,,,,1032,1032,1032.0,HJHFJAOG_00630,MLMIAKCI_02179,AOHABJFI_00259,LCPJMJGF_01757
group_558,,hypothetical protein,4,4,1.0,47,23,,,,495,495,495.0,HJHFJAOG_00628,MLMIAKCI_02177,AOHABJFI_00257,LCPJMJGF_01760
group_557,,hypothetical protein,4,4,1.0,47,22,,,,351,351,351.0,HJHFJAOG_00640,MLMIAKCI_01813,AOHABJFI_00269,LCPJMJGF_01898
group_556,,hypothetical protein,4,4,1.0,47,21,,,,486,486,486.0,HJHFJAOG_00641,MLMIAKCI_01812,AOHABJFI_00270,LCPJMJGF_01899
iphP,iphP;,Tyrosine-protein phosphatase;hypothetical protein,4,5,1.25,47,20,,,,228,774,624.6,HJHFJAOG_00650,MLMIAKCI_00564;MLMIAKCI_01803,AOHABJFI_00279,LCPJMJGF_01912
thiD,thiD,Hydroxymethylpyrimidine/phosphomethylpyrimidine kinase,4,4,1.0,47,19,,,,816,816,816.0,HJHFJAOG_00648,MLMIAKCI_01805,AOHABJFI_00277,LCPJMJGF_01910
group_553,,hypothetical protein,4,4,1.0,47,16,,,,633,633,633.0,HJHFJAOG_00631,MLMIAKCI_02180,AOHABJFI_00260,LCPJMJGF_01756
group_550,,hypothetical protein,4,4,1.0,47,13,,,,282,282,282.0,HJHFJAOG_00636,MLMIAKCI_01817,AOHABJFI_00265,LCPJMJGF_01751
gatD,gatD,Lipid II isoglutaminyl synthase (glutamine-hydrolyzing) subunit GatD,4,4,1.0,47,12,,,,687,687,687.0,HJHFJAOG_00642,MLMIAKCI_01811,AOHABJFI_00271,LCPJMJGF_01900
yicL_2,yicL_2,putative inner membrane transporter YicL,4,4,1.0,47,11,,,,921,921,921.0,HJHFJAOG_00634,MLMIAKCI_02183,AOHABJFI_00263,LCPJMJGF_01753
group_545,,hypothetical protein,4,4,1.0,47,6,,,,1224,1227,1224.75,HJHFJAOG_00647,MLMIAKCI_01806,AOHABJFI_00276,LCPJMJGF_01904
group_544,,hypothetical protein,4,4,1.0,47,5,,,,645,645,645.0,HJHFJAOG_00632,MLMIAKCI_02181,AOHABJFI_00261,LCPJMJGF_01755
group_542,,hypothetical protein,4,4,1.0,47,3,,,,873,876,875.25,HJHFJAOG_00638,MLMIAKCI_01815,AOHABJFI_00267,LCPJMJGF_01748
yicL_1~~~yicL_3,yicL_1;yicL_3,putative inner membrane transporter YicL,4,4,1.0,47,2,,,,930,975,941.25,HJHFJAOG_00635,MLMIAKCI_02184,AOHABJFI_00264,LCPJMJGF_01752
yicL_3~~~yicL_1,yicL_3;yicL_1,putative inner membrane transporter YicL,4,4,1.0,47,1,,,,666,909,848.25,HJHFJAOG_00633,MLMIAKCI_02182,AOHABJFI_00262,LCPJMJGF_01754
group_541,,hypothetical protein,4,4,1.0,46,65,,,,699,699,699.0,HJHFJAOG_00575,MLMIAKCI_02130,AOHABJFI_01815,LCPJMJGF_00473
licC_2,;licC_2,hypothetical protein;Lichenan permease IIC component,4,7,1.75,46,64,,,,210,747,401.14285714285717,HJHFJAOG_00609,MLMIAKCI_00503;MLMIAKCI_00504,AOHABJFI_01668;AOHABJFI_01669,LCPJMJGF_00507;LCPJMJGF_00508
nagR,nagR,HTH-type transcriptional repressor NagR,4,4,1.0,46,63,,,,702,702,702.0,HJHFJAOG_00585,MLMIAKCI_00480,AOHABJFI_01805,LCPJMJGF_00483
nfrA1,;nfrA1,hypothetical protein;FMN reductase (NADPH),4,5,1.25,46,62,,,,165,759,609.0,HJHFJAOG_00618,MLMIAKCI_00513,AOHABJFI_01659,LCPJMJGF_00518;LCPJMJGF_00517
srmB,srmB,ATP-dependent RNA helicase SrmB,4,4,1.0,46,61,,,,2232,2232,2232.0,HJHFJAOG_00621,MLMIAKCI_00516,AOHABJFI_01656,LCPJMJGF_00521
group_540,,hypothetical protein,4,4,1.0,46,60,,,,396,396,396.0,HJHFJAOG_00614,MLMIAKCI_00509,AOHABJFI_01663,LCPJMJGF_00513
npr,npr,NADH peroxidase,4,4,1.0,46,59,,,,1368,1368,1368.0,HJHFJAOG_00591,MLMIAKCI_00485,AOHABJFI_01799,LCPJMJGF_00489
group_539,,hypothetical protein,4,4,1.0,46,58,,,,1185,1185,1185.0,HJHFJAOG_00550,MLMIAKCI_00022,AOHABJFI_01840,LCPJMJGF_00448
pcrA,pcrA,ATP-dependent DNA helicase PcrA,4,4,1.0,46,57,,,,2247,2247,2247.0,HJHFJAOG_00571,MLMIAKCI_02134,AOHABJFI_01819,LCPJMJGF_00469
group_538,,Oleate hydratase,4,4,1.0,46,56,,,,1773,1773,1773.0,HJHFJAOG_00551,MLMIAKCI_00021,AOHABJFI_01839,LCPJMJGF_00449
nhaC,nhaC,Na(+)/H(+) antiporter NhaC,4,4,1.0,46,55,,,,1374,1374,1374.0,HJHFJAOG_00561,MLMIAKCI_02144,AOHABJFI_01829,LCPJMJGF_00459
group_537,,hypothetical protein,4,4,1.0,46,54,,,,660,660,660.0,HJHFJAOG_00603,MLMIAKCI_00497,AOHABJFI_01787,LCPJMJGF_00501
group_536,,hypothetical protein,4,4,1.0,46,53,,,,201,201,201.0,HJHFJAOG_00612,MLMIAKCI_00507,AOHABJFI_01665,LCPJMJGF_00511
group_535,,hypothetical protein,4,4,1.0,46,52,,,,231,231,231.0,HJHFJAOG_00613,MLMIAKCI_00508,AOHABJFI_01664,LCPJMJGF_00512
dppA_3~~~dppA_2,;dppA_3;dppA_2,hypothetical protein;Dipeptide-binding protein,4,7,1.75,46,51,,,,273,1617,912.4285714285714,HJHFJAOG_00588;HJHFJAOG_00587,MLMIAKCI_00482,AOHABJFI_01803;AOHABJFI_01802,LCPJMJGF_00485;LCPJMJGF_00486
group_534,,hypothetical protein,4,4,1.0,46,50,,,,1116,1116,1116.0,HJHFJAOG_00586,MLMIAKCI_00481,AOHABJFI_01804,LCPJMJGF_00484
group_533,,hypothetical protein,4,4,1.0,46,49,,,,402,402,402.0,HJHFJAOG_00563,MLMIAKCI_02142,AOHABJFI_01827,LCPJMJGF_00461
ybhL_2,ybhL_2,Inner membrane protein YbhL,4,4,1.0,46,48,,,,711,711,711.0,HJHFJAOG_00564,MLMIAKCI_02141,AOHABJFI_01826,LCPJMJGF_00462
group_532,,hypothetical protein,4,4,1.0,46,47,,,,117,117,117.0,HJHFJAOG_00610,MLMIAKCI_00505,AOHABJFI_01667,LCPJMJGF_00509
group_531,,hypothetical protein,4,4,1.0,46,46,,,,1035,1035,1035.0,HJHFJAOG_00562,MLMIAKCI_02143,AOHABJFI_01828,LCPJMJGF_00460
pbpX_1,pbpX_1,Putative penicillin-binding protein PbpX,4,4,1.0,46,45,,,,1035,1035,1035.0,HJHFJAOG_00560,MLMIAKCI_02145,AOHABJFI_01830,LCPJMJGF_00458
pspB_2,pspB_2,Putative phosphoserine phosphatase 2,4,4,1.0,46,44,,,,576,576,576.0,HJHFJAOG_00605,MLMIAKCI_00499,AOHABJFI_01785,LCPJMJGF_00503
group_530,,hypothetical protein,4,4,1.0,46,43,,,,321,321,321.0,HJHFJAOG_00593,MLMIAKCI_00487,AOHABJFI_01797,LCPJMJGF_00491
group_529,,hypothetical protein,4,4,1.0,46,42,,,,672,672,672.0,HJHFJAOG_00607,MLMIAKCI_00501,AOHABJFI_01671,LCPJMJGF_00505
group_527,,hypothetical protein,4,4,1.0,46,40,,,,342,342,342.0,HJHFJAOG_00599,MLMIAKCI_00493,AOHABJFI_01791,LCPJMJGF_00497
group_526,,hypothetical protein,4,4,1.0,46,39,,,,771,771,771.0,HJHFJAOG_00623,MLMIAKCI_00518,AOHABJFI_01654,LCPJMJGF_00523
mgtA_1,mgtA_1,Magnesium-transporting ATPase P-type 1,4,4,1.0,46,38,,,,2688,2688,2688.0,HJHFJAOG_00600,MLMIAKCI_00494,AOHABJFI_01790,LCPJMJGF_00498
yerH,yerH,putative lipoprotein YerH,4,4,1.0,46,37,,,,1149,1149,1149.0,HJHFJAOG_00569,MLMIAKCI_02136,AOHABJFI_01821,LCPJMJGF_00467
group_525,,hypothetical protein,4,4,1.0,46,36,,,,378,378,378.0,HJHFJAOG_00620,MLMIAKCI_00515,AOHABJFI_01657,LCPJMJGF_00520
psiE,psiE,Protein PsiE,4,4,1.0,46,35,,,,408,408,408.0,HJHFJAOG_00616,MLMIAKCI_00511,AOHABJFI_01661,LCPJMJGF_00515
rfbX,rfbX,Putative O-antigen transporter,4,4,1.0,46,34,,,,1431,1431,1431.0,HJHFJAOG_00576,MLMIAKCI_02129,AOHABJFI_01814,LCPJMJGF_00474
gatB,gatB,Aspartyl/glutamyl-tRNA(Asn/Gln) amidotransferase subunit B,4,4,1.0,46,33,,,,1431,1431,1431.0,HJHFJAOG_00566,MLMIAKCI_02139,AOHABJFI_01824,LCPJMJGF_00464
group_524,,hypothetical protein,4,4,1.0,46,32,,,,1329,1329,1329.0,HJHFJAOG_00622,MLMIAKCI_00517,AOHABJFI_01655,LCPJMJGF_00522
group_523,,Calcium-transporting ATPase 1,4,4,1.0,46,31,,,,2814,2814,2814.0,HJHFJAOG_00578,MLMIAKCI_02127,AOHABJFI_01812,LCPJMJGF_00476
rbsKrbiA_1,rbsK/rbiA_1,Bifunctional ribokinase/ribose-5-phosphate isomerase A,4,4,1.0,46,30,,,,684,684,684.0,HJHFJAOG_00596,MLMIAKCI_00490,AOHABJFI_01794,LCPJMJGF_00494
group_522,,IS200/IS605 family transposase ISLhe65,4,4,1.0,46,29,,,,1152,1152,1152.0,HJHFJAOG_00579,MLMIAKCI_02126,AOHABJFI_01811,LCPJMJGF_00477
gatA,gatA,Glutamyl-tRNA(Gln) amidotransferase subunit A,4,4,1.0,46,28,,,,1440,1440,1440.0,HJHFJAOG_00567,MLMIAKCI_02138,AOHABJFI_01823,LCPJMJGF_00465
group_521,,hypothetical protein,4,4,1.0,46,27,,,,873,873,873.0,HJHFJAOG_00611,MLMIAKCI_00506,AOHABJFI_01666,LCPJMJGF_00510
group_520,,hypothetical protein,4,4,1.0,46,26,,,,1155,1155,1155.0,HJHFJAOG_00577,MLMIAKCI_02128,AOHABJFI_01813,LCPJMJGF_00475
gpmA_1,;gpmA_1,hypothetical protein;23-bisphosphoglycerate-dependent phosphoglycerate mutase,4,4,1.0,46,25,,,,441,531,508.5,HJHFJAOG_00604,MLMIAKCI_00498,AOHABJFI_01786,LCPJMJGF_00502
gatC,gatC,Glutamyl-tRNA(Gln) amidotransferase subunit C,4,4,1.0,46,24,,,,309,309,309.0,HJHFJAOG_00568,MLMIAKCI_02137,AOHABJFI_01822,LCPJMJGF_00466
tagA,tagA,N-acetylglucosaminyldiphosphoundecaprenol N-acetyl-beta-D-mannosaminyltransferase,4,4,1.0,46,23,,,,732,732,732.0,HJHFJAOG_00583,MLMIAKCI_02122,AOHABJFI_01807,LCPJMJGF_00481
ligA,ligA,DNA ligase,4,4,1.0,46,22,,,,2007,2007,2007.0,HJHFJAOG_00570,MLMIAKCI_02135,AOHABJFI_01820,LCPJMJGF_00468
UgpQ,UgpQ,Glycerophosphodiester phosphodiesterase,4,4,1.0,46,21,,,,687,687,687.0,HJHFJAOG_00602,MLMIAKCI_00496,AOHABJFI_01788,LCPJMJGF_00500
group_519,,hypothetical protein,4,4,1.0,46,20,,,,1065,1065,1065.0,HJHFJAOG_00606,MLMIAKCI_00500,AOHABJFI_01784,LCPJMJGF_00504
group_518,,hypothetical protein,4,4,1.0,46,19,,,,501,501,501.0,HJHFJAOG_00558,MLMIAKCI_02147,AOHABJFI_01832,LCPJMJGF_00456
dagK,dagK,Diacylglycerol kinase,4,4,1.0,46,18,,,,921,921,921.0,HJHFJAOG_00565,MLMIAKCI_02140,AOHABJFI_01825,LCPJMJGF_00463
nadE,nadE,NH(3)-dependent NAD(+) synthetase,4,4,1.0,46,17,,,,831,831,831.0,HJHFJAOG_00580,MLMIAKCI_02125,AOHABJFI_01810,LCPJMJGF_00478
tagD,tagD,Glycerol-3-phosphate cytidylyltransferase,4,4,1.0,46,16,,,,387,387,387.0,HJHFJAOG_00584,MLMIAKCI_00479,AOHABJFI_01806,LCPJMJGF_00482
iolU_1,iolU_1,scyllo-inositol 2-dehydrogenase (NADP(+)) IolU,4,4,1.0,46,15,,,,990,990,990.0,HJHFJAOG_00597,MLMIAKCI_00491,AOHABJFI_01793,LCPJMJGF_00495
bmr3,bmr3,Multidrug resistance protein 3,4,4,1.0,46,14,,,,1464,1464,1464.0,HJHFJAOG_00553,MLMIAKCI_00019,AOHABJFI_01837,LCPJMJGF_00451
licC_1,licC_1,Lichenan permease IIC component,4,4,1.0,46,13,,,,552,552,552.0,HJHFJAOG_00608,MLMIAKCI_00502,AOHABJFI_01670,LCPJMJGF_00506
dapX_2,dapX_2,putative N-acetyl-LL-diaminopimelate aminotransferase,4,4,1.0,46,12,,,,1173,1173,1173.0,HJHFJAOG_00598,MLMIAKCI_00492,AOHABJFI_01792,LCPJMJGF_00496
hexR_1,hexR_1,HTH-type transcriptional regulator HexR,4,4,1.0,46,11,,,,834,834,834.0,HJHFJAOG_00595,MLMIAKCI_00489,AOHABJFI_01795,LCPJMJGF_00493
group_517,,putative RNA methyltransferase,4,4,1.0,46,10,,,,1350,1350,1350.0,HJHFJAOG_00559,MLMIAKCI_02146,AOHABJFI_01831,LCPJMJGF_00457
amt,amt,Ammonium transporter,4,4,1.0,46,9,,,,1251,1251,1251.0,HJHFJAOG_00619,MLMIAKCI_00514,AOHABJFI_01658,LCPJMJGF_00519
maa_1,maa_1,Maltose O-acetyltransferase,4,4,1.0,46,8,,,,603,603,603.0,HJHFJAOG_00615,MLMIAKCI_00510,AOHABJFI_01662,LCPJMJGF_00514
group_516,,hypothetical protein,4,4,1.0,46,7,,,,249,249,249.0,HJHFJAOG_00592,MLMIAKCI_00486,AOHABJFI_01798,LCPJMJGF_00490
group_515,,hypothetical protein,4,4,1.0,46,6,,,,1476,1476,1476.0,HJHFJAOG_00594,MLMIAKCI_00488,AOHABJFI_01796,LCPJMJGF_00492
wclR,wclR,UDP-Gal:alpha-D-GlcNAc-diphosphoundecaprenol alpha-13-galactosyltransferase,4,4,1.0,46,5,,,,1092,1092,1092.0,HJHFJAOG_00582,MLMIAKCI_02123,AOHABJFI_01808,LCPJMJGF_00480
group_514,,hypothetical protein,4,4,1.0,46,4,,,,648,648,648.0,HJHFJAOG_00572,MLMIAKCI_02133,AOHABJFI_01818,LCPJMJGF_00470
pncB2,pncB2,Nicotinate phosphoribosyltransferase pncB2,4,4,1.0,46,3,,,,1479,1479,1479.0,HJHFJAOG_00581,MLMIAKCI_02124,AOHABJFI_01809,LCPJMJGF_00479
group_513,,hypothetical protein,4,4,1.0,46,2,,,,513,513,513.0,HJHFJAOG_00552,MLMIAKCI_00020,AOHABJFI_01838,LCPJMJGF_00450
group_512,,Protein SprT-like protein,4,4,1.0,46,1,,,,459,459,459.0,HJHFJAOG_00574,MLMIAKCI_02131,AOHABJFI_01816,LCPJMJGF_00472
group_510,,hypothetical protein,4,4,1.0,43,56,,,,192,192,192.0,HJHFJAOG_00530,MLMIAKCI_01415,AOHABJFI_01959,LCPJMJGF_01160
group_509,,hypothetical protein,4,4,1.0,43,55,,,,1770,1773,1772.25,HJHFJAOG_00546,MLMIAKCI_01181,AOHABJFI_01985,LCPJMJGF_01143
veg,veg,Protein Veg,4,4,1.0,43,53,,,,258,258,258.0,HJHFJAOG_00889,MLMIAKCI_01177,AOHABJFI_01989,LCPJMJGF_01139
group_507,,hypothetical protein,4,4,1.0,43,52,,,,753,753,753.0,HJHFJAOG_00547,MLMIAKCI_01180,AOHABJFI_01986,LCPJMJGF_01142
group_506,,hypothetical protein;IS30 family transposase IS1070,4,4,1.0,43,51,,,,309,555,493.5,HJHFJAOG_00529,MLMIAKCI_01414,AOHABJFI_01958,LCPJMJGF_01161
group_505,,hypothetical protein,4,4,1.0,43,50,,,,1374,1374,1374.0,HJHFJAOG_00542,MLMIAKCI_01427,AOHABJFI_01981,LCPJMJGF_01147
oppF_2,oppF_2,Oligopeptide transport ATP-binding protein OppF,4,4,1.0,43,49,,,,945,945,945.0,HJHFJAOG_00873,MLMIAKCI_01544,AOHABJFI_02300,LCPJMJGF_01827
trpS2,trpS2,Tryptophan--tRNA ligase 2,4,4,1.0,43,48,,,,1023,1023,1023.0,HJHFJAOG_00880,MLMIAKCI_01169,AOHABJFI_01998,LCPJMJGF_01834
rnmV,rnmV,Ribonuclease M5,4,4,1.0,43,47,,,,567,567,567.0,HJHFJAOG_00887,MLMIAKCI_01175,AOHABJFI_01991,LCPJMJGF_01137
group_504,,hypothetical protein,4,4,1.0,43,46,,,,663,663,663.0,HJHFJAOG_00877,MLMIAKCI_01166,AOHABJFI_02001,LCPJMJGF_01831
tadA_2,tadA_2,tRNA-specific adenosine deaminase,4,4,1.0,43,45,,,,480,480,480.0,HJHFJAOG_00881,MLMIAKCI_01170,AOHABJFI_01997,LCPJMJGF_01835
glmU,glmU,Bifunctional protein GlmU,4,4,1.0,43,44,,,,1386,1386,1386.0,HJHFJAOG_00891,MLMIAKCI_01179,AOHABJFI_01987,LCPJMJGF_01141
group_503,,hypothetical protein,4,4,1.0,43,43,,,,519,525,523.5,HJHFJAOG_00537,MLMIAKCI_01422,AOHABJFI_01976,LCPJMJGF_01152
guaA_1,guaA_1,GMP synthase [glutamine-hydrolyzing],4,4,1.0,43,42,,,,1551,1551,1551.0,HJHFJAOG_00531,MLMIAKCI_01416,AOHABJFI_01970,LCPJMJGF_01159
murA1,murA1,UDP-N-acetylglucosamine 1-carboxyvinyltransferase,4,4,1.0,43,41,,,,1296,1296,1296.0,HJHFJAOG_00538,MLMIAKCI_01423,AOHABJFI_01977,LCPJMJGF_01151
dppC,dppC,Dipeptide transport system permease protein DppC,4,4,1.0,43,39,,,,1032,1032,1032.0,HJHFJAOG_00871,MLMIAKCI_01542,AOHABJFI_02298,LCPJMJGF_01825
rhaR~~~rhaS,rhaR;rhaS,HTH-type transcriptional activator RhaR;HTH-type transcriptional activator RhaS,4,4,1.0,43,36,,,,813,813,813.0,HJHFJAOG_00535,MLMIAKCI_01420,AOHABJFI_01974,LCPJMJGF_01155
group_497,,hypothetical protein,4,4,1.0,43,33,,,,279,279,279.0,HJHFJAOG_00543,MLMIAKCI_01428,AOHABJFI_01982,LCPJMJGF_01146
xpt,xpt,Xanthine phosphoribosyltransferase,4,4,1.0,43,32,,,,579,579,579.0,HJHFJAOG_00533,MLMIAKCI_01418,AOHABJFI_01972,LCPJMJGF_01157
rpoE,rpoE,DNA-directed RNA polymerase subunit delta;putative DNA-directed RNA polymerase subunit delta,4,4,1.0,43,31,,,,504,555,516.75,HJHFJAOG_00540,MLMIAKCI_01425,AOHABJFI_01979,LCPJMJGF_01149
guaB,guaB,Inosine-5'-monophosphate dehydrogenase,4,4,1.0,43,30,,,,1146,1146,1146.0,HJHFJAOG_00869,MLMIAKCI_01540,AOHABJFI_02296,LCPJMJGF_01823
pepE_1,pepE_1,Aminopeptidase E,4,4,1.0,43,28,,,,1317,1317,1317.0,HJHFJAOG_00874,MLMIAKCI_01163,AOHABJFI_02004,LCPJMJGF_01828
group_494,,hypothetical protein,4,4,1.0,43,26,,,,585,585,585.0,HJHFJAOG_00882,MLMIAKCI_01171,AOHABJFI_01996,LCPJMJGF_01836
rsmA,rsmA,Ribosomal RNA small subunit methyltransferase A,4,4,1.0,43,25,,,,885,885,885.0,HJHFJAOG_00888,MLMIAKCI_01176,AOHABJFI_01990,LCPJMJGF_01138
pyrG,pyrG,CTP synthase,4,4,1.0,43,23,,,,1620,1620,1620.0,HJHFJAOG_00539,MLMIAKCI_01424,AOHABJFI_01978,LCPJMJGF_01150
pepDA_1,pepDA_1,Dipeptidase A,4,4,1.0,43,21,,,,1425,1425,1425.0,HJHFJAOG_00536,MLMIAKCI_01421,AOHABJFI_01975,LCPJMJGF_01154
mgtA_3~~~mgtB,;mgtA_3;mgtB,hypothetical protein;Magnesium-transporting ATPase P-type 1,4,7,1.75,43,20,,,,249,2670,1531.7142857142858,HJHFJAOG_00884;HJHFJAOG_00883,MLMIAKCI_01172,AOHABJFI_01994;AOHABJFI_01995,LCPJMJGF_01838;LCPJMJGF_01837
group_491,,Nucleobase transporter PlUacP,4,4,1.0,43,19,,,,1287,1287,1287.0,HJHFJAOG_00534,MLMIAKCI_01419,AOHABJFI_01973,LCPJMJGF_01156
prs_1,prs_1,Ribose-phosphate pyrophosphokinase,4,4,1.0,43,17,,,,975,975,975.0,HJHFJAOG_00545,MLMIAKCI_01182,AOHABJFI_01984,LCPJMJGF_01144
greA_1,greA_1,Transcription elongation factor GreA,4,4,1.0,43,16,,,,462,462,462.0,HJHFJAOG_00876,MLMIAKCI_01165,AOHABJFI_02002,LCPJMJGF_01830
metG,metG,Methionine--tRNA ligase,4,4,1.0,43,15,,,,1977,1977,1977.0,HJHFJAOG_00885,MLMIAKCI_01173,AOHABJFI_01993,LCPJMJGF_01135
dppD,dppD,Dipeptide transport ATP-binding protein DppD,4,4,1.0,43,14,,,,1059,1059,1059.0,HJHFJAOG_00872,MLMIAKCI_01543,AOHABJFI_02299,LCPJMJGF_01826
dtd3,dtd3,D-aminoacyl-tRNA deacylase,4,4,1.0,43,12,,,,780,780,780.0,HJHFJAOG_00886,MLMIAKCI_01174,AOHABJFI_01992,LCPJMJGF_01136
group_488,,hypothetical protein,4,4,1.0,43,11,,,,594,594,594.0,HJHFJAOG_00879,MLMIAKCI_01168,AOHABJFI_01999,LCPJMJGF_01833
bglK,bglK,Beta-glucoside kinase,4,4,1.0,43,10,,,,921,921,921.0,HJHFJAOG_00544,MLMIAKCI_01429,AOHABJFI_01983,LCPJMJGF_01145
purR,purR,Purine biosynthesis transcriptional repressor PurR,4,4,1.0,43,9,,,,831,831,831.0,HJHFJAOG_00890,MLMIAKCI_01178,AOHABJFI_01988,LCPJMJGF_01140
dppB,dppB,Dipeptide transport system permease protein DppB,4,4,1.0,43,4,,,,930,930,930.0,HJHFJAOG_00870,MLMIAKCI_01541,AOHABJFI_02297,LCPJMJGF_01824
group_484,,Acid shock protein,4,4,1.0,43,3,,,,426,426,426.0,HJHFJAOG_00875,MLMIAKCI_01164,AOHABJFI_02003,LCPJMJGF_01829
group_483,,hypothetical protein,4,4,1.0,43,2,,,,426,426,426.0,HJHFJAOG_00541,MLMIAKCI_01426,AOHABJFI_01980,LCPJMJGF_01148
group_481,,hypothetical protein,4,4,1.0,42,3,,,,516,516,516.0,HJHFJAOG_00524,MLMIAKCI_00286,AOHABJFI_00358,LCPJMJGF_01170
group_479,,hypothetical protein,4,4,1.0,41,35,,,,693,840,803.25,HJHFJAOG_00510,MLMIAKCI_00830,AOHABJFI_00334,LCPJMJGF_01074
pstS1_1,pstS1_1,Phosphate-binding protein PstS 1,4,4,1.0,41,34,,,,885,885,885.0,HJHFJAOG_00517,MLMIAKCI_00837,AOHABJFI_00341,LCPJMJGF_01067
psaA,psaA,Manganese ABC transporter substrate-binding lipoprotein PsaA,4,4,1.0,41,33,,,,888,888,888.0,HJHFJAOG_01747,MLMIAKCI_00215,AOHABJFI_00313,LCPJMJGF_01092
mdtP_2~~~mdtP_1,;mdtP_2;mdtP_1,hypothetical protein;Multidrug transporter protein MdtP,4,5,1.25,41,32,,,,474,1461,1171.2,HJHFJAOG_01743,MLMIAKCI_02228;MLMIAKCI_00219,AOHABJFI_00317,LCPJMJGF_01088
pstB3_3,pstB3_3,Phosphate import ATP-binding protein PstB 3,4,4,1.0,41,31,,,,756,756,756.0,HJHFJAOG_00520,MLMIAKCI_00840,AOHABJFI_00344,LCPJMJGF_01064
metK,metK,S-adenosylmethionine synthase,4,4,1.0,41,30,,,,1200,1200,1200.0,HJHFJAOG_01744,MLMIAKCI_00218,AOHABJFI_00316,LCPJMJGF_01089
mupG_1~~~mupG_2,mupG_1;mupG_2,6-phospho-N-acetylmuramidase,4,4,1.0,41,29,,,,1044,1143,1118.25,HJHFJAOG_01737,MLMIAKCI_02234,AOHABJFI_00323,LCPJMJGF_01084
menA_2,menA_2,14-dihydroxy-2-naphthoate octaprenyltransferase,4,4,1.0,41,27,,,,900,900,900.0,HJHFJAOG_00507,MLMIAKCI_00827,AOHABJFI_00331,LCPJMJGF_01076
leuS,leuS,Leucine--tRNA ligase,4,4,1.0,41,25,,,,2415,2415,2415.0,HJHFJAOG_00513,MLMIAKCI_00833,AOHABJFI_00337,LCPJMJGF_01071
dppA_1,dppA_1,Dipeptide-binding protein,4,4,1.0,41,23,,,,1209,1209,1209.0,HJHFJAOG_00515,MLMIAKCI_00835,AOHABJFI_00339,LCPJMJGF_01069
ybbH~~~ybbH_1~~~ybbH_2,ybbH;ybbH_1;ybbH_2,putative HTH-type transcriptional regulator YbbH,4,4,1.0,41,22,,,,552,846,772.5,HJHFJAOG_01736,MLMIAKCI_02235,AOHABJFI_00324,LCPJMJGF_01083
pstC,pstC,Phosphate transport system permease protein PstC,4,4,1.0,41,21,,,,909,909,909.0,HJHFJAOG_00518,MLMIAKCI_00838,AOHABJFI_00342,LCPJMJGF_01066
cydB,cydB,Cytochrome bd-I ubiquinol oxidase subunit 2,4,4,1.0,41,20,,,,1017,1017,1017.0,HJHFJAOG_00502,MLMIAKCI_00822,AOHABJFI_00326,LCPJMJGF_01081
menG,menG,Demethylmenaquinone methyltransferase,4,4,1.0,41,19,,,,702,702,702.0,HJHFJAOG_00505,MLMIAKCI_00825,AOHABJFI_00329,LCPJMJGF_01078
group_476,,Type II NADH:quinone oxidoreductase,4,4,1.0,41,18,,,,1221,1221,1221.0,HJHFJAOG_00508,MLMIAKCI_00828,AOHABJFI_00332,LCPJMJGF_01075
phoB,phoB,Phosphate regulon transcriptional regulatory protein PhoB,4,4,1.0,41,17,,,,678,678,678.0,HJHFJAOG_00522,MLMIAKCI_00842,AOHABJFI_00346,LCPJMJGF_01062
group_475,,hypothetical protein,4,4,1.0,41,16,,,,666,666,666.0,HJHFJAOG_00512,MLMIAKCI_00832,AOHABJFI_00336,LCPJMJGF_01072
murJ_1,murJ_1,Lipid II flippase MurJ,4,4,1.0,41,14,,,,1644,1644,1644.0,HJHFJAOG_00514,MLMIAKCI_00834,AOHABJFI_00338,LCPJMJGF_01070
phoU_2,phoU_2,Phosphate-specific transport system accessory protein PhoU,4,4,1.0,41,12,,,,642,642,642.0,HJHFJAOG_00521,MLMIAKCI_00841,AOHABJFI_00345,LCPJMJGF_01063
rcsC,rcsC,Sensor histidine kinase RcsC,4,4,1.0,41,11,,,,1677,1677,1677.0,HJHFJAOG_00523,MLMIAKCI_00843,AOHABJFI_00347,LCPJMJGF_01061
benM_1,benM_1,HTH-type transcriptional regulator BenM,4,4,1.0,41,8,,,,924,924,924.0,HJHFJAOG_00511,MLMIAKCI_00831,AOHABJFI_00335,LCPJMJGF_01073
pstA2,pstA2,Phosphate transport system permease protein PstA 2,4,4,1.0,41,7,,,,876,876,876.0,HJHFJAOG_00519,MLMIAKCI_00839,AOHABJFI_00343,LCPJMJGF_01065
group_472,,hypothetical protein,4,4,1.0,41,6,,,,246,246,246.0,HJHFJAOG_00516,MLMIAKCI_00836,AOHABJFI_00340,LCPJMJGF_01068
hepT,hepT,Heptaprenyl diphosphate synthase component 2,4,4,1.0,41,5,,,,990,990,990.0,HJHFJAOG_00506,MLMIAKCI_00826,AOHABJFI_00330,LCPJMJGF_01077
murQ,murQ,N-acetylmuramic acid 6-phosphate etherase,4,4,1.0,41,4,,,,894,897,894.75,HJHFJAOG_01740,MLMIAKCI_02231,AOHABJFI_00320,LCPJMJGF_01086
cydD,cydD,Glutathione/L-cysteine transport system ATP-binding/permease protein CydD,4,4,1.0,41,3,,,,1719,1719,1719.0,HJHFJAOG_00503,MLMIAKCI_00823,AOHABJFI_00327,LCPJMJGF_01080
cydA~~~appC_2~~~appC,cydA;appC_2;appC,Cytochrome bd-I ubiquinol oxidase subunit 1;Cytochrome bd-II ubiquinol oxidase subunit 1,4,5,1.25,41,2,,,,174,1431,1115.4,HJHFJAOG_00501,MLMIAKCI_00821;MLMIAKCI_02236,AOHABJFI_00325,LCPJMJGF_01082
cydC,cydC,Glutathione/L-cysteine transport system ATP-binding/permease protein CydC,4,4,1.0,41,1,,,,1749,1749,1749.0,HJHFJAOG_00504,MLMIAKCI_00824,AOHABJFI_00328,LCPJMJGF_01079
darA,darA,Cyclic di-AMP receptor A,4,4,1.0,40,31,,,,321,321,321.0,HJHFJAOG_00482,MLMIAKCI_00911,AOHABJFI_01090,LCPJMJGF_00045
group_471,,hypothetical protein,4,4,1.0,40,30,,,,843,843,843.0,HJHFJAOG_00471,MLMIAKCI_00921,AOHABJFI_01079,LCPJMJGF_02153
folT,folT,Folate transporter FolT,4,4,1.0,40,29,,,,519,519,519.0,HJHFJAOG_00487,MLMIAKCI_00906,AOHABJFI_01095,LCPJMJGF_00050
rplL,rplL,Large ribosomal subunit protein bL12,4,4,1.0,40,28,,,,363,363,363.0,HJHFJAOG_00470,MLMIAKCI_00922,AOHABJFI_01078,LCPJMJGF_02154
rimI_1,rimI_1,[Ribosomal protein bS18]-alanine N-acetyltransferase,4,4,1.0,40,27,,,,522,522,522.0,HJHFJAOG_00489,MLMIAKCI_00904,AOHABJFI_01097,LCPJMJGF_00052
dnaX,dnaX,DNA polymerase III subunit tau,4,4,1.0,40,26,,,,1806,1806,1806.0,HJHFJAOG_00475,MLMIAKCI_00917,AOHABJFI_01083,LCPJMJGF_02149
rsmI,rsmI,Ribosomal RNA small subunit methyltransferase I,4,4,1.0,40,23,,,,852,852,852.0,HJHFJAOG_00485,MLMIAKCI_00908,AOHABJFI_01093,LCPJMJGF_00048
rsmC,rsmC,Ribosomal RNA small subunit methyltransferase C,4,4,1.0,40,22,,,,621,621,621.0,HJHFJAOG_00472,MLMIAKCI_00920,AOHABJFI_01080,LCPJMJGF_02152
glyD_2~~~glyD_1~~~glyD,glyD_2;glyD_1;glyD,Glycosyltransferase GlyD,4,6,1.5,40,21,,,,231,831,551.0,HJHFJAOG_00477;HJHFJAOG_00476,MLMIAKCI_00916,AOHABJFI_01085;AOHABJFI_01084,LCPJMJGF_02148
ybaB,ybaB,Nucleoid-associated protein YbaB,4,4,1.0,40,20,,,,336,336,336.0,HJHFJAOG_00478,MLMIAKCI_00915,AOHABJFI_01086,LCPJMJGF_02147
group_468,,hypothetical protein,4,4,1.0,40,19,,,,858,858,858.0,HJHFJAOG_00483,MLMIAKCI_00910,AOHABJFI_01091,LCPJMJGF_00046
tsaD,tsaD,tRNA N6-adenosine threonylcarbamoyltransferase,4,4,1.0,40,16,,,,1044,1047,1046.25,HJHFJAOG_00490,MLMIAKCI_00903,AOHABJFI_01098,LCPJMJGF_00053
uup_2,uup_2,ATP-binding protein Uup,4,4,1.0,40,15,,,,1923,1923,1923.0,HJHFJAOG_00498,MLMIAKCI_00894,AOHABJFI_01106,LCPJMJGF_00926
gtfB,gtfB,UDP-N-acetylglucosamine--peptide N-acetylglucosaminyltransferase stabilizing protein GtfB,4,4,1.0,40,13,,,,279,279,279.0,HJHFJAOG_00468,MLMIAKCI_00924,AOHABJFI_01076,LCPJMJGF_02156
group_466,,hypothetical protein,4,4,1.0,40,12,,,,240,240,240.0,HJHFJAOG_00480,MLMIAKCI_00913,AOHABJFI_01088,LCPJMJGF_02145
rex,rex,Redox-sensing transcriptional repressor Rex,4,4,1.0,40,11,,,,636,636,636.0,HJHFJAOG_00499,MLMIAKCI_00893,AOHABJFI_01107,LCPJMJGF_00925
tmk,tmk,Thymidylate kinase,4,4,1.0,40,10,,,,639,639,639.0,HJHFJAOG_00481,MLMIAKCI_00912,AOHABJFI_01089,LCPJMJGF_00044
tadA_1,tadA_1,tRNA-specific adenosine deaminase,4,4,1.0,40,8,,,,501,501,501.0,HJHFJAOG_00474,MLMIAKCI_00918,AOHABJFI_01082,LCPJMJGF_02150
group_464,,hypothetical protein,4,4,1.0,40,7,,,,183,183,183.0,HJHFJAOG_00473,MLMIAKCI_00919,AOHABJFI_01081,LCPJMJGF_02151
yabA,yabA,Replication initiation control protein YabA,4,4,1.0,40,6,,,,351,351,351.0,HJHFJAOG_00484,MLMIAKCI_00909,AOHABJFI_01092,LCPJMJGF_00047
tsaB,tsaB,tRNA threonylcarbamoyladenosine biosynthesis protein TsaB,4,4,1.0,40,5,,,,744,744,744.0,HJHFJAOG_00488,MLMIAKCI_00905,AOHABJFI_01096,LCPJMJGF_00051
recR,recR,Recombination protein RecR,4,4,1.0,40,3,,,,600,600,600.0,HJHFJAOG_00479,MLMIAKCI_00914,AOHABJFI_01087,LCPJMJGF_02146
rplJ,rplJ,Large ribosomal subunit protein uL10,4,4,1.0,40,2,,,,513,513,513.0,HJHFJAOG_00469,MLMIAKCI_00923,AOHABJFI_01077,LCPJMJGF_02155
group_463,,hypothetical protein,4,4,1.0,40,1,,,,735,735,735.0,HJHFJAOG_00486,MLMIAKCI_00907,AOHABJFI_01094,LCPJMJGF_00049
pepC,pepC,Aminopeptidase C,4,4,1.0,39,51,,,,1350,1350,1350.0,HJHFJAOG_01033,MLMIAKCI_02266,AOHABJFI_00713,LCPJMJGF_01556
group_462,,hypothetical protein,4,4,1.0,39,50,,,,996,1017,1001.25,HJHFJAOG_01382,MLMIAKCI_02249,AOHABJFI_00730,LCPJMJGF_01573
nusG,nusG,Transcription termination/antitermination protein NusG,4,4,1.0,39,49,,,,558,558,558.0,HJHFJAOG_01378,MLMIAKCI_02253,AOHABJFI_00726,LCPJMJGF_01569
group_461,,hypothetical protein,4,4,1.0,39,48,,,,936,936,936.0,HJHFJAOG_01035,MLMIAKCI_02268,AOHABJFI_00711,LCPJMJGF_00362
gltX,gltX,Glutamate--tRNA ligase,4,4,1.0,39,47,,,,1500,1500,1500.0,HJHFJAOG_01369,MLMIAKCI_02262,AOHABJFI_00717,LCPJMJGF_01560
xylB,xylB,Xylulose kinase,4,4,1.0,39,46,,,,1509,1509,1509.0,HJHFJAOG_01375,MLMIAKCI_02256,AOHABJFI_00723,LCPJMJGF_01566
group_460,,hypothetical protein,4,4,1.0,39,45,,,,288,288,288.0,0_refound_0,MLMIAKCI_02279,2_refound_28,LCPJMJGF_01869
rimI_2,;rimI_2,hypothetical protein;[Ribosomal protein bS18]-alanine N-acetyltransferase,4,4,1.0,39,44,,,,210,480,412.5,HJHFJAOG_01046,MLMIAKCI_02280,AOHABJFI_01889,LCPJMJGF_01868
group_459,,hypothetical protein,4,4,1.0,39,43,,,,435,435,435.0,HJHFJAOG_01044,MLMIAKCI_02277,AOHABJFI_00702,LCPJMJGF_00077
group_458,,Putative TrmH family tRNA/rRNA methyltransferase,4,4,1.0,39,42,,,,756,756,756.0,HJHFJAOG_01372,MLMIAKCI_02259,AOHABJFI_00720,LCPJMJGF_01563
radA,radA,DNA repair protein RadA,4,4,1.0,39,41,,,,1377,1377,1377.0,HJHFJAOG_01368,MLMIAKCI_02263,AOHABJFI_00716,LCPJMJGF_01559
pynA,pynA,Pyrimidine 5'-nucleotidase PynA,4,4,1.0,39,40,,,,660,660,660.0,HJHFJAOG_01041,MLMIAKCI_02274,AOHABJFI_00705,LCPJMJGF_00074
pstB3_2,pstB3_2,Phosphate import ATP-binding protein PstB 3,4,4,1.0,39,39,,,,756,756,756.0,HJHFJAOG_00465,MLMIAKCI_02246,AOHABJFI_00733,LCPJMJGF_01576
group_457,,hypothetical protein,4,4,1.0,39,38,,,,201,201,201.0,HJHFJAOG_01048,MLMIAKCI_02282,AOHABJFI_01891,LCPJMJGF_01866
xpkA_1,xpkA_1,Xylulose-5-phosphate phosphoketolase,4,4,1.0,39,37,,,,2397,2397,2397.0,HJHFJAOG_01049,MLMIAKCI_02283,AOHABJFI_01892,LCPJMJGF_01865
czcD,czcD,Cadmium cobalt and zinc/H(+)-K(+) antiporter,4,4,1.0,39,36,,,,900,900,900.0,HJHFJAOG_01038,MLMIAKCI_02271,AOHABJFI_00708,LCPJMJGF_00071
group_456,,hypothetical protein,4,4,1.0,39,35,,,,759,759,759.0,HJHFJAOG_01040,MLMIAKCI_02273,AOHABJFI_00706,LCPJMJGF_00073
glcR_1,glcR_1,HTH-type transcriptional repressor GlcR,4,4,1.0,39,34,,,,759,759,759.0,HJHFJAOG_00821,MLMIAKCI_02292,AOHABJFI_00181,LCPJMJGF_01855
ulaA_2~~~ulaA_1~~~ulaA,ulaA_2;ulaA_1;ulaA,Ascorbate-specific PTS system EIIC component,4,5,1.25,39,33,,,,654,1488,1190.4,HJHFJAOG_01055,MLMIAKCI_02289,AOHABJFI_01898,LCPJMJGF_01859;LCPJMJGF_01858
secE,secE,Protein translocase subunit SecE,4,4,1.0,39,32,,,,171,171,171.0,HJHFJAOG_01377,MLMIAKCI_02254,AOHABJFI_00725,LCPJMJGF_01568
group_455,,hypothetical protein,4,4,1.0,39,31,,,,300,300,300.0,HJHFJAOG_01032,MLMIAKCI_02265,AOHABJFI_00714,LCPJMJGF_01557
group_454,,hypothetical protein,4,4,1.0,39,30,,,,345,405,390.0,HJHFJAOG_01034,MLMIAKCI_02267,AOHABJFI_00712,LCPJMJGF_01555
group_453,,hypothetical protein,4,4,1.0,39,29,,,,420,441,430.5,HJHFJAOG_01045,MLMIAKCI_02278,AOHABJFI_00701,LCPJMJGF_01870
mrnC,mrnC,Mini-ribonuclease 3,4,4,1.0,39,28,,,,444,444,444.0,HJHFJAOG_01371,MLMIAKCI_02260,AOHABJFI_00719,LCPJMJGF_01562
ulaB,ulaB,Ascorbate-specific PTS system EIIB component,4,4,1.0,39,27,,,,303,303,303.0,HJHFJAOG_01054,MLMIAKCI_02288,AOHABJFI_01897,LCPJMJGF_01860
yajL,yajL,Protein/nucleic acid deglycase 3,4,4,1.0,39,26,,,,585,585,585.0,HJHFJAOG_01042,MLMIAKCI_02275,AOHABJFI_00704,LCPJMJGF_00075
phoU_1,phoU_1,Phosphate-specific transport system accessory protein PhoU,4,4,1.0,39,25,,,,678,678,678.0,HJHFJAOG_00466,MLMIAKCI_02245,AOHABJFI_00734,LCPJMJGF_01577
pstS1_2,pstS1_2,Phosphate-binding protein PstS 1,4,4,1.0,39,24,,,,867,867,867.0,HJHFJAOG_01381,MLMIAKCI_02250,AOHABJFI_00729,LCPJMJGF_01572
gpmA_3,gpmA_3,23-bisphosphoglycerate-dependent phosphoglycerate mutase,4,4,1.0,39,23,,,,681,681,681.0,HJHFJAOG_01039,MLMIAKCI_02272,AOHABJFI_00707,LCPJMJGF_00072
gpmA_2,gpmA_2,23-bisphosphoglycerate-dependent phosphoglycerate mutase,4,4,1.0,39,22,,,,681,681,681.0,HJHFJAOG_01036,MLMIAKCI_02269,AOHABJFI_00710,LCPJMJGF_00069
group_452,,hypothetical protein,4,4,1.0,39,21,,,,180,180,180.0,HJHFJAOG_01047,MLMIAKCI_02281,AOHABJFI_01890,LCPJMJGF_01867
cysS,cysS,Cysteine--tRNA ligase,4,4,1.0,39,20,,,,1434,1434,1434.0,HJHFJAOG_01370,MLMIAKCI_02261,AOHABJFI_00718,LCPJMJGF_01561
ulaD,ulaD,3-keto-L-gulonate-6-phosphate decarboxylase UlaD,4,4,1.0,39,19,,,,639,639,639.0,HJHFJAOG_01053,MLMIAKCI_02287,AOHABJFI_01896,LCPJMJGF_01861
araD,araD,L-ribulose-5-phosphate 4-epimerase,4,4,1.0,39,18,,,,729,729,729.0,HJHFJAOG_01051,MLMIAKCI_02285,AOHABJFI_01894,LCPJMJGF_01863
group_451,,hypothetical protein,4,4,1.0,39,17,,,,546,546,546.0,HJHFJAOG_01373,MLMIAKCI_02258,AOHABJFI_00721,LCPJMJGF_01564
group_450,,hypothetical protein,4,4,1.0,39,16,,,,219,219,219.0,HJHFJAOG_01374,MLMIAKCI_02257,AOHABJFI_00722,LCPJMJGF_01565
group_449,,hypothetical protein,4,4,1.0,39,15,,,,921,921,921.0,HJHFJAOG_00820,MLMIAKCI_02293,AOHABJFI_00180,LCPJMJGF_01854
group_448,,IS982 family transposase ISLhe5;hypothetical protein;IS982 family transposase ISLhe1,4,4,1.0,39,14,,,,159,489,276.0,HJHFJAOG_00467,MLMIAKCI_02244,AOHABJFI_00735,LCPJMJGF_01578
group_447,,hypothetical protein,4,4,1.0,39,13,,,,183,183,183.0,HJHFJAOG_01037,MLMIAKCI_02270,AOHABJFI_00709,LCPJMJGF_00070
ulaG,ulaG,putative L-ascorbate-6-phosphate lactonase UlaG,4,4,1.0,39,12,,,,1074,1074,1074.0,HJHFJAOG_01057,MLMIAKCI_02291,AOHABJFI_01900,LCPJMJGF_01856
gph,gph,Phosphoglycolate phosphatase,4,4,1.0,39,11,,,,645,645,645.0,HJHFJAOG_01050,MLMIAKCI_02284,AOHABJFI_01893,LCPJMJGF_01864
group_446,,hypothetical protein,4,4,1.0,39,10,,,,423,423,423.0,HJHFJAOG_01043,MLMIAKCI_02276,AOHABJFI_00703,LCPJMJGF_00076
pstA,pstA;,Phosphate transport system permease protein PstA;hypothetical protein,4,4,1.0,39,9,,,,888,1011,918.75,HJHFJAOG_00463,MLMIAKCI_02248,AOHABJFI_00731,LCPJMJGF_01574
dut,dut,Deoxyuridine 5'-triphosphate nucleotidohydrolase,4,4,1.0,39,8,,,,552,552,552.0,HJHFJAOG_01367,MLMIAKCI_02264,AOHABJFI_00715,LCPJMJGF_01558
rplA,rplA,Large ribosomal subunit protein uL1,4,4,1.0,39,7,,,,693,693,693.0,HJHFJAOG_01380,MLMIAKCI_02251,AOHABJFI_00728,LCPJMJGF_01571
ulaE,ulaE,L-ribulose-5-phosphate 3-epimerase UlaE,4,4,1.0,39,6,,,,882,882,882.0,HJHFJAOG_01052,MLMIAKCI_02286,AOHABJFI_01895,LCPJMJGF_01862
group_445,,hypothetical protein,4,4,1.0,39,5,,,,189,189,189.0,HJHFJAOG_00819,MLMIAKCI_02294,AOHABJFI_00179,LCPJMJGF_01853
rplK,rplK,Large ribosomal subunit protein uL11,4,4,1.0,39,4,,,,426,426,426.0,HJHFJAOG_01379,MLMIAKCI_02252,AOHABJFI_00727,LCPJMJGF_01570
ulaC,ulaC,Ascorbate-specific PTS system EIIA component,4,4,1.0,39,3,,,,459,459,459.0,HJHFJAOG_01056,MLMIAKCI_02290,AOHABJFI_01899,LCPJMJGF_01857
pstB3_1,pstB3_1,Phosphate import ATP-binding protein PstB 3,4,4,1.0,39,2,,,,795,795,795.0,HJHFJAOG_00464,MLMIAKCI_02247,AOHABJFI_00732,LCPJMJGF_01575
dxs,dxs,1-deoxy-D-xylulose-5-phosphate synthase,4,4,1.0,39,1,,,,1746,1746,1746.0,HJHFJAOG_01376,MLMIAKCI_02255,AOHABJFI_00724,LCPJMJGF_01567
cshB,cshB,DEAD-box ATP-dependent RNA helicase CshB,4,4,1.0,38,27,,,,1362,1362,1362.0,HJHFJAOG_00451,MLMIAKCI_00814,AOHABJFI_00493,LCPJMJGF_00909
yrrK,yrrK,Putative pre-16S rRNA nuclease,4,4,1.0,38,26,,,,429,429,429.0,HJHFJAOG_00454,MLMIAKCI_00817,AOHABJFI_00496,LCPJMJGF_00906
group_444,,hypothetical protein,4,4,1.0,38,25,,,,516,516,516.0,HJHFJAOG_00440,MLMIAKCI_00803,AOHABJFI_00482,LCPJMJGF_00920
ruvB,ruvB,Holliday junction branch migration complex subunit RuvB,4,4,1.0,38,24,,,,1011,1011,1011.0,HJHFJAOG_00446,MLMIAKCI_00809,AOHABJFI_00488,LCPJMJGF_00914
groES,groES,Co-chaperonin GroES,4,4,1.0,38,23,,,,285,285,285.0,HJHFJAOG_00441,MLMIAKCI_00804,AOHABJFI_00483,LCPJMJGF_00919
group_443,,hypothetical protein,4,4,1.0,38,22,,,,258,258,258.0,HJHFJAOG_00453,MLMIAKCI_00816,AOHABJFI_00495,LCPJMJGF_00907
murI,murI,Glutamate racemase,4,4,1.0,38,21,,,,807,807,807.0,HJHFJAOG_00460,MLMIAKCI_00296,AOHABJFI_00502,LCPJMJGF_00900
mutSB,mutSB,Putative endonuclease MutS2,4,4,1.0,38,20,,,,2382,2382,2382.0,HJHFJAOG_00456,MLMIAKCI_00819,AOHABJFI_00498,LCPJMJGF_00904
group_442,,dITP/XTP pyrophosphatase,4,4,1.0,38,19,,,,621,621,621.0,HJHFJAOG_00461,MLMIAKCI_00295,AOHABJFI_00503,LCPJMJGF_00899
nrnA,nrnA,putative bifunctional oligoribonuclease and PAP phosphatase NrnA,4,4,1.0,38,18,,,,957,957,957.0,HJHFJAOG_00450,MLMIAKCI_00813,AOHABJFI_00492,LCPJMJGF_00910
mutS,mutS,DNA mismatch repair protein MutS,4,4,1.0,38,17,,,,2598,2598,2598.0,HJHFJAOG_00443,MLMIAKCI_00806,AOHABJFI_00485,LCPJMJGF_00917
mscL,mscL,Large-conductance mechanosensitive channel,4,4,1.0,38,16,,,,375,375,375.0,HJHFJAOG_00458,MLMIAKCI_00298,AOHABJFI_00500,LCPJMJGF_00902
mutL,mutL,DNA mismatch repair protein MutL,4,4,1.0,38,15,,,,1926,1926,1926.0,HJHFJAOG_00444,MLMIAKCI_00807,AOHABJFI_00486,LCPJMJGF_00916
dinB,dinB,DNA polymerase IV,4,4,1.0,38,14,,,,1119,1146,1132.5,HJHFJAOG_00449,MLMIAKCI_00812,AOHABJFI_00491,LCPJMJGF_00911
alaS,alaS,Alanine--tRNA ligase,4,4,1.0,38,13,,,,2640,2640,2640.0,HJHFJAOG_00452,MLMIAKCI_00815,AOHABJFI_00494,LCPJMJGF_00908
groEL,groEL,Chaperonin GroEL,4,4,1.0,38,12,,,,1626,1626,1626.0,HJHFJAOG_00442,MLMIAKCI_00805,AOHABJFI_00484,LCPJMJGF_00918
ruvA,ruvA,Holliday junction branch migration complex subunit RuvA,4,4,1.0,38,11,,,,588,588,588.0,HJHFJAOG_00445,MLMIAKCI_00808,AOHABJFI_00487,LCPJMJGF_00915
scrA,scrA,PTS system sucrose-specific EIIBCA component,4,4,1.0,38,10,,,,1950,1950,1950.0,HJHFJAOG_00438,MLMIAKCI_00801,AOHABJFI_00480,LCPJMJGF_00922
group_441,,hypothetical protein,4,4,1.0,38,9,,,,675,816,710.25,HJHFJAOG_00462,MLMIAKCI_00294,AOHABJFI_00504,LCPJMJGF_00898
group_440,,hypothetical protein,4,4,1.0,38,8,,,,978,978,978.0,HJHFJAOG_00439,MLMIAKCI_00802,AOHABJFI_00481,LCPJMJGF_00921
zwf,zwf,Glucose-6-phosphate 1-dehydrogenase,4,4,1.0,38,7,,,,1452,1452,1452.0,HJHFJAOG_00448,MLMIAKCI_00811,AOHABJFI_00490,LCPJMJGF_00912
ccpA_2,ccpA_2,Catabolite control protein A,4,4,1.0,38,6,,,,987,987,987.0,HJHFJAOG_00436,MLMIAKCI_00799,AOHABJFI_00478,LCPJMJGF_00924
trxA,trxA,Thioredoxin,4,4,1.0,38,5,,,,312,312,312.0,HJHFJAOG_00457,MLMIAKCI_00820,AOHABJFI_00499,LCPJMJGF_00903
group_439,,hypothetical protein,4,4,1.0,38,4,,,,312,312,312.0,HJHFJAOG_00455,MLMIAKCI_00818,AOHABJFI_00497,LCPJMJGF_00905
scrB,scrB,Sucrose-6-phosphate hydrolase,4,4,1.0,38,3,,,,1458,1458,1458.0,HJHFJAOG_00437,MLMIAKCI_00800,AOHABJFI_00479,LCPJMJGF_00923
yslB,yslB,putative protein YslB,4,4,1.0,38,2,,,,402,411,408.75,HJHFJAOG_00459,MLMIAKCI_00297,AOHABJFI_00501,LCPJMJGF_00901
group_438,,hypothetical protein,4,4,1.0,38,1,,,,393,393,393.0,HJHFJAOG_00447,MLMIAKCI_00810,AOHABJFI_00489,LCPJMJGF_00913
group_435,,hypothetical protein,4,4,1.0,36,61,,,,192,192,192.0,HJHFJAOG_00404,MLMIAKCI_00068,AOHABJFI_00837,LCPJMJGF_01048
ychF,ychF,Ribosome-binding ATPase YchF,4,4,1.0,36,60,,,,1101,1101,1101.0,HJHFJAOG_00416,MLMIAKCI_01924,AOHABJFI_00849,LCPJMJGF_01035
group_434,,hypothetical protein,4,5,1.25,36,59,,,,213,540,430.8,HJHFJAOG_00991,MLMIAKCI_00083;MLMIAKCI_00084,AOHABJFI_01176,LCPJMJGF_02093
group_433,,hypothetical protein,4,4,1.0,36,58,,,,192,195,192.75,HJHFJAOG_00989,MLMIAKCI_00086,AOHABJFI_01174,LCPJMJGF_02091
spo0J,spo0J,Stage 0 sporulation protein J,4,4,1.0,36,57,,,,888,888,888.0,HJHFJAOG_00418,MLMIAKCI_01926,AOHABJFI_00851,LCPJMJGF_01033
group_430,,hypothetical protein,4,5,1.25,36,54,,,,423,1329,1036.8,HJHFJAOG_00398,MLMIAKCI_00074,AOHABJFI_00831;AOHABJFI_00171,LCPJMJGF_01054
group_429,,hypothetical protein,4,4,1.0,36,53,,,,801,801,801.0,HJHFJAOG_00397,MLMIAKCI_00075,AOHABJFI_00170,LCPJMJGF_01055
group_428,,hypothetical protein,4,4,1.0,36,51,,,,198,198,198.0,HJHFJAOG_00995,MLMIAKCI_00079,AOHABJFI_01179,LCPJMJGF_01059
smtB,smtB,HTH-type transcriptional repressor SmtB,4,4,1.0,36,50,,,,288,288,288.0,HJHFJAOG_00982,MLMIAKCI_00093,AOHABJFI_01167,LCPJMJGF_02082
group_426,,hypothetical protein,4,4,1.0,36,47,,,,324,324,324.0,HJHFJAOG_00406,MLMIAKCI_00066,AOHABJFI_00839,LCPJMJGF_01046
group_425,,hypothetical protein,4,6,1.5,36,46,,,,195,312,243.0,HJHFJAOG_00994;HJHFJAOG_00993,MLMIAKCI_00081;MLMIAKCI_00080,AOHABJFI_01178,LCPJMJGF_01060
group_424,,Multidrug efflux system ATP-binding protein,4,4,1.0,36,45,,,,897,897,897.0,HJHFJAOG_00987,MLMIAKCI_00088,AOHABJFI_01172,LCPJMJGF_02087
ssaB,ssaB,Metal ABC transporter substrate-binding lipoprotein SsaB,4,4,1.0,36,44,,,,897,897,897.0,HJHFJAOG_00981,MLMIAKCI_00094,AOHABJFI_01166,LCPJMJGF_02081
srlR,srlR,Glucitol operon repressor,4,4,1.0,36,40,,,,759,759,759.0,HJHFJAOG_00985,MLMIAKCI_00090,AOHABJFI_01170,LCPJMJGF_02085
murE,murE,UDP-N-acetylmuramoyl-L-alanyl-D-glutamate--L-lysine ligase,4,4,1.0,36,39,,,,1572,1572,1572.0,HJHFJAOG_00408,MLMIAKCI_00064,AOHABJFI_00841,LCPJMJGF_01044
group_420,,Oligosaccharide 4-alpha-D-glucosyltransferase,4,4,1.0,36,38,,,,2307,2310,2307.75,HJHFJAOG_00401,MLMIAKCI_00071,AOHABJFI_00834,LCPJMJGF_01051
group_419,,hypothetical protein,4,4,1.0,36,37,,,,264,264,264.0,HJHFJAOG_00417,MLMIAKCI_01925,AOHABJFI_00850,LCPJMJGF_01034
group_418,,hypothetical protein,4,4,1.0,36,36,,,,624,624,624.0,HJHFJAOG_00429,MLMIAKCI_01935,AOHABJFI_00862,LCPJMJGF_01024
group_416,,hypothetical protein,4,4,1.0,36,34,,,,1398,1398,1398.0,HJHFJAOG_00400,MLMIAKCI_00072,AOHABJFI_00833,LCPJMJGF_01052
group_415,,hypothetical protein,4,4,1.0,36,33,,,,183,183,183.0,HJHFJAOG_00992,MLMIAKCI_00082,AOHABJFI_01177,LCPJMJGF_02094
lctD,lctD,Lactate dehydrogenase (NAD(+)ferredoxin) subunit LctD,4,4,1.0,36,32,,,,1404,1404,1404.0,HJHFJAOG_00402,MLMIAKCI_00070,AOHABJFI_00835,LCPJMJGF_01050
group_414,,hypothetical protein,4,4,1.0,36,31,,,,423,423,423.0,HJHFJAOG_00988,MLMIAKCI_00087,AOHABJFI_01173,LCPJMJGF_02090
group_413,,hypothetical protein,4,4,1.0,36,30,,,,537,537,537.0,HJHFJAOG_00423,MLMIAKCI_01930,AOHABJFI_00856,LCPJMJGF_01029
group_412,,hypothetical protein,4,4,1.0,36,29,,,,210,210,210.0,HJHFJAOG_00990,MLMIAKCI_00085,AOHABJFI_01175,LCPJMJGF_02092
rsmG,rsmG,Ribosomal RNA small subunit methyltransferase G,4,4,1.0,36,28,,,,723,723,723.0,HJHFJAOG_00421,MLMIAKCI_01929,AOHABJFI_00854,LCPJMJGF_01030
yhaP,yhaP,putative protein YhaP,4,4,1.0,36,27,,,,1224,1224,1224.0,HJHFJAOG_00986,MLMIAKCI_00089,AOHABJFI_01171,LCPJMJGF_02086
nfr1,nfr1,NADH-dependent flavin reductase subunit 1,4,4,1.0,36,26,,,,540,540,540.0,HJHFJAOG_00428,MLMIAKCI_01934,AOHABJFI_00861,LCPJMJGF_01025
tagK,tagK,D-tagatose-1-phosphate kinase,4,4,1.0,36,25,,,,915,915,915.0,HJHFJAOG_00984,MLMIAKCI_00091,AOHABJFI_01169,LCPJMJGF_02084
group_411,,Aspartate racemase,4,4,1.0,36,24,,,,720,750,742.5,HJHFJAOG_00407,MLMIAKCI_00065,AOHABJFI_00840,LCPJMJGF_01045
group_410,,hypothetical protein,4,4,1.0,36,23,,,,243,243,243.0,HJHFJAOG_00430,MLMIAKCI_01936,AOHABJFI_00863,LCPJMJGF_01023
group_409,,hypothetical protein,4,4,1.0,36,22,,,,360,1305,1068.75,HJHFJAOG_00996,MLMIAKCI_00078,AOHABJFI_01180,LCPJMJGF_01058
group_408,,hypothetical protein,4,4,1.0,36,21,,,,132,132,132.0,HJHFJAOG_00399,MLMIAKCI_00073,AOHABJFI_00832,LCPJMJGF_01053
comA_3~~~comA_1~~~comA_2,comA_3;comA_1;comA_2,Transport/processing ATP-binding protein ComA,4,6,1.5,36,19,,,,684,2163,1457.0,HJHFJAOG_00998;HJHFJAOG_00396,MLMIAKCI_00076,AOHABJFI_01182;AOHABJFI_00169,LCPJMJGF_01056
fruA_3,fruA_3,PTS system fructose-specific EIIABC component,4,4,1.0,36,18,,,,1998,1998,1998.0,HJHFJAOG_00983,MLMIAKCI_00092,AOHABJFI_01168,LCPJMJGF_02083
sasA_1,sasA_1,Adaptive-response sensory-kinase SasA,4,4,1.0,36,17,,,,1155,1155,1155.0,HJHFJAOG_00409,MLMIAKCI_00063,AOHABJFI_00842,LCPJMJGF_01043
soj_1,soj_1,Sporulation initiation inhibitor protein Soj,4,4,1.0,36,16,,,,780,780,780.0,HJHFJAOG_00419,MLMIAKCI_01927,AOHABJFI_00852,LCPJMJGF_01032
vanR,vanR,Regulatory protein VanR,4,4,1.0,36,15,,,,687,687,687.0,HJHFJAOG_00410,MLMIAKCI_00062,AOHABJFI_00843,LCPJMJGF_01042
nfr2,nfr2,NADH-dependent flavin reductase subunit 2,4,4,1.0,36,14,,,,549,549,549.0,HJHFJAOG_00427,MLMIAKCI_01933,AOHABJFI_00860,LCPJMJGF_01026
group_406,,hypothetical protein,4,4,1.0,36,13,,,,786,786,786.0,HJHFJAOG_00415,MLMIAKCI_01923,AOHABJFI_00848,LCPJMJGF_01036
group_405,,putative ABC transporter ATP-binding protein,4,7,1.75,36,12,,,,798,1629,968.1428571428571,HJHFJAOG_00414;HJHFJAOG_00413,MLMIAKCI_00058;MLMIAKCI_00059,AOHABJFI_00847;AOHABJFI_00846,LCPJMJGF_01037
group_404,,hypothetical protein,4,4,1.0,36,11,,,,186,186,186.0,HJHFJAOG_00403,MLMIAKCI_00069,AOHABJFI_00836,LCPJMJGF_01049
group_403,,hypothetical protein,4,4,1.0,36,10,,,,597,597,597.0,HJHFJAOG_00997,MLMIAKCI_00077,AOHABJFI_01181,LCPJMJGF_01057
group_402,,putative ABC transporter ATP-binding protein,4,4,1.0,36,9,,,,1116,1854,1669.5,HJHFJAOG_00412,MLMIAKCI_00060,AOHABJFI_00845,LCPJMJGF_01041
ptpB_1,ptpB_1,Triple specificity protein phosphatase PtpB,4,4,1.0,36,7,,,,792,792,792.0,HJHFJAOG_00426,MLMIAKCI_01932,AOHABJFI_00859,LCPJMJGF_01027
group_400,,hypothetical protein,4,4,1.0,36,6,,,,225,225,225.0,HJHFJAOG_00405,MLMIAKCI_00067,AOHABJFI_00838,LCPJMJGF_01047
znuC,znuC,Zinc import ATP-binding protein ZnuC,4,4,1.0,36,5,,,,648,648,648.0,HJHFJAOG_00980,MLMIAKCI_00095,AOHABJFI_01165,LCPJMJGF_02080
znuB,znuB,High-affinity zinc uptake system membrane protein ZnuB,4,4,1.0,36,3,,,,795,795,795.0,HJHFJAOG_00979,MLMIAKCI_00096,AOHABJFI_01164,LCPJMJGF_02079
apbE,apbE,FAD:protein FMN transferase,4,4,1.0,36,2,,,,930,930,930.0,HJHFJAOG_00425,MLMIAKCI_01931,AOHABJFI_00858,LCPJMJGF_01028
noc,noc,Nucleoid occlusion protein,4,4,1.0,36,1,,,,837,837,837.0,HJHFJAOG_00420,MLMIAKCI_01928,AOHABJFI_00853,LCPJMJGF_01031
group_397,,hypothetical protein,4,4,1.0,34,10,,,,282,282,282.0,HJHFJAOG_01804,MLMIAKCI_02007,AOHABJFI_01902,LCPJMJGF_00425
clpE_2,clpE_2,ATP-dependent Clp protease ATP-binding subunit ClpE,4,4,1.0,34,9,,,,2193,2193,2193.0,HJHFJAOG_01803,MLMIAKCI_02006,AOHABJFI_01901,LCPJMJGF_00426
group_396,,hypothetical protein,4,4,1.0,34,8,,,,462,462,462.0,HJHFJAOG_01807,MLMIAKCI_02010,AOHABJFI_01905,LCPJMJGF_00422
rlmCD,rlmCD,23S rRNA (uracil-C(5))-methyltransferase RlmCD,4,4,1.0,34,7,,,,1389,1389,1389.0,HJHFJAOG_01810,MLMIAKCI_02013,AOHABJFI_01908,LCPJMJGF_00419
group_395,,hypothetical protein,4,4,1.0,34,6,,,,483,483,483.0,HJHFJAOG_01808,MLMIAKCI_02011,AOHABJFI_01906,LCPJMJGF_00421
recX,recX,Regulatory protein RecX,4,4,1.0,34,5,,,,813,813,813.0,HJHFJAOG_01809,MLMIAKCI_02012,AOHABJFI_01907,LCPJMJGF_00420
prfC,prfC,Peptide chain release factor 3,4,4,1.0,34,4,,,,1572,1572,1572.0,HJHFJAOG_01805,MLMIAKCI_02008,AOHABJFI_01903,LCPJMJGF_00424
group_394,,hypothetical protein,4,4,1.0,34,3,,,,285,285,285.0,HJHFJAOG_00392,MLMIAKCI_02016,AOHABJFI_01911,LCPJMJGF_00417
menH_3,;menH_3,hypothetical protein;2-succinyl-6-hydroxy-24-cyclohexadiene-1-carboxylate synthase,4,7,1.75,34,2,,,,147,930,500.14285714285717,HJHFJAOG_01811;HJHFJAOG_00393,MLMIAKCI_02014;MLMIAKCI_02015,AOHABJFI_01909;AOHABJFI_01910,LCPJMJGF_00418
corC,corC,Magnesium and cobalt efflux protein CorC,4,4,1.0,34,1,,,,867,867,867.0,HJHFJAOG_01806,MLMIAKCI_02009,AOHABJFI_01904,LCPJMJGF_00423
group_391,,GTP cyclohydrolase 1 type 2,4,4,1.0,33,63,,,,798,798,798.0,HJHFJAOG_01413,MLMIAKCI_01787,AOHABJFI_02068,LCPJMJGF_00935
group_388,,hypothetical protein,4,4,1.0,33,58,,,,753,753,753.0,HJHFJAOG_01404,MLMIAKCI_01778,AOHABJFI_00562,LCPJMJGF_00945
fni,fni,Isopentenyl-diphosphate delta-isomerase,4,4,1.0,33,56,,,,1017,1017,1017.0,HJHFJAOG_01400,MLMIAKCI_01774,AOHABJFI_00558,LCPJMJGF_00949
rsmF,rsmF,Ribosomal RNA small subunit methyltransferase F,4,4,1.0,33,54,,,,1374,1374,1374.0,HJHFJAOG_01402,MLMIAKCI_01776,AOHABJFI_00560,LCPJMJGF_00947
spsB_2,spsB_2,Signal peptidase IB,4,4,1.0,33,53,,,,498,564,547.5,HJHFJAOG_01405,MLMIAKCI_01779,AOHABJFI_02060,LCPJMJGF_00944
recO,recO,DNA repair protein RecO,4,4,1.0,33,51,,,,756,756,756.0,HJHFJAOG_01421,MLMIAKCI_01795,AOHABJFI_01708,LCPJMJGF_00927
ponA,ponA,Penicillin-binding protein 1A,4,4,1.0,33,50,,,,2313,2313,2313.0,HJHFJAOG_01389,MLMIAKCI_01763,AOHABJFI_00547,LCPJMJGF_00960
ybeY,ybeY,Endoribonuclease YbeY,4,4,1.0,33,48,,,,525,525,525.0,HJHFJAOG_01423,MLMIAKCI_01797,AOHABJFI_01706,LCPJMJGF_00233
dnaG,dnaG,DNA primase,4,4,1.0,33,47,,,,1821,1821,1821.0,HJHFJAOG_01418,MLMIAKCI_01792,AOHABJFI_01711,LCPJMJGF_00930
sigA,sigA,RNA polymerase sigma factor SigA,4,4,1.0,33,46,,,,1113,1113,1113.0,HJHFJAOG_01417,MLMIAKCI_01791,AOHABJFI_01712,LCPJMJGF_00931
ytrA,ytrA,HTH-type transcriptional repressor YtrA,4,4,1.0,33,45,,,,372,375,374.25,HJHFJAOG_01411,MLMIAKCI_01785,AOHABJFI_02066,LCPJMJGF_00937
natA,natA,ABC transporter ATP-binding protein NatA,4,4,1.0,33,44,,,,708,708,708.0,HJHFJAOG_01410,MLMIAKCI_01784,AOHABJFI_02065,LCPJMJGF_00938
asnS,asnS,Asparagine--tRNA ligase,4,4,1.0,33,42,,,,1299,1299,1299.0,HJHFJAOG_01392,MLMIAKCI_01766,AOHABJFI_00550,LCPJMJGF_00957
group_386,,hypothetical protein,4,4,1.0,33,41,,,,438,438,438.0,HJHFJAOG_01383,MLMIAKCI_01757,AOHABJFI_00541,LCPJMJGF_00966
group_385,,hypothetical protein,4,4,1.0,33,40,,,,819,825,820.5,HJHFJAOG_01407,MLMIAKCI_01781,AOHABJFI_02062,LCPJMJGF_00941
era,era,GTPase Era,4,4,1.0,33,39,,,,903,903,903.0,HJHFJAOG_01422,MLMIAKCI_01796,AOHABJFI_01707,LCPJMJGF_00234
ypsC,ypsC,Putative RNA methyltransferase YpsC,4,4,1.0,33,38,,,,1125,1125,1125.0,HJHFJAOG_01385,MLMIAKCI_01759,AOHABJFI_00543,LCPJMJGF_00964
group_384,,hypothetical protein,4,4,1.0,33,37,,,,441,441,441.0,HJHFJAOG_01415,MLMIAKCI_01789,AOHABJFI_02070,LCPJMJGF_00933
rdgB,rdgB,dITP/XTP pyrophosphatase,4,4,1.0,33,36,,,,624,624,624.0,HJHFJAOG_00303,MLMIAKCI_01756,AOHABJFI_00540,LCPJMJGF_00967
group_383,,PhoH-like protein,4,4,1.0,33,35,,,,960,960,960.0,HJHFJAOG_01424,MLMIAKCI_01798,AOHABJFI_01705,LCPJMJGF_00232
galK_2,galK_2,Galactokinase,4,4,1.0,33,34,,,,909,909,909.0,HJHFJAOG_01397,MLMIAKCI_01771,AOHABJFI_00555,LCPJMJGF_00952
group_382,,hypothetical protein,4,4,1.0,33,33,,,,675,675,675.0,HJHFJAOG_01416,MLMIAKCI_01790,AOHABJFI_02071,LCPJMJGF_00932
rpsU,rpsU,Small ribosomal subunit protein bS21,4,4,1.0,33,31,,,,177,177,177.0,HJHFJAOG_01426,MLMIAKCI_01800,AOHABJFI_01703,LCPJMJGF_00230
recU,recU,Holliday junction resolvase RecU,4,4,1.0,33,30,,,,630,630,630.0,HJHFJAOG_01388,MLMIAKCI_01762,AOHABJFI_00546,LCPJMJGF_00961
nth,nth,Endonuclease III,4,4,1.0,33,29,,,,630,630,630.0,HJHFJAOG_01390,MLMIAKCI_01764,AOHABJFI_00548,LCPJMJGF_00959
group_380,,hypothetical protein,4,4,1.0,33,28,,,,963,963,963.0,HJHFJAOG_01398,MLMIAKCI_01772,AOHABJFI_00556,LCPJMJGF_00951
yqeY,yqeY,putative protein YqeY,4,4,1.0,33,27,,,,444,444,444.0,HJHFJAOG_01425,MLMIAKCI_01799,AOHABJFI_01704,LCPJMJGF_00231
gpsB_2,gpsB_2,Cell cycle protein GpsB,4,4,1.0,33,26,,,,411,411,411.0,HJHFJAOG_01386,MLMIAKCI_01760,AOHABJFI_00544,LCPJMJGF_00963
group_377,,hypothetical protein,4,4,1.0,33,22,,,,915,915,915.0,HJHFJAOG_01403,MLMIAKCI_01777,AOHABJFI_00561,LCPJMJGF_00946
group_376,,hypothetical protein,4,4,1.0,33,20,,,,804,810,808.5,HJHFJAOG_01408,MLMIAKCI_01782,AOHABJFI_02063,LCPJMJGF_00940
dinG_2,dinG_2,3'-5' exonuclease DinG,4,4,1.0,33,19,,,,2781,2781,2781.0,HJHFJAOG_01394,MLMIAKCI_01768,AOHABJFI_00552,LCPJMJGF_00955
trmK,trmK,tRNA (adenine(22)-N(1))-methyltransferase,4,4,1.0,33,18,,,,684,684,684.0,HJHFJAOG_01414,MLMIAKCI_01788,AOHABJFI_02069,LCPJMJGF_00934
group_375,,hypothetical protein,4,4,1.0,33,17,,,,558,570,567.0,HJHFJAOG_01387,MLMIAKCI_01761,AOHABJFI_00545,LCPJMJGF_00962
glyQ,glyQ,Glycine--tRNA ligase alpha subunit,4,4,1.0,33,15,,,,918,918,918.0,HJHFJAOG_01420,MLMIAKCI_01794,AOHABJFI_01709,LCPJMJGF_00928
cpdA_2,cpdA_2,3'5'-cyclic adenosine monophosphate phosphodiesterase CpdA,4,4,1.0,33,14,,,,1233,1233,1233.0,HJHFJAOG_01384,MLMIAKCI_01758,AOHABJFI_00542,LCPJMJGF_00965
group_373,,hypothetical protein,4,4,1.0,33,13,,,,498,498,498.0,HJHFJAOG_01393,MLMIAKCI_01767,AOHABJFI_00551,LCPJMJGF_00956
group_372,,hypothetical protein,4,4,1.0,33,12,,,,831,834,831.75,HJHFJAOG_01409,MLMIAKCI_01783,AOHABJFI_02064,LCPJMJGF_00939
addB,addB,ATP-dependent helicase/deoxyribonuclease subunit B,4,4,1.0,33,11,,,,3480,3480,3480.0,HJHFJAOG_01396,MLMIAKCI_01770,AOHABJFI_00554,LCPJMJGF_00953
glyS,glyS,Glycine--tRNA ligase beta subunit,4,4,1.0,33,10,,,,2064,2064,2064.0,HJHFJAOG_01419,MLMIAKCI_01793,AOHABJFI_01710,LCPJMJGF_00929
pepT_2,pepT_2,Peptidase T,4,4,1.0,33,9,,,,1242,1242,1242.0,HJHFJAOG_01412,MLMIAKCI_01786,AOHABJFI_02067,LCPJMJGF_00936
dnaD,dnaD,Replicative helicase loading/DNA remodeling protein DnaD,4,4,1.0,33,8,,,,645,645,645.0,HJHFJAOG_01391,MLMIAKCI_01765,AOHABJFI_00549,LCPJMJGF_00958
addA,addA,ATP-dependent helicase/nuclease subunit A,4,4,1.0,33,7,,,,3609,3609,3609.0,HJHFJAOG_01395,MLMIAKCI_01769,AOHABJFI_00553,LCPJMJGF_00954
group_370,,Phosphomevalonate kinase,4,4,1.0,33,5,,,,1083,1083,1083.0,HJHFJAOG_01399,MLMIAKCI_01773,AOHABJFI_00557,LCPJMJGF_00950
ybjI_2,ybjI_2,5-amino-6-(5-phospho-D-ribitylamino)uracil phosphatase YbjI,4,4,1.0,33,4,,,,792,792,792.0,HJHFJAOG_01401,MLMIAKCI_01775,AOHABJFI_00559,LCPJMJGF_00948
group_368,,hypothetical protein,4,4,1.0,33,2,,,,189,189,189.0,HJHFJAOG_01406,MLMIAKCI_01780,AOHABJFI_02061,LCPJMJGF_00943
yqfL,yqfL,Putative pyruvate phosphate dikinase regulatory protein,4,4,1.0,33,1,,,,837,837,837.0,HJHFJAOG_01427,MLMIAKCI_01801,AOHABJFI_01702,LCPJMJGF_00229
group_365,,hypothetical protein,4,4,1.0,30,2,,,,741,741,741.0,HJHFJAOG_00295,MLMIAKCI_00611,AOHABJFI_00426,LCPJMJGF_00268
group_364,,hypothetical protein,4,4,1.0,30,1,,,,144,144,144.0,HJHFJAOG_00294,MLMIAKCI_00612,AOHABJFI_00427,LCPJMJGF_00269
ftsA,ftsA,Cell division protein FtsA,4,4,1.0,28,152,,,,1362,1362,1362.0,HJHFJAOG_00269,MLMIAKCI_00674,AOHABJFI_01057,LCPJMJGF_00745
group_362,,hypothetical protein,4,4,1.0,28,151,,,,282,282,282.0,HJHFJAOG_00321,MLMIAKCI_00709,AOHABJFI_01022,LCPJMJGF_00676
ywlC,ywlC,Threonylcarbamoyl-AMP synthase,4,4,1.0,28,150,,,,1005,1005,1005.0,HJHFJAOG_00337,MLMIAKCI_00725,AOHABJFI_01006,LCPJMJGF_00694
mreB,mreB,Cell shape-determining protein MreB,4,4,1.0,28,149,,,,1005,1005,1005.0,HJHFJAOG_00282,MLMIAKCI_00687,AOHABJFI_01044,LCPJMJGF_00758
group_361,,Putative membrane protein insertion efficiency factor,4,4,1.0,28,148,,,,294,294,294.0,HJHFJAOG_00325,MLMIAKCI_00713,AOHABJFI_01018,LCPJMJGF_00682
yfeW,yfeW,Putative D-alanyl-D-alanine carboxypeptidase,4,4,1.0,28,147,,,,1011,1011,1011.0,HJHFJAOG_00344,MLMIAKCI_00732,AOHABJFI_00999,LCPJMJGF_00701
mraZ,mraZ,Transcriptional regulator MraZ,4,4,1.0,28,146,,,,432,432,432.0,HJHFJAOG_00277,MLMIAKCI_00682,AOHABJFI_01049,LCPJMJGF_00753
rqcP2,rqcP2,Ribosome-associated protein quality control protein P2,4,4,1.0,28,145,,,,801,801,801.0,HJHFJAOG_00265,MLMIAKCI_00670,AOHABJFI_01061,LCPJMJGF_00741
rpsD,rpsD,Small ribosomal subunit protein uS4,4,4,1.0,28,144,,,,612,612,612.0,HJHFJAOG_00318,MLMIAKCI_00706,AOHABJFI_01025,LCPJMJGF_00673
gapA1,gapA1,Glyceraldehyde-3-phosphate dehydrogenase 1,4,4,1.0,28,143,,,,1017,1017,1017.0,HJHFJAOG_01167,MLMIAKCI_01493,AOHABJFI_00571,LCPJMJGF_01881
group_360,,hypothetical protein,4,4,1.0,28,142,,,,228,228,228.0,HJHFJAOG_00324,MLMIAKCI_00712,AOHABJFI_01019,LCPJMJGF_00681
murD,murD,UDP-N-acetylmuramoylalanine--D-glutamate ligase,4,4,1.0,28,141,,,,1380,1380,1380.0,HJHFJAOG_00272,MLMIAKCI_00677,AOHABJFI_01054,LCPJMJGF_00748
group_359,,hypothetical protein,4,4,1.0,28,140,,,,165,165,165.0,HJHFJAOG_01215,MLMIAKCI_02169,AOHABJFI_00619,LCPJMJGF_00715
rluB_1,rluB_1,Ribosomal large subunit pseudouridine synthase B,4,4,1.0,28,138,,,,705,705,705.0,HJHFJAOG_00313,MLMIAKCI_00701,AOHABJFI_01030,LCPJMJGF_00776
group_357,,hypothetical protein,4,4,1.0,28,137,,,,438,438,438.0,HJHFJAOG_01981,MLMIAKCI_00290,AOHABJFI_00565,LCPJMJGF_01875
sepF,sepF,Cell division protein SepF,4,4,1.0,28,136,,,,438,438,438.0,HJHFJAOG_00267,MLMIAKCI_00672,AOHABJFI_01059,LCPJMJGF_00743
potB,potB,Spermidine/putrescine transport system permease protein PotB,4,4,1.0,28,135,,,,813,813,813.0,HJHFJAOG_01179,MLMIAKCI_01481,AOHABJFI_00583,LCPJMJGF_01607
group_355,,hypothetical protein,4,4,1.0,28,133,,,,786,786,786.0,HJHFJAOG_01980,MLMIAKCI_00289,AOHABJFI_00566,LCPJMJGF_01876
copY,copY,Transcriptional repressor CopY,4,4,1.0,28,132,,,,441,441,441.0,HJHFJAOG_01186,MLMIAKCI_00997,AOHABJFI_00590,LCPJMJGF_01614
atpG,atpG,ATP synthase gamma chain,4,4,1.0,28,131,,,,963,963,963.0,HJHFJAOG_00330,MLMIAKCI_00718,AOHABJFI_01013,LCPJMJGF_00687
atpC,atpC,ATP synthase epsilon chain,4,4,1.0,28,130,,,,441,441,441.0,HJHFJAOG_00328,MLMIAKCI_00716,AOHABJFI_01015,LCPJMJGF_00685
yidA_2,yidA_2,Sugar phosphatase YidA,4,4,1.0,28,129,,,,816,816,816.0,HJHFJAOG_01185,MLMIAKCI_00998,AOHABJFI_00589,LCPJMJGF_01613
upp,upp,Uracil phosphoribosyltransferase,4,4,1.0,28,128,,,,630,630,630.0,HJHFJAOG_00336,MLMIAKCI_00724,AOHABJFI_01007,LCPJMJGF_00693
group_354,,hypothetical protein,4,4,1.0,28,127,,,,303,303,303.0,HJHFJAOG_00266,MLMIAKCI_00671,AOHABJFI_01060,LCPJMJGF_00742
group_353,,hypothetical protein,4,4,1.0,28,126,,,,633,633,633.0,HJHFJAOG_00283,MLMIAKCI_00688,AOHABJFI_01043,LCPJMJGF_00759
group_352,,IS30 family transposase ISLjo1,4,4,1.0,28,125,,,,1050,1050,1050.0,HJHFJAOG_01170,MLMIAKCI_01490,AOHABJFI_00574,3_refound_37
ycaM_3,ycaM_3,Inner membrane transporter YcaM,4,4,1.0,28,123,,,,1434,1434,1434.0,HJHFJAOG_01979,MLMIAKCI_01497,AOHABJFI_00567,LCPJMJGF_01877
atpD,atpD,ATP synthase subunit beta,4,4,1.0,28,122,,,,1440,1440,1440.0,HJHFJAOG_00329,MLMIAKCI_00717,AOHABJFI_01014,LCPJMJGF_00686
gpsB_1,gpsB_1,Cell cycle adapter protein GpsB,4,4,1.0,28,121,,,,825,825,825.0,HJHFJAOG_00264,MLMIAKCI_00669,AOHABJFI_01062,LCPJMJGF_00740
sasA_3,sasA_3,Adaptive-response sensory-kinase SasA,4,4,1.0,28,120,,,,1455,1455,1455.0,HJHFJAOG_01224,MLMIAKCI_00737,AOHABJFI_00994,LCPJMJGF_00706
potD,potD,Spermidine/putrescine-binding periplasmic protein,4,4,1.0,28,119,,,,1074,1074,1074.0,HJHFJAOG_01181,MLMIAKCI_01002,AOHABJFI_00585,LCPJMJGF_01609
rpsZ_2,rpsZ_2,Small ribosomal subunit protein uS14,4,4,1.0,28,118,,,,186,186,186.0,HJHFJAOG_01205,MLMIAKCI_02159,AOHABJFI_00609,LCPJMJGF_00725
yfkJ,yfkJ,Low molecular weight protein-tyrosine-phosphatase YfkJ,4,4,1.0,28,116,,,,456,456,456.0,HJHFJAOG_01188,MLMIAKCI_00995,AOHABJFI_00592,LCPJMJGF_01616
licT,licT,Transcription antiterminator LicT,4,4,1.0,28,115,,,,834,834,834.0,HJHFJAOG_01190,MLMIAKCI_00993,AOHABJFI_00594,LCPJMJGF_01618
group_349,,hypothetical protein,4,4,1.0,28,114,,,,315,315,315.0,HJHFJAOG_00260,MLMIAKCI_00665,AOHABJFI_01066,LCPJMJGF_00736
prfA,prfA,Peptide chain release factor 1,4,4,1.0,28,113,,,,1089,1089,1089.0,HJHFJAOG_00339,MLMIAKCI_00727,AOHABJFI_01004,LCPJMJGF_00696
mdtP_3~~~mdtP_2,mdtP_3;;mdtP_2,Multidrug transporter protein MdtP;hypothetical protein,4,5,1.25,28,112,,,,168,1473,1171.8,HJHFJAOG_01982,MLMIAKCI_00292;MLMIAKCI_00291,AOHABJFI_00564,LCPJMJGF_01874
potA,potA,Spermidine/putrescine import ATP-binding protein PotA,4,4,1.0,28,111,,,,1098,1098,1098.0,HJHFJAOG_01178,MLMIAKCI_01482,AOHABJFI_00582,LCPJMJGF_01606
group_348,,hypothetical protein,4,4,1.0,28,110,,,,651,651,651.0,HJHFJAOG_00254,MLMIAKCI_00659,AOHABJFI_01072,LCPJMJGF_00730
dacA_1,dacA_1,Diadenylate cyclase,4,4,1.0,28,109,,,,843,843,843.0,HJHFJAOG_01182,MLMIAKCI_01001,AOHABJFI_00586,LCPJMJGF_01610
group_347,,hypothetical protein,4,4,1.0,28,108,,,,468,468,468.0,HJHFJAOG_00319,MLMIAKCI_00707,AOHABJFI_01024,LCPJMJGF_00674
group_346,,hypothetical protein,4,4,1.0,28,107,,,,1107,1107,1107.0,HJHFJAOG_01198,MLMIAKCI_00985,AOHABJFI_00602,LCPJMJGF_02184
prmC,prmC,Release factor glutamine methyltransferase,4,4,1.0,28,106,,,,846,846,846.0,HJHFJAOG_00338,MLMIAKCI_00726,AOHABJFI_01005,LCPJMJGF_00695
murG,murG,UDP-N-acetylglucosamine--N-acetylmuramyl-(pentapeptide) pyrophosphoryl-undecaprenol N-acetylglucosamine transferase,4,4,1.0,28,105,,,,1107,1107,1107.0,HJHFJAOG_00271,MLMIAKCI_00676,AOHABJFI_01055,LCPJMJGF_00747
group_345,,hypothetical protein,4,4,1.0,28,104,,,,1530,1530,1530.0,HJHFJAOG_01199,MLMIAKCI_00984,AOHABJFI_00603,LCPJMJGF_02185
group_344,,hypothetical protein,4,4,1.0,28,103,,,,330,330,330.0,HJHFJAOG_00278,MLMIAKCI_00683,AOHABJFI_01048,LCPJMJGF_00754
ytlR,ytlR,Putative lipid kinase YtlR,4,4,1.0,28,102,,,,849,849,849.0,HJHFJAOG_00251,MLMIAKCI_00656,AOHABJFI_01075,LCPJMJGF_00727
group_343,,hypothetical protein,4,4,1.0,28,101,,,,1533,1533,1533.0,HJHFJAOG_01164,MLMIAKCI_01496,AOHABJFI_00568,LCPJMJGF_01878
gpmB,gpmB,phosphoglycerate mutase GpmB,4,4,1.0,28,100,,,,660,660,660.0,HJHFJAOG_00255,MLMIAKCI_00660,AOHABJFI_01071,LCPJMJGF_00731
tsaE,tsaE,tRNA threonylcarbamoyladenosine biosynthesis protein TsaE,4,4,1.0,28,99,,,,480,480,480.0,HJHFJAOG_01175,MLMIAKCI_01485,AOHABJFI_00579,LCPJMJGF_01603
mreC,mreC,Cell shape-determining protein MreC,4,4,1.0,28,98,,,,852,852,852.0,HJHFJAOG_00281,MLMIAKCI_00686,AOHABJFI_01045,LCPJMJGF_00757
cspA,cspA,Cold shock-like protein CspA,4,4,1.0,28,97,,,,204,204,204.0,HJHFJAOG_00262,MLMIAKCI_00667,AOHABJFI_01064,LCPJMJGF_00738
divIB,divIB,Cell division protein DivIB,4,4,1.0,28,96,,,,858,858,858.0,HJHFJAOG_00270,MLMIAKCI_00675,AOHABJFI_01056,LCPJMJGF_00746
mnmA,mnmA,tRNA-specific 2-thiouridylase MnmA,4,4,1.0,28,95,,,,1128,1128,1128.0,HJHFJAOG_00256,MLMIAKCI_00661,AOHABJFI_01070,LCPJMJGF_00732
comGC,comGC,Competence protein ComGC,4,4,1.0,28,94,,,,342,342,342.0,HJHFJAOG_01211,MLMIAKCI_02165,AOHABJFI_00615,LCPJMJGF_00719
yhfK,;yhfK,hypothetical protein;putative sugar epimerase YhfK,4,4,1.0,28,93,,,,609,642,633.75,HJHFJAOG_01206,MLMIAKCI_02160,AOHABJFI_00610,LCPJMJGF_00724
group_342,,hypothetical protein,4,4,1.0,28,92,,,,342,342,342.0,HJHFJAOG_00257,MLMIAKCI_00662,AOHABJFI_01069,LCPJMJGF_00733
group_341,,Phosphorylated carbohydrates phosphatase,4,4,1.0,28,91,,,,678,678,678.0,HJHFJAOG_00284,MLMIAKCI_00689,AOHABJFI_01042,LCPJMJGF_00760
garK,garK,Glycerate 2-kinase,4,4,1.0,28,90,,,,1146,1146,1146.0,HJHFJAOG_01189,MLMIAKCI_00994,AOHABJFI_00593,LCPJMJGF_01617
group_340,,hypothetical protein,4,4,1.0,28,87,,,,1638,1638,1638.0,HJHFJAOG_00252,MLMIAKCI_00657,AOHABJFI_01074,LCPJMJGF_00728
iscS_1,iscS_1,Cysteine desulfurase IscS,4,4,1.0,28,86,,,,1158,1158,1158.0,HJHFJAOG_00258,MLMIAKCI_00663,AOHABJFI_01068,LCPJMJGF_00734
ywpJ,ywpJ,Phosphatase YwpJ,4,4,1.0,28,85,,,,876,876,876.0,HJHFJAOG_01172,MLMIAKCI_01488,AOHABJFI_00576,LCPJMJGF_01600
patB,patB,Cystathionine beta-lyase PatB,4,4,1.0,28,84,,,,1164,1164,1164.0,HJHFJAOG_01220,MLMIAKCI_00741,AOHABJFI_00990,LCPJMJGF_00710
iscS_2,iscS_2,Cysteine desulfurase IscS,4,4,1.0,28,83,,,,1167,1167,1167.0,HJHFJAOG_00316,MLMIAKCI_00704,AOHABJFI_01027,LCPJMJGF_00671
ezrA,ezrA,Septation ring formation regulator EzrA,4,4,1.0,28,82,,,,1713,1713,1713.0,HJHFJAOG_00317,MLMIAKCI_00705,AOHABJFI_01026,LCPJMJGF_00672
mtnN,mtnN,5'-methylthioadenosine/S-adenosylhomocysteine nucleosidase,4,4,1.0,28,81,,,,696,696,696.0,HJHFJAOG_00259,MLMIAKCI_00664,AOHABJFI_01067,LCPJMJGF_00735
group_339,,hypothetical protein,4,4,1.0,28,80,,,,699,699,699.0,HJHFJAOG_01200,MLMIAKCI_00983,AOHABJFI_00604,LCPJMJGF_02186
ung,ung,Uracil-DNA glycosylase,4,4,1.0,28,79,,,,699,699,699.0,HJHFJAOG_01173,MLMIAKCI_01487,AOHABJFI_00577,LCPJMJGF_01601
group_338,,hypothetical protein,4,4,1.0,28,78,,,,513,513,513.0,HJHFJAOG_00309,MLMIAKCI_00697,AOHABJFI_01034,LCPJMJGF_00772
group_337,,hypothetical protein,4,4,1.0,28,77,,,,516,516,516.0,HJHFJAOG_01171,MLMIAKCI_01489,AOHABJFI_00575,LCPJMJGF_01599
group_336,,hypothetical protein,4,4,1.0,28,76,,,,888,888,888.0,HJHFJAOG_01219,MLMIAKCI_00742,AOHABJFI_00989,LCPJMJGF_00711
ackA_3,ackA_3,Acetate kinase,4,4,1.0,28,75,,,,1185,1185,1185.0,HJHFJAOG_01217,MLMIAKCI_02171,AOHABJFI_00621,LCPJMJGF_00713
srrA,srrA,Transcriptional regulatory protein SrrA,4,4,1.0,28,74,,,,705,705,705.0,HJHFJAOG_01223,MLMIAKCI_00738,AOHABJFI_00993,LCPJMJGF_00707
bglH~~~bglA_1,bglH;bglA_1,Aryl-phospho-beta-D-glucosidase BglH;6-phospho-beta-glucosidase BglA,4,5,1.25,28,73,,,,588,1476,1186.8,HJHFJAOG_01192,MLMIAKCI_00991,AOHABJFI_00596,LCPJMJGF_02178;LCPJMJGF_01620
group_335,,hypothetical protein,4,4,1.0,28,72,,,,522,522,522.0,HJHFJAOG_01207,MLMIAKCI_02161,AOHABJFI_00611,LCPJMJGF_00723
ftsL,ftsL,Cell division protein FtsL,4,4,1.0,28,71,,,,363,363,363.0,HJHFJAOG_00275,MLMIAKCI_00680,AOHABJFI_01051,LCPJMJGF_00751
rodA,rodA,Peptidoglycan glycosyltransferase RodA,4,4,1.0,28,70,,,,1194,1194,1194.0,HJHFJAOG_00323,MLMIAKCI_00711,AOHABJFI_01020,LCPJMJGF_00680
murB,murB,UDP-N-acetylenolpyruvoylglucosamine reductase,4,4,1.0,28,69,,,,897,897,897.0,HJHFJAOG_01177,MLMIAKCI_01483,AOHABJFI_00581,LCPJMJGF_01605
group_333,,hypothetical protein,4,4,1.0,28,67,,,,231,231,231.0,HJHFJAOG_00327,MLMIAKCI_00715,AOHABJFI_01016,LCPJMJGF_00684
group_332,,hypothetical protein,4,4,1.0,28,66,,,,369,369,369.0,HJHFJAOG_01195,MLMIAKCI_00988,AOHABJFI_00599,LCPJMJGF_02181
group_331,,hypothetical protein,4,4,1.0,28,65,,,,528,528,528.0,HJHFJAOG_01214,MLMIAKCI_02168,AOHABJFI_00618,LCPJMJGF_00716
atpF,atpF,ATP synthase subunit b,4,4,1.0,28,64,,,,507,510,507.75,HJHFJAOG_00333,MLMIAKCI_00721,AOHABJFI_01010,LCPJMJGF_00690
pgk,pgk,Phosphoglycerate kinase,4,4,1.0,28,62,,,,1212,1212,1212.0,HJHFJAOG_01168,MLMIAKCI_01492,AOHABJFI_00572,LCPJMJGF_01882
atpH_1,atpH_1,ATP synthase subunit delta,4,4,1.0,28,61,,,,549,549,549.0,HJHFJAOG_00332,MLMIAKCI_00720,AOHABJFI_01011,LCPJMJGF_00689
polC_2,polC_2,DNA polymerase III PolC-type,4,4,1.0,28,59,,,,534,534,534.0,HJHFJAOG_01176,MLMIAKCI_01484,AOHABJFI_00580,LCPJMJGF_01604
hsrA,hsrA,putative transport protein HsrA,4,4,1.0,28,58,,,,903,1374,1256.25,HJHFJAOG_01228,MLMIAKCI_00733,AOHABJFI_00998,LCPJMJGF_00702
group_328,,hypothetical protein,4,4,1.0,28,57,,,,717,717,717.0,HJHFJAOG_01194,MLMIAKCI_00989,AOHABJFI_00598,LCPJMJGF_02180
group_327,,hypothetical protein,4,4,1.0,28,56,,,,717,717,717.0,HJHFJAOG_01187,MLMIAKCI_00996,AOHABJFI_00591,LCPJMJGF_01615
thiI,thiI,putative tRNA sulfurtransferase,4,4,1.0,28,55,,,,1218,1218,1218.0,HJHFJAOG_00315,MLMIAKCI_00703,AOHABJFI_01028,LCPJMJGF_00670
yoaB,yoaB,Calcium-transporting ATPase 1,4,4,1.0,28,54,,,,2616,2616,2616.0,HJHFJAOG_00306,MLMIAKCI_00694,AOHABJFI_01037,LCPJMJGF_00769
cggR,cggR,Central glycolytic genes regulator,4,4,1.0,28,51,,,,1032,1056,1044.0,HJHFJAOG_01166,MLMIAKCI_01494,AOHABJFI_00570,LCPJMJGF_01880
group_324,,hypothetical protein,4,4,1.0,28,50,,,,540,540,540.0,HJHFJAOG_00280,MLMIAKCI_00685,AOHABJFI_01046,LCPJMJGF_00756
atpH_2,atpH_2,ATP synthase subunit c,4,4,1.0,28,49,,,,225,234,227.25,HJHFJAOG_00334,MLMIAKCI_00722,AOHABJFI_01009,LCPJMJGF_00691
group_323,,putative transcriptional regulatory protein,4,4,1.0,28,48,,,,729,729,729.0,HJHFJAOG_01208,MLMIAKCI_02162,AOHABJFI_00612,LCPJMJGF_00722
group_322,,hypothetical protein,4,4,1.0,28,47,,,,729,729,729.0,HJHFJAOG_01202,MLMIAKCI_00532,AOHABJFI_00606,LCPJMJGF_00530
atpA,atpA,ATP synthase subunit alpha,4,4,1.0,28,46,,,,1512,1512,1512.0,HJHFJAOG_00331,MLMIAKCI_00719,AOHABJFI_01012,LCPJMJGF_00688
bglF,bglF,PTS system beta-glucoside-specific EIIBCA component,4,4,1.0,28,45,,,,2022,2022,2022.0,HJHFJAOG_01191,MLMIAKCI_00992,AOHABJFI_00595,LCPJMJGF_01619
group_321,,hypothetical protein,4,4,1.0,28,44,,,,336,561,392.25,HJHFJAOG_01983,MLMIAKCI_00293,AOHABJFI_00563,LCPJMJGF_01873
group_319,,hypothetical protein,4,4,1.0,28,42,,,,390,390,390.0,HJHFJAOG_01222,MLMIAKCI_00739,AOHABJFI_00992,LCPJMJGF_00708
group_318,,hypothetical protein,4,4,1.0,28,41,,,,1257,1257,1257.0,HJHFJAOG_00314,MLMIAKCI_00702,AOHABJFI_01029,LCPJMJGF_00777
pbpB,pbpB,Penicillin-binding protein 2B,4,4,1.0,28,40,,,,2160,2160,2160.0,HJHFJAOG_00274,MLMIAKCI_00679,AOHABJFI_01052,LCPJMJGF_00750
csbB,csbB,Putative glycosyltransferase CsbB,4,4,1.0,28,39,,,,930,930,930.0,HJHFJAOG_00310,MLMIAKCI_00698,AOHABJFI_01033,LCPJMJGF_00773
insK,insK,Putative transposase InsK for insertion sequence element IS150,4,4,1.0,28,38,,,,933,933,933.0,HJHFJAOG_01203,1_refound_11,AOHABJFI_00607,3_refound_38
ltaS1_1,ltaS1_1,Lipoteichoic acid synthase 1,4,4,1.0,28,37,,,,2181,2181,2181.0,HJHFJAOG_01225,MLMIAKCI_00736,AOHABJFI_00995,LCPJMJGF_00705
group_317,,hypothetical protein,4,4,1.0,28,36,,,,102,102,102.0,HJHFJAOG_01204,MLMIAKCI_02158,AOHABJFI_00608,LCPJMJGF_00726
group_316,,hypothetical protein,4,4,1.0,28,35,,,,207,219,210.0,HJHFJAOG_00307,MLMIAKCI_00695,AOHABJFI_01036,LCPJMJGF_00770
group_315,,Putative universal stress protein,4,4,1.0,28,34,,,,465,465,465.0,HJHFJAOG_00322,MLMIAKCI_00710,AOHABJFI_01021,LCPJMJGF_00677
group_314,,hypothetical protein,4,4,1.0,28,33,,,,1284,1284,1284.0,HJHFJAOG_01196,MLMIAKCI_00987,AOHABJFI_00600,LCPJMJGF_02182
fpgS,fpgS,Folylpolyglutamate synthase,4,4,1.0,28,32,,,,1284,1284,1284.0,HJHFJAOG_00285,MLMIAKCI_00690,AOHABJFI_01041,LCPJMJGF_00761
menH_1,menH_1,2-succinyl-6-hydroxy-24-cyclohexadiene-1-carboxylate synthase,4,4,1.0,28,31,,,,948,948,948.0,HJHFJAOG_01193,MLMIAKCI_00990,AOHABJFI_00597,LCPJMJGF_02179
rsmH,rsmH,Ribosomal RNA small subunit methyltransferase H,4,4,1.0,28,30,,,,948,948,948.0,HJHFJAOG_00276,MLMIAKCI_00681,AOHABJFI_01050,LCPJMJGF_00752
recD2,recD2,ATP-dependent RecD2 DNA helicase,4,4,1.0,28,29,,,,2370,2370,2370.0,HJHFJAOG_00253,MLMIAKCI_00658,AOHABJFI_01073,LCPJMJGF_00729
tpiA,tpiA,Triosephosphate isomerase,4,4,1.0,28,28,,,,759,759,759.0,HJHFJAOG_01169,MLMIAKCI_01491,AOHABJFI_00573,LCPJMJGF_01883
nudF,nudF,ADP-ribose pyrophosphatase,4,4,1.0,28,27,,,,570,570,570.0,HJHFJAOG_00261,MLMIAKCI_00666,AOHABJFI_01065,LCPJMJGF_00737
cdaR,cdaR,CdaA regulatory protein CdaR,4,4,1.0,28,26,,,,960,960,960.0,HJHFJAOG_01183,MLMIAKCI_01000,AOHABJFI_00587,LCPJMJGF_01611
rarA_1,rarA_1,Replication-associated recombination protein A,4,4,1.0,28,25,,,,1308,1308,1308.0,HJHFJAOG_00320,MLMIAKCI_00708,AOHABJFI_01023,LCPJMJGF_00675
group_313,,hypothetical protein,4,4,1.0,28,24,,,,126,126,126.0,HJHFJAOG_00279,MLMIAKCI_00684,AOHABJFI_01047,LCPJMJGF_00755
gmuF_1,gmuF_1,putative mannose-6-phosphate isomerase GmuF,4,4,1.0,28,23,,,,963,963,963.0,HJHFJAOG_01221,MLMIAKCI_00740,AOHABJFI_00991,LCPJMJGF_00709
group_312,,hypothetical protein,4,4,1.0,28,22,,,,270,270,270.0,HJHFJAOG_01213,MLMIAKCI_02167,AOHABJFI_00617,LCPJMJGF_00717
valS,valS,Valine--tRNA ligase,4,4,1.0,28,21,,,,2640,2640,2640.0,HJHFJAOG_00286,MLMIAKCI_00691,AOHABJFI_01040,LCPJMJGF_00762
group_311,,hypothetical protein,4,4,1.0,28,20,,,,588,588,588.0,HJHFJAOG_01197,MLMIAKCI_00986,AOHABJFI_00601,LCPJMJGF_02183
mraY,mraY,Phospho-N-acetylmuramoyl-pentapeptide-transferase,4,4,1.0,28,19,,,,969,969,969.0,HJHFJAOG_00273,MLMIAKCI_00678,AOHABJFI_01053,LCPJMJGF_00749
comGA,comGA,Competence protein ComGA,4,4,1.0,28,18,,,,975,975,975.0,HJHFJAOG_01209,MLMIAKCI_02163,AOHABJFI_00613,LCPJMJGF_00721
atpB,atpB,ATP synthase subunit a,4,4,1.0,28,17,,,,714,714,714.0,HJHFJAOG_00335,MLMIAKCI_00723,AOHABJFI_01008,LCPJMJGF_00692
pgi,pgi,Glucose-6-phosphate isomerase,4,4,1.0,28,16,,,,1338,1338,1338.0,HJHFJAOG_01227,MLMIAKCI_00734,AOHABJFI_00997,LCPJMJGF_00703
group_310,,hypothetical protein,4,4,1.0,28,15,,,,276,276,276.0,HJHFJAOG_00308,MLMIAKCI_00696,AOHABJFI_01035,LCPJMJGF_00771
group_309,,hypothetical protein,4,4,1.0,28,14,,,,420,420,420.0,HJHFJAOG_00311,MLMIAKCI_00699,AOHABJFI_01032,LCPJMJGF_00774
pta,pta,Phosphate acetyltransferase,4,4,1.0,28,13,,,,990,990,990.0,HJHFJAOG_01174,MLMIAKCI_01486,AOHABJFI_00578,LCPJMJGF_01602
ftsZ,ftsZ,Cell division protein FtsZ,4,4,1.0,28,12,,,,1344,1344,1344.0,HJHFJAOG_00268,MLMIAKCI_00673,AOHABJFI_01058,LCPJMJGF_00744
potC,;potC,hypothetical protein;Spermidine/putrescine transport system permease protein PotC,4,5,1.25,28,11,,,,162,816,648.6,HJHFJAOG_01180,MLMIAKCI_01480;MLMIAKCI_01003,AOHABJFI_00584,LCPJMJGF_01608
mbl,mbl,Cell shape-determining protein Mbl,4,4,1.0,28,10,,,,990,990,990.0,HJHFJAOG_00326,MLMIAKCI_00714,AOHABJFI_01017,LCPJMJGF_00683
ileS,ileS,isoleucine--tRNA ligase IleS,4,4,1.0,28,8,,,,2787,2802,2798.25,HJHFJAOG_00263,MLMIAKCI_00668,AOHABJFI_01063,LCPJMJGF_00739
glmM,glmM,Phosphoglucosamine mutase,4,4,1.0,28,7,,,,1353,1353,1353.0,HJHFJAOG_01184,MLMIAKCI_00999,AOHABJFI_00588,LCPJMJGF_01612
tdk,tdk,Thymidine kinase,4,4,1.0,28,6,,,,600,600,600.0,HJHFJAOG_00340,MLMIAKCI_00728,AOHABJFI_01003,LCPJMJGF_00697
group_308,,hypothetical protein,4,4,1.0,28,5,,,,426,426,426.0,HJHFJAOG_01212,MLMIAKCI_02166,AOHABJFI_00616,LCPJMJGF_00718
murT,murT,Lipid II isoglutaminyl synthase (glutamine-hydrolyzing) subunit MurT,4,4,1.0,28,4,,,,1353,1353,1353.0,HJHFJAOG_00341,MLMIAKCI_00729,AOHABJFI_01002,LCPJMJGF_00698
group_307,,hypothetical protein,4,4,1.0,28,3,,,,603,603,603.0,HJHFJAOG_01226,MLMIAKCI_00735,AOHABJFI_00996,LCPJMJGF_00704
group_306,,hypothetical protein,4,4,1.0,28,2,,,,1002,1002,1002.0,HJHFJAOG_01216,MLMIAKCI_02170,AOHABJFI_00620,LCPJMJGF_00714
group_305,,hypothetical protein,4,4,1.0,28,1,,,,1002,1002,1002.0,HJHFJAOG_01210,MLMIAKCI_02164,AOHABJFI_00614,LCPJMJGF_00720
group_300,,IS110 family transposase ISSpn10,4,4,1.0,24,1,,,,1239,1239,1239.0,HJHFJAOG_00246,MLMIAKCI_00475,AOHABJFI_00309,LCPJMJGF_00427
group_299,,hypothetical protein,4,4,1.0,23,39,,,,132,252,222.0,HJHFJAOG_01922,MLMIAKCI_00973,AOHABJFI_00126,LCPJMJGF_02058
group_298,,D-lactate dehydrogenase,4,4,1.0,23,38,,,,1014,1014,1014.0,HJHFJAOG_01921,MLMIAKCI_00972,AOHABJFI_00127,LCPJMJGF_02059
ybaT,ybaT;,Inner membrane transport protein YbaT;hypothetical protein,4,5,1.25,23,36,,,,144,1140,914.4,HJHFJAOG_01899,MLMIAKCI_00601,AOHABJFI_00148,LCPJMJGF_02142;LCPJMJGF_02141
group_295,,hypothetical protein,4,4,1.0,23,34,,,,897,897,897.0,HJHFJAOG_01913,MLMIAKCI_00588,AOHABJFI_00135,LCPJMJGF_01797
ybjI_5,ybjI_5,5-amino-6-(5-phospho-D-ribitylamino)uracil phosphatase YbjI,4,4,1.0,23,33,,,,819,819,819.0,HJHFJAOG_01919,MLMIAKCI_00581,AOHABJFI_00129,LCPJMJGF_01791
group_291,,hypothetical protein,4,4,1.0,23,29,,,,1035,1035,1035.0,HJHFJAOG_01908,MLMIAKCI_00593,AOHABJFI_00140,LCPJMJGF_01802
group_290,,hypothetical protein,4,4,1.0,23,28,,,,573,573,573.0,HJHFJAOG_01909,MLMIAKCI_00592,AOHABJFI_00139,LCPJMJGF_01801
opuBA,opuBA,Choline transport ATP-binding protein OpuBA,4,4,1.0,23,27,,,,762,762,762.0,HJHFJAOG_01912,MLMIAKCI_00589,AOHABJFI_00136,LCPJMJGF_01798
exoA,exoA,Exodeoxyribonuclease,4,4,1.0,23,25,,,,828,828,828.0,HJHFJAOG_01924,MLMIAKCI_00975,AOHABJFI_00123,LCPJMJGF_02057
tetM,tetM,Tetracycline resistance protein TetM from transposon TnFO1,4,4,1.0,23,24,,,,1926,1926,1926.0,HJHFJAOG_01918,MLMIAKCI_00582,AOHABJFI_00130,LCPJMJGF_01792
group_286,,hypothetical protein,4,4,1.0,23,21,,,,1218,1218,1218.0,HJHFJAOG_01928,MLMIAKCI_00979,AOHABJFI_00119,LCPJMJGF_02053
group_283,,hypothetical protein,4,4,1.0,23,18,,,,774,774,774.0,HJHFJAOG_01901,MLMIAKCI_00599,AOHABJFI_00146,LCPJMJGF_02139
def,def,Peptide deformylase,4,4,1.0,23,17,,,,414,414,414.0,HJHFJAOG_01929,MLMIAKCI_00980,AOHABJFI_00118,LCPJMJGF_02052
uvrB_2,uvrB_2,UvrABC system protein B,4,4,1.0,23,16,,,,2829,2829,2829.0,HJHFJAOG_01926,MLMIAKCI_00977,AOHABJFI_00121,LCPJMJGF_02055
oppA_3~~~oppA_2~~~oppA_4,oppA_3;oppA_2;oppA_4,Oligopeptide-binding protein OppA,4,7,1.75,23,15,,,,609,1761,1026.857142857143,HJHFJAOG_01906;HJHFJAOG_01907,MLMIAKCI_00594;MLMIAKCI_00595,AOHABJFI_00141;AOHABJFI_00142,LCPJMJGF_01803
gadC,gadC,Glutamate/gamma-aminobutyrate antiporter,4,4,1.0,23,13,,,,1443,1443,1443.0,HJHFJAOG_01925,MLMIAKCI_00976,AOHABJFI_00122,LCPJMJGF_02056
group_281,,hypothetical protein,4,4,1.0,23,12,,,,183,183,183.0,HJHFJAOG_01910,MLMIAKCI_00591,AOHABJFI_00138,LCPJMJGF_01800
group_280,,hypothetical protein,4,4,1.0,23,11,,,,1335,1335,1335.0,HJHFJAOG_01911,MLMIAKCI_00590,AOHABJFI_00137,LCPJMJGF_01799
group_279,,hypothetical protein,4,4,1.0,23,10,,,,1068,1068,1068.0,HJHFJAOG_01900,MLMIAKCI_00600,AOHABJFI_00147,LCPJMJGF_02140
group_278,,hypothetical protein,4,4,1.0,23,9,,,,1164,1164,1164.0,HJHFJAOG_01927,MLMIAKCI_00978,AOHABJFI_00120,LCPJMJGF_02054
group_277,,hypothetical protein,4,5,1.25,23,8,,,,297,870,670.8,HJHFJAOG_01916,MLMIAKCI_00584;MLMIAKCI_00585,AOHABJFI_00132,LCPJMJGF_01794
group_276,,hypothetical protein,4,4,1.0,23,7,,,,525,525,525.0,HJHFJAOG_01898,MLMIAKCI_00602,AOHABJFI_00149,LCPJMJGF_02143
entS,entS,Enterobactin exporter EntS,4,4,1.0,23,6,,,,1170,1170,1170.0,HJHFJAOG_01920,MLMIAKCI_00580,AOHABJFI_00128,LCPJMJGF_02060
group_275,,hypothetical protein,4,4,1.0,23,5,,,,201,282,221.25,HJHFJAOG_01897,MLMIAKCI_00603,AOHABJFI_00150,LCPJMJGF_02144
yvgN,yvgN,Glyoxal reductase,4,4,1.0,23,3,,,,858,858,858.0,HJHFJAOG_01917,MLMIAKCI_00583,AOHABJFI_00131,LCPJMJGF_01793
yfnB,yfnB,Putative HAD-hydrolase YfnB,4,4,1.0,23,2,,,,708,708,708.0,HJHFJAOG_01915,MLMIAKCI_00586,AOHABJFI_00133,LCPJMJGF_01795
group_273,,hypothetical protein,4,4,1.0,23,1,,,,993,993,993.0,HJHFJAOG_01914,MLMIAKCI_00587,AOHABJFI_00134,LCPJMJGF_01796
ytpP,ytpP,Thioredoxin-like protein YtpP,4,4,1.0,20,36,,,,321,321,321.0,HJHFJAOG_00218,MLMIAKCI_00335,AOHABJFI_00872,LCPJMJGF_01228
group_270,,hypothetical protein,4,4,1.0,20,35,,,,90,486,387.0,HJHFJAOG_00207,MLMIAKCI_00324,AOHABJFI_00883,LCPJMJGF_01217
group_269,,hypothetical protein,4,4,1.0,20,34,,,,462,462,462.0,HJHFJAOG_00210,MLMIAKCI_00327,AOHABJFI_00880,LCPJMJGF_01220
hit,hit,Protein hit,4,4,1.0,20,33,,,,432,432,432.0,HJHFJAOG_00213,MLMIAKCI_00330,AOHABJFI_00877,LCPJMJGF_01223
nrdR,nrdR,Transcriptional repressor NrdR,4,4,1.0,20,32,,,,468,468,468.0,HJHFJAOG_00231,MLMIAKCI_00348,AOHABJFI_01717,LCPJMJGF_01240
group_268,,hypothetical protein,4,4,1.0,20,31,,,,1515,1515,1515.0,HJHFJAOG_00223,MLMIAKCI_00340,AOHABJFI_00866,LCPJMJGF_01233
trmB,trmB,tRNA (guanine-N(7)-)-methyltransferase,4,4,1.0,20,30,,,,657,657,657.0,HJHFJAOG_00216,MLMIAKCI_00333,AOHABJFI_00874,LCPJMJGF_01226
prsA,prsA,Foldase protein PrsA,4,4,1.0,20,28,,,,897,897,897.0,HJHFJAOG_00211,MLMIAKCI_00328,AOHABJFI_00879,LCPJMJGF_01221
ppsA,ppsA,Phosphoenolpyruvate synthase,4,4,1.0,20,27,,,,2373,2373,2373.0,HJHFJAOG_00200,MLMIAKCI_00369,AOHABJFI_00890,LCPJMJGF_00253
mepA_2~~~mepA_1,mepA_2;mepA_1,Multidrug export protein MepA,4,4,1.0,20,26,,,,1251,1335,1272.0,HJHFJAOG_00221,MLMIAKCI_00338,AOHABJFI_00868,LCPJMJGF_01231
pheT_1,pheT_1,Phenylalanine--tRNA ligase beta subunit,4,4,1.0,20,25,,,,648,702,675.0,HJHFJAOG_00219,MLMIAKCI_00336,AOHABJFI_00871,LCPJMJGF_01229
group_266,,hypothetical protein,4,4,1.0,20,24,,,,309,315,310.5,HJHFJAOG_00225,MLMIAKCI_00342,AOHABJFI_01723,LCPJMJGF_01235
rluD_1,rluD_1,Ribosomal large subunit pseudouridine synthase D,4,4,1.0,20,23,,,,858,858,858.0,HJHFJAOG_00201,MLMIAKCI_00318,AOHABJFI_00889,LCPJMJGF_01211
group_265,,hypothetical protein,4,4,1.0,20,22,,,,2496,2496,2496.0,HJHFJAOG_00205,MLMIAKCI_00322,AOHABJFI_00885,LCPJMJGF_01215
group_264,,hypothetical protein,4,4,1.0,20,21,,,,1212,1212,1212.0,HJHFJAOG_00215,MLMIAKCI_00332,AOHABJFI_00875,LCPJMJGF_01225
dnaI,dnaI,Replicative helicase loader DnaI,4,4,1.0,20,20,,,,909,909,909.0,HJHFJAOG_00233,MLMIAKCI_00350,AOHABJFI_01715,LCPJMJGF_01242
polA,polA,DNA polymerase I,4,4,1.0,20,19,,,,2664,2664,2664.0,HJHFJAOG_00228,MLMIAKCI_00345,AOHABJFI_01720,LCPJMJGF_01237
group_262,,hypothetical protein,4,4,1.0,20,17,,,,1218,1218,1218.0,HJHFJAOG_00204,MLMIAKCI_00321,AOHABJFI_00886,LCPJMJGF_01214
group_261,,hypothetical protein,4,4,1.0,20,16,,,,978,978,978.0,HJHFJAOG_00222,MLMIAKCI_00339,AOHABJFI_00867,LCPJMJGF_01232
yhaM,yhaM,3'-5' exoribonuclease YhaM,4,4,1.0,20,15,,,,978,978,978.0,HJHFJAOG_00206,MLMIAKCI_00323,AOHABJFI_00884,LCPJMJGF_01216
group_260,,hypothetical protein,4,4,1.0,20,14,,,,111,228,140.25,HJHFJAOG_00217,MLMIAKCI_00334,AOHABJFI_00873,LCPJMJGF_01227
group_259,,hypothetical protein,4,4,1.0,20,13,,,,780,780,780.0,HJHFJAOG_00208,MLMIAKCI_00325,AOHABJFI_00882,LCPJMJGF_01218
mutM,mutM,Formamidopyrimidine-DNA glycosylase,4,4,1.0,20,12,,,,828,828,828.0,HJHFJAOG_00229,MLMIAKCI_00346,AOHABJFI_01719,LCPJMJGF_01238
dnaB_1,dnaB_1,Replicative helicase loading/DNA remodeling protein DnaB,4,4,1.0,20,11,,,,1335,1335,1335.0,HJHFJAOG_00232,MLMIAKCI_00349,AOHABJFI_01716,LCPJMJGF_01241
group_258,,hypothetical protein,4,4,1.0,20,10,,,,351,351,351.0,HJHFJAOG_00203,MLMIAKCI_00320,AOHABJFI_00887,LCPJMJGF_01213
qmcA,qmcA;,Protein QmcA;hypothetical protein,4,7,1.75,20,9,,,,189,885,503.14285714285717,HJHFJAOG_00226;HJHFJAOG_00227,MLMIAKCI_00343;MLMIAKCI_00344,AOHABJFI_01721;AOHABJFI_01722,LCPJMJGF_01236
pbp2a,pbp2a,Penicillin-binding protein 2a,4,4,1.0,20,8,,,,2058,2058,2058.0,HJHFJAOG_00202,MLMIAKCI_00319,AOHABJFI_00888,LCPJMJGF_01212
group_257,,hypothetical protein,4,4,1.0,20,7,,,,1479,1482,1481.25,HJHFJAOG_00209,MLMIAKCI_00326,AOHABJFI_00881,LCPJMJGF_01219
murC,murC,UDP-N-acetylmuramate--L-alanine ligase,4,4,1.0,20,6,,,,1314,1314,1314.0,HJHFJAOG_00220,MLMIAKCI_00337,AOHABJFI_00869,LCPJMJGF_01230
ecsA,ecsA,ABC-type transporter ATP-binding protein EcsA,4,4,1.0,20,5,,,,744,744,744.0,HJHFJAOG_00214,MLMIAKCI_00331,AOHABJFI_00876,LCPJMJGF_01224
thrS,thrS,Threonine--tRNA ligase,4,4,1.0,20,4,,,,1935,1935,1935.0,HJHFJAOG_00234,MLMIAKCI_00351,AOHABJFI_01714,LCPJMJGF_01243
group_256,,hypothetical protein,4,4,1.0,20,3,,,,975,981,979.5,HJHFJAOG_00224,MLMIAKCI_00341,AOHABJFI_01724,LCPJMJGF_01234
group_255,,hypothetical protein,4,4,1.0,20,2,,,,357,357,357.0,HJHFJAOG_00212,MLMIAKCI_00329,AOHABJFI_00878,LCPJMJGF_01222
coaE,coaE,Dephospho-CoA kinase,4,4,1.0,20,1,,,,603,603,603.0,HJHFJAOG_00230,MLMIAKCI_00347,AOHABJFI_01718,LCPJMJGF_01239
group_253,,hypothetical protein,4,5,1.25,18,4,,,,246,540,429.0,HJHFJAOG_00190,MLMIAKCI_01940;MLMIAKCI_01939,AOHABJFI_00349,LCPJMJGF_00256
group_252,,hypothetical protein,4,4,1.0,18,3,,,,204,204,204.0,HJHFJAOG_00191,MLMIAKCI_01938,AOHABJFI_00348,LCPJMJGF_00255
group_251,,hypothetical protein,4,4,1.0,18,2,,,,525,525,525.0,HJHFJAOG_00189,MLMIAKCI_01941,AOHABJFI_00350,LCPJMJGF_00257
menA_1,menA_1,14-dihydroxy-2-naphthoate octaprenyltransferase,4,4,1.0,18,1,,,,879,879,879.0,HJHFJAOG_00192,MLMIAKCI_01937,AOHABJFI_00430,LCPJMJGF_00254
group_250,,hypothetical protein,4,4,1.0,17,19,,,,654,654,654.0,HJHFJAOG_01259,MLMIAKCI_02116,AOHABJFI_02302,LCPJMJGF_02021
lemA,lemA,Protein LemA,4,4,1.0,17,18,,,,561,561,561.0,HJHFJAOG_01255,MLMIAKCI_02112,AOHABJFI_02211,LCPJMJGF_02017
gla,gla,Glycerol facilitator-aquaporin gla,4,4,1.0,17,17,,,,753,753,753.0,HJHFJAOG_01263,MLMIAKCI_00421,AOHABJFI_00244,LCPJMJGF_00262
group_249,,hypothetical protein,4,4,1.0,17,16,,,,942,942,942.0,HJHFJAOG_01257,MLMIAKCI_02114,AOHABJFI_02213,LCPJMJGF_02019
group_247,,hypothetical protein,4,4,1.0,17,14,,,,1779,1779,1779.0,HJHFJAOG_01252,MLMIAKCI_02109,AOHABJFI_02208,LCPJMJGF_02014
group_246,,hypothetical protein,4,4,1.0,17,13,,,,735,735,735.0,HJHFJAOG_00188,MLMIAKCI_02118,AOHABJFI_02304,LCPJMJGF_02023
htpX,htpX,Protease HtpX,4,4,1.0,17,10,,,,897,897,897.0,HJHFJAOG_01256,MLMIAKCI_02113,AOHABJFI_02212,LCPJMJGF_02018
pspB_1,pspB_1,Putative phosphoserine phosphatase 2,4,4,1.0,17,9,,,,567,567,567.0,HJHFJAOG_00352,MLMIAKCI_00420,AOHABJFI_00243,LCPJMJGF_00263
group_244,,hypothetical protein,4,4,1.0,17,8,,,,405,405,405.0,HJHFJAOG_01253,MLMIAKCI_02110,AOHABJFI_02209,LCPJMJGF_02015
group_243,,hypothetical protein,4,4,1.0,17,7,,,,123,123,123.0,HJHFJAOG_01264,MLMIAKCI_00422,AOHABJFI_00245,LCPJMJGF_00261
group_242,,hypothetical protein,4,4,1.0,17,6,,,,1128,1128,1128.0,HJHFJAOG_00187,MLMIAKCI_02119,AOHABJFI_02305,LCPJMJGF_02024
ybiR,ybiR,Inner membrane protein YbiR,4,4,1.0,17,4,,,,1107,1107,1107.0,HJHFJAOG_01254,MLMIAKCI_02111,AOHABJFI_02210,LCPJMJGF_02016
group_240,,hypothetical protein,4,4,1.0,17,3,,,,141,141,141.0,HJHFJAOG_01251,MLMIAKCI_02108,AOHABJFI_02207,LCPJMJGF_02013
pip,pip,Proline iminopeptidase,4,4,1.0,17,2,,,,882,882,882.0,HJHFJAOG_01260,MLMIAKCI_02117,AOHABJFI_02303,LCPJMJGF_02022
ykoD_1,ykoD_1,Putative HMP/thiamine import ATP-binding protein YkoD,4,4,1.0,17,1,,,,1353,1353,1353.0,HJHFJAOG_01258,MLMIAKCI_02115,AOHABJFI_02301,LCPJMJGF_02020
hpt_2~~~hpt_1,hpt_2;hpt_1,Hypoxanthine-guanine phosphoribosyltransferase,4,4,1.0,16,9,,,,534,534,534.0,HJHFJAOG_01461,MLMIAKCI_02321,AOHABJFI_02176,LCPJMJGF_00817
group_239,,hypothetical protein,4,4,1.0,16,8,,,,2148,2157,2152.5,HJHFJAOG_01459,MLMIAKCI_02319,AOHABJFI_02174,LCPJMJGF_00819
group_238,,hypothetical protein,4,4,1.0,16,7,,,,564,567,564.75,HJHFJAOG_01460,MLMIAKCI_02320,AOHABJFI_02175,LCPJMJGF_00818
group_236,,hypothetical protein,4,4,1.0,16,5,,,,543,543,543.0,HJHFJAOG_00184,MLMIAKCI_00405,AOHABJFI_02177,LCPJMJGF_00816
group_234,,hypothetical protein,4,4,1.0,16,3,,,,834,834,834.0,HJHFJAOG_00185,MLMIAKCI_00406,AOHABJFI_02178,LCPJMJGF_00815
group_232,,hypothetical protein,4,4,1.0,15,132,,,,159,159,159.0,HJHFJAOG_01285,MLMIAKCI_01659,AOHABJFI_01438,LCPJMJGF_02049
lacA,lacA,Galactoside O-acetyltransferase,4,4,1.0,15,130,,,,615,615,615.0,HJHFJAOG_01348,MLMIAKCI_00546,AOHABJFI_01513,LCPJMJGF_00346
group_228,,hypothetical protein,4,4,1.0,15,127,,,,438,438,438.0,HJHFJAOG_01281,MLMIAKCI_00533,AOHABJFI_01442,LCPJMJGF_00358
clpY,clpY,ATP-dependent protease ATPase subunit ClpY,4,4,1.0,15,124,,,,1398,1398,1398.0,HJHFJAOG_01075,MLMIAKCI_01022,AOHABJFI_01548,LCPJMJGF_00325
xerC_3,xerC_3,Tyrosine recombinase XerC,4,4,1.0,15,122,,,,816,816,816.0,HJHFJAOG_00968,MLMIAKCI_00562,AOHABJFI_01501,LCPJMJGF_00330
pepV,pepV,Beta-Ala-Xaa dipeptidase,4,4,1.0,15,120,,,,1407,1407,1407.0,HJHFJAOG_00963,MLMIAKCI_00557,AOHABJFI_01506,LCPJMJGF_00335
group_223,,hypothetical protein,4,4,1.0,15,118,,,,633,633,633.0,HJHFJAOG_01984,MLMIAKCI_00548,AOHABJFI_02292,LCPJMJGF_00344
group_221,,hypothetical protein,4,4,1.0,15,116,,,,1203,1302,1252.5,HJHFJAOG_01288,MLMIAKCI_01662,AOHABJFI_01435,LCPJMJGF_02046
group_220,,hypothetical protein,4,4,1.0,15,115,,,,2094,2094,2094.0,HJHFJAOG_01286,MLMIAKCI_01660,AOHABJFI_01437,LCPJMJGF_02048
yvbK,yvbK,putative N-acetyltransferase YvbK,4,4,1.0,15,113,,,,450,450,450.0,HJHFJAOG_01349,MLMIAKCI_00547,AOHABJFI_01512,LCPJMJGF_00345
group_214,,hypothetical protein,4,4,1.0,15,108,,,,453,453,453.0,HJHFJAOG_00347,MLMIAKCI_00551,AOHABJFI_02289,LCPJMJGF_00341
pdxK,pdxK,Pyridoxine/pyridoxal/pyridoxamine kinase,4,4,1.0,15,107,,,,831,831,831.0,HJHFJAOG_01346,MLMIAKCI_00544,AOHABJFI_01515,LCPJMJGF_00348
group_212,,hypothetical protein,4,6,1.5,15,105,,,,279,693,428.0,HJHFJAOG_01079;HJHFJAOG_01078,MLMIAKCI_02029;MLMIAKCI_02030,AOHABJFI_01500,LCPJMJGF_00329
group_211,,hypothetical protein,4,4,1.0,15,104,,,,456,456,456.0,HJHFJAOG_01343,MLMIAKCI_00541,AOHABJFI_01518,LCPJMJGF_00351
ycaM_1,ycaM_1,Inner membrane transporter YcaM,4,4,1.0,15,103,,,,1473,1473,1473.0,HJHFJAOG_00961,MLMIAKCI_00555,AOHABJFI_01508,LCPJMJGF_00337
rbgA,rbgA,Ribosome biogenesis GTPase A,4,4,1.0,15,101,,,,840,840,840.0,HJHFJAOG_01068,MLMIAKCI_01015,AOHABJFI_01555,LCPJMJGF_00318
group_208,,hypothetical protein,4,4,1.0,15,99,,,,849,849,849.0,HJHFJAOG_01070,MLMIAKCI_01017,AOHABJFI_01553,LCPJMJGF_00320
group_206,,hypothetical protein,4,4,1.0,15,97,,,,300,426,394.5,HJHFJAOG_01065,MLMIAKCI_01012,AOHABJFI_01558,LCPJMJGF_00315
group_203,,hypothetical protein,4,4,1.0,15,94,,,,666,666,666.0,HJHFJAOG_01062,MLMIAKCI_01009,AOHABJFI_01561,LCPJMJGF_00312
sacP,sacP;,PTS system sucrose-specific EIIBC component;hypothetical protein,4,5,1.25,15,91,,,,765,1935,1533.0,HJHFJAOG_01339,MLMIAKCI_00537;MLMIAKCI_00536,AOHABJFI_01522,LCPJMJGF_00355
group_197,,hypothetical protein,4,4,1.0,15,86,,,,216,216,216.0,0_refound_4,1_refound_17,2_refound_31,LCPJMJGF_00316
group_195,,DegV domain-containing protein,4,4,1.0,15,84,,,,834,852,847.5,HJHFJAOG_01063,MLMIAKCI_01010,AOHABJFI_01560,LCPJMJGF_00313
group_194,,hypothetical protein,4,4,1.0,15,82,,,,501,501,501.0,HJHFJAOG_01059,MLMIAKCI_01006,AOHABJFI_01619,LCPJMJGF_00309
treA,treA,Trehalose-6-phosphate hydrolase,4,4,1.0,15,81,,,,1668,1668,1668.0,HJHFJAOG_01337,MLMIAKCI_00534,AOHABJFI_01524,LCPJMJGF_00357
group_193,,hypothetical protein,4,4,1.0,15,80,,,,231,231,231.0,HJHFJAOG_00965,MLMIAKCI_00559,AOHABJFI_01504,LCPJMJGF_00333
yokD,yokD,SPbeta prophage-derived aminoglycoside N(3')-acetyltransferase-like protein YokD,4,4,1.0,15,79,,,,816,894,855.0,HJHFJAOG_00183,MLMIAKCI_00221,AOHABJFI_01622,LCPJMJGF_00306
group_192,,hypothetical protein,4,4,1.0,15,78,,,,504,504,504.0,HJHFJAOG_00236,MLMIAKCI_00224,AOHABJFI_01625,LCPJMJGF_00303
group_191,,hypothetical protein,4,4,1.0,15,77,,,,507,507,507.0,HJHFJAOG_00962,MLMIAKCI_00556,AOHABJFI_01507,LCPJMJGF_00336
fluC1,fluC1,Fluoride-specific ion channel FluC 1,4,4,1.0,15,76,,,,339,399,384.0,HJHFJAOG_00967,MLMIAKCI_00561,AOHABJFI_01502,LCPJMJGF_00331
group_190,,hypothetical protein,4,4,1.0,15,75,,,,885,885,885.0,HJHFJAOG_01060,MLMIAKCI_01007,AOHABJFI_01563,LCPJMJGF_00310
hsdM,hsdM,Type I restriction enzyme EcoKI methylase subunit,4,4,1.0,15,73,,,,1452,1458,1455.0,HJHFJAOG_01290,MLMIAKCI_01663,AOHABJFI_01433,LCPJMJGF_02045
recQ,recQ,ATP-dependent DNA helicase RecQ,4,4,1.0,15,72,,,,1770,1770,1770.0,HJHFJAOG_00958,MLMIAKCI_00552,AOHABJFI_01511,LCPJMJGF_00340
group_188,,hypothetical protein;putative transporter,4,7,1.75,15,71,,,,255,1311,610.2857142857143,HJHFJAOG_01058,MLMIAKCI_00220;MLMIAKCI_01005,AOHABJFI_01621;AOHABJFI_01620,LCPJMJGF_00307;LCPJMJGF_00308
group_185,,hypothetical protein,4,4,1.0,15,68,,,,366,366,366.0,HJHFJAOG_01283,MLMIAKCI_01657,AOHABJFI_01440,LCPJMJGF_02051
lacX,lacX,Protein LacX plasmid,4,4,1.0,15,67,,,,897,897,897.0,HJHFJAOG_01076,MLMIAKCI_01023,AOHABJFI_01497,LCPJMJGF_00326
group_184,,hypothetical protein,4,4,1.0,15,66,,,,231,231,231.0,HJHFJAOG_01064,MLMIAKCI_01011,AOHABJFI_01559,LCPJMJGF_00314
hslV,hslV,ATP-dependent protease subunit HslV,4,4,1.0,15,65,,,,525,525,525.0,HJHFJAOG_01074,MLMIAKCI_01021,AOHABJFI_01549,LCPJMJGF_00324
dap,dap,D-aminopeptidase,4,4,1.0,15,64,,,,1200,1200,1200.0,HJHFJAOG_01347,MLMIAKCI_00545,AOHABJFI_01514,LCPJMJGF_00347
cca,cca,CCA-adding enzyme,4,4,1.0,15,63,,,,1200,1200,1200.0,HJHFJAOG_01061,MLMIAKCI_01008,AOHABJFI_01562,LCPJMJGF_00311
group_182,,hypothetical protein,4,4,1.0,15,60,,,,1206,1206,1206.0,HJHFJAOG_01344,MLMIAKCI_00542,AOHABJFI_01517,LCPJMJGF_00350
rarA_1~~~rarA_2,rarA_1;rarA_2,Replication-associated recombination protein A,4,4,1.0,15,58,,,,1209,1263,1249.5,HJHFJAOG_01341,MLMIAKCI_00539,AOHABJFI_01520,LCPJMJGF_00353
xerC_4,xerC_4,Tyrosine recombinase XerC,4,4,1.0,15,54,,,,909,909,909.0,HJHFJAOG_01073,MLMIAKCI_01020,AOHABJFI_01550,LCPJMJGF_00323
cpdA_1,cpdA_1,3'5'-cyclic adenosine monophosphate phosphodiesterase CpdA,4,4,1.0,15,51,,,,1227,1227,1227.0,HJHFJAOG_01284,MLMIAKCI_01658,AOHABJFI_01439,LCPJMJGF_02050
treR,treR,HTH-type transcriptional regulator TreR,4,4,1.0,15,50,,,,726,726,726.0,HJHFJAOG_01338,MLMIAKCI_00535,AOHABJFI_01523,LCPJMJGF_00356
fluC2,fluC2,Fluoride-specific ion channel FluC 2,4,4,1.0,15,49,,,,378,378,378.0,HJHFJAOG_00966,MLMIAKCI_00560,AOHABJFI_01503,LCPJMJGF_00332
odcI,odcI,Inducible ornithine decarboxylase,4,4,1.0,15,43,,,,2088,2088,2088.0,HJHFJAOG_00960,MLMIAKCI_00554,AOHABJFI_01509,LCPJMJGF_00338
topA,topA,DNA topoisomerase 1,4,4,1.0,15,41,,,,2112,2112,2112.0,HJHFJAOG_01071,MLMIAKCI_01018,AOHABJFI_01552,LCPJMJGF_00321
group_171,,hypothetical protein,4,7,1.75,15,40,,,,357,825,537.4285714285714,HJHFJAOG_01066;HJHFJAOG_01067,MLMIAKCI_01013;MLMIAKCI_01014,AOHABJFI_01556;AOHABJFI_01557,LCPJMJGF_00317
group_168,,hypothetical protein,4,4,1.0,15,37,,,,1260,1260,1260.0,HJHFJAOG_00959,MLMIAKCI_00553,AOHABJFI_01510,LCPJMJGF_00339
rnhB,rnhB,Ribonuclease HII,4,4,1.0,15,34,,,,753,753,753.0,HJHFJAOG_01069,MLMIAKCI_01016,AOHABJFI_01554,LCPJMJGF_00319
group_165,,hypothetical protein,4,4,1.0,15,33,,,,1278,1278,1278.0,HJHFJAOG_01282,MLMIAKCI_01656,AOHABJFI_01441,LCPJMJGF_00359
pepT_1,pepT_1,Peptidase T,4,4,1.0,15,32,,,,1284,1284,1284.0,HJHFJAOG_01342,MLMIAKCI_00540,AOHABJFI_01519,LCPJMJGF_00352
group_157,,hypothetical protein,4,4,1.0,15,24,,,,567,567,567.0,HJHFJAOG_01345,MLMIAKCI_00543,AOHABJFI_01516,LCPJMJGF_00349
spx_1,spx_1,Global transcriptional regulator Spx,4,4,1.0,15,23,,,,402,402,402.0,HJHFJAOG_01340,MLMIAKCI_00538,AOHABJFI_01521,LCPJMJGF_00354
uvrA_2,uvrA_2,UvrABC system protein A,4,4,1.0,15,21,,,,2514,2514,2514.0,HJHFJAOG_01986,MLMIAKCI_00550,AOHABJFI_02290,LCPJMJGF_00342
group_154,,hypothetical protein,4,4,1.0,15,19,,,,765,765,765.0,HJHFJAOG_00182,MLMIAKCI_00222,AOHABJFI_01623,LCPJMJGF_00305
trmFO,trmFO,Methylenetetrahydrofolate--tRNA-(uracil-5-)-methyltransferase TrmFO,4,4,1.0,15,14,,,,1317,1317,1317.0,HJHFJAOG_01072,MLMIAKCI_01019,AOHABJFI_01551,LCPJMJGF_00322
rocE,rocE,Amino-acid permease RocE,4,4,1.0,15,12,,,,777,777,777.0,HJHFJAOG_00964,MLMIAKCI_00558,AOHABJFI_01505,LCPJMJGF_00334
hsdR,hsdR,Type I restriction enzyme EcoKI endonuclease subunit,4,4,1.0,15,8,,,,3219,3219,3219.0,HJHFJAOG_01287,MLMIAKCI_01661,AOHABJFI_01436,LCPJMJGF_02047
mmuM,mmuM,Homocysteine S-methyltransferase,4,4,1.0,15,5,,,,990,990,990.0,HJHFJAOG_01985,MLMIAKCI_00549,AOHABJFI_02291,LCPJMJGF_00343
ytbE,;ytbE,Aldo-keto reductase/MSMEI_2347;putative oxidoreductase YtbE,4,6,1.5,15,2,,,,264,822,503.0,HJHFJAOG_01077,MLMIAKCI_01024,AOHABJFI_01498;AOHABJFI_01499,LCPJMJGF_00328;LCPJMJGF_00327
group_142,,Aldo-keto reductase/MSMEI_2347,4,4,1.0,14,3,,,,837,837,837.0,HJHFJAOG_00179,MLMIAKCI_00413,AOHABJFI_00177,LCPJMJGF_00246
group_141,,hypothetical protein,4,4,1.0,14,2,,,,273,273,273.0,HJHFJAOG_00178,MLMIAKCI_00414,AOHABJFI_00176,LCPJMJGF_00245
group_140,,hypothetical protein,4,4,1.0,14,1,,,,471,471,471.0,HJHFJAOG_00180,MLMIAKCI_00412,AOHABJFI_00178,LCPJMJGF_00247
yjeM_3,yjeM_3,Inner membrane transporter YjeM,4,4,1.0,9,39,,,,1497,1497,1497.0,HJHFJAOG_01712,MLMIAKCI_01148,AOHABJFI_01683,LCPJMJGF_01253
ackA_4~~~ackA_3~~~ackA_1,ackA_4;ackA_3;ackA_1,Acetate kinase,4,6,1.5,9,38,,,,213,1200,714.5,HJHFJAOG_01711;HJHFJAOG_01710,MLMIAKCI_01149,AOHABJFI_01684,LCPJMJGF_01251;LCPJMJGF_01252
lacM,lacM,Beta-galactosidase small subunit,4,4,1.0,9,37,,,,951,954,953.25,HJHFJAOG_01235,MLMIAKCI_01551,AOHABJFI_01447,LCPJMJGF_01537
ywaC,ywaC,GTP pyrophosphokinase YwaC,4,4,1.0,9,35,,,,561,615,587.25,HJHFJAOG_01723,MLMIAKCI_01138,AOHABJFI_01672,LCPJMJGF_01263
group_133,,hypothetical protein,4,5,1.25,9,33,,,,594,1500,1197.0,HJHFJAOG_01715;HJHFJAOG_01714,MLMIAKCI_01146,AOHABJFI_01680,LCPJMJGF_01254
lacZ,lacZ,Beta-galactosidase LacZ,4,4,1.0,9,31,,,,2004,2007,2004.75,HJHFJAOG_01241,MLMIAKCI_01547,AOHABJFI_01451,LCPJMJGF_01275
group_131,,hypothetical protein,4,4,1.0,9,30,,,,405,405,405.0,HJHFJAOG_01718,MLMIAKCI_01143,AOHABJFI_01677,LCPJMJGF_01259
cytR~~~ccpA_1,cytR;ccpA_1,HTH-type transcriptional repressor CytR;Catabolite control protein A,4,4,1.0,9,28,,,,957,957,957.0,HJHFJAOG_00198,MLMIAKCI_01131,AOHABJFI_00228,LCPJMJGF_01270
group_130,,hypothetical protein,4,4,1.0,9,27,,,,663,663,663.0,HJHFJAOG_00167,MLMIAKCI_00129,AOHABJFI_01856,LCPJMJGF_01246
dapE_1~~~dapE_2~~~dapE,dapE_1;dapE_2;dapE,putative succinyl-diaminopimelate desuccinylase,4,6,1.5,9,26,,,,411,1074,717.0,HJHFJAOG_00170;HJHFJAOG_00171,MLMIAKCI_00133;MLMIAKCI_00132,AOHABJFI_01686,LCPJMJGF_01249
lacR_1~~~lacR,lacR_1;lacR,HTH-type transcriptional regulator LacR,4,4,1.0,9,25,,,,1005,1008,1005.75,HJHFJAOG_01238,MLMIAKCI_01549,AOHABJFI_01449,LCPJMJGF_01535
group_129,,hypothetical protein,4,4,1.0,9,24,,,,234,234,234.0,HJHFJAOG_00199,MLMIAKCI_01130,AOHABJFI_00227,LCPJMJGF_01271
czcR~~~trcR_2~~~trcR_1,czcR;trcR_2;trcR_1,Transcriptional activator protein CzcR;Transcriptional regulatory protein TrcR,4,6,1.5,9,21,,,,228,666,444.0,HJHFJAOG_01722,MLMIAKCI_01139;MLMIAKCI_01140,AOHABJFI_01674;AOHABJFI_01673,LCPJMJGF_01262
lacR_2~~~melR,lacR_2;melR,HTH-type transcriptional regulator LacR;HTH-type transcriptional repressor MelR,4,4,1.0,9,18,,,,453,1032,887.25,HJHFJAOG_01231,MLMIAKCI_01555,AOHABJFI_01443,LCPJMJGF_01541
group_125,,hypothetical protein,4,4,1.0,9,17,,,,591,591,591.0,HJHFJAOG_01232,MLMIAKCI_01554,AOHABJFI_01444,LCPJMJGF_01540
lacL~~~lacL_1~~~lacL_2,lacL;lacL_1;lacL_2,Beta-galactosidase large subunit,4,5,1.25,9,15,,,,456,1881,1491.0,HJHFJAOG_01237;HJHFJAOG_01236,MLMIAKCI_01550,AOHABJFI_01448,LCPJMJGF_01536
lacS~~~lacS_1~~~lacS_2,lacS;lacS_1;lacS_2,Lactose permease,4,5,1.25,9,14,,,,738,1920,1538.4,HJHFJAOG_01239;HJHFJAOG_01240,MLMIAKCI_01548,AOHABJFI_01450,LCPJMJGF_01276
group_123,,hypothetical protein,4,4,1.0,9,13,,,,513,513,513.0,HJHFJAOG_01717,MLMIAKCI_01144,AOHABJFI_01678,LCPJMJGF_01258
sasA_3~~~baeS~~~sasA_4,;sasA_3;baeS;sasA_4,hypothetical protein;Adaptive-response sensory-kinase SasA;Signal transduction histidine-protein kinase BaeS,4,5,1.25,9,12,,,,582,1278,1023.0,HJHFJAOG_01720;HJHFJAOG_01721,MLMIAKCI_01141,AOHABJFI_01675,LCPJMJGF_01261
msmE_1,msmE_1,Multiple sugar-binding protein,4,4,1.0,9,11,,,,792,1257,1024.5,HJHFJAOG_00197,MLMIAKCI_01132,AOHABJFI_00229,LCPJMJGF_01269
group_122,,hypothetical protein,4,4,1.0,9,9,,,,876,876,876.0,HJHFJAOG_01233,MLMIAKCI_01553,AOHABJFI_01445,LCPJMJGF_01539
galK_1,galK_1,Galactokinase,4,4,1.0,9,8,,,,1164,1164,1164.0,HJHFJAOG_01242,MLMIAKCI_01546,AOHABJFI_01452,LCPJMJGF_01274
galE,galE,UDP-glucose 4-epimerase,4,4,1.0,9,6,,,,993,993,993.0,HJHFJAOG_01234,MLMIAKCI_01552,AOHABJFI_01446,LCPJMJGF_01538
galT,galT,Galactose-1-phosphate uridylyltransferase,4,4,1.0,9,5,,,,1470,1470,1470.0,HJHFJAOG_01243,MLMIAKCI_01545,AOHABJFI_01453,LCPJMJGF_01273
yfcJ,yfcJ,putative MFS-type transporter YfcJ,4,4,1.0,9,4,,,,1173,1173,1173.0,HJHFJAOG_01719,MLMIAKCI_01142,AOHABJFI_01676,LCPJMJGF_01260
group_121,,hypothetical protein,4,4,1.0,9,3,,,,315,315,315.0,HJHFJAOG_00169,MLMIAKCI_00131,AOHABJFI_01854,LCPJMJGF_01248
galM,galM,Aldose 1-epimerase,4,4,1.0,9,2,,,,996,996,996.0,HJHFJAOG_01244,MLMIAKCI_01129,AOHABJFI_01454,LCPJMJGF_01272
sdhA,sdhA,L-serine dehydratase alpha chain,4,4,1.0,9,1,,,,882,882,882.0,HJHFJAOG_00168,MLMIAKCI_00130,AOHABJFI_01855,LCPJMJGF_01247
group_120,,hypothetical protein,4,4,1.0,8,3,,,,1095,1095,1095.0,HJHFJAOG_00164,MLMIAKCI_00358,AOHABJFI_00252,LCPJMJGF_00179
ybhL_1,ybhL_1,Inner membrane protein YbhL,4,4,1.0,8,2,,,,330,330,330.0,HJHFJAOG_00166,MLMIAKCI_00357,AOHABJFI_00250,LCPJMJGF_00181
dapF,dapF,Diaminopimelate epimerase,4,4,1.0,6,33,,,,1005,1005,1005.0,HJHFJAOG_00152,MLMIAKCI_00382,AOHABJFI_00458,LCPJMJGF_01507
clpX,clpX,ATP-dependent Clp protease ATP-binding subunit ClpX,4,4,1.0,6,32,,,,1266,1266,1266.0,HJHFJAOG_00148,MLMIAKCI_00386,AOHABJFI_00454,LCPJMJGF_01503
ftsW,ftsW,putative peptidoglycan glycosyltransferase FtsW,4,4,1.0,6,31,,,,1185,1185,1185.0,HJHFJAOG_00134,MLMIAKCI_00400,AOHABJFI_00440,LCPJMJGF_01489
fmtA,fmtA,Teichoic acid D-alanine hydrolase,4,4,1.0,6,30,,,,1104,1104,1104.0,HJHFJAOG_00161,MLMIAKCI_00373,AOHABJFI_00467,LCPJMJGF_01695
tuf,tuf,Elongation factor Tu,4,4,1.0,6,29,,,,1191,1191,1191.0,HJHFJAOG_00146,MLMIAKCI_00388,AOHABJFI_00452,LCPJMJGF_01501
comEC,comEC,ComE operon protein 3,4,4,1.0,6,28,,,,2289,2289,2289.0,HJHFJAOG_00140,MLMIAKCI_00394,AOHABJFI_00446,LCPJMJGF_01495
rnj2,rnj2,Ribonuclease J 2,4,4,1.0,6,27,,,,1785,1785,1785.0,HJHFJAOG_00144,MLMIAKCI_00390,AOHABJFI_00450,LCPJMJGF_01499
rpsT,rpsT,Small ribosomal subunit protein bS20,4,4,1.0,6,26,,,,258,258,258.0,HJHFJAOG_00142,MLMIAKCI_00392,AOHABJFI_00448,LCPJMJGF_01497
yjeM_2,yjeM_2,Inner membrane transporter YjeM,4,4,1.0,6,25,,,,1017,1017,1017.0,HJHFJAOG_00151,MLMIAKCI_00383,AOHABJFI_00457,LCPJMJGF_01506
dapH,dapH,2345-tetrahydropyridine-26-dicarboxylate N-acetyltransferase,4,4,1.0,6,24,,,,708,708,708.0,HJHFJAOG_00155,MLMIAKCI_00379,AOHABJFI_00461,LCPJMJGF_01701
yjeM_1,yjeM_1,Inner membrane transporter YjeM,4,4,1.0,6,23,,,,261,261,261.0,HJHFJAOG_00150,MLMIAKCI_00384,AOHABJFI_00456,LCPJMJGF_01505
bipA,bipA,Large ribosomal subunit assembly factor BipA,4,4,1.0,6,22,,,,1845,1845,1845.0,HJHFJAOG_00133,MLMIAKCI_00401,AOHABJFI_00439,LCPJMJGF_01488
coaD,coaD,Phosphopantetheine adenylyltransferase,4,4,1.0,6,21,,,,486,486,486.0,HJHFJAOG_00137,MLMIAKCI_00397,AOHABJFI_00443,LCPJMJGF_01492
group_117,,hypothetical protein,4,4,1.0,6,20,,,,1611,1611,1611.0,HJHFJAOG_00162,MLMIAKCI_00372,AOHABJFI_00468,LCPJMJGF_01694
rpsO,rpsO,Small ribosomal subunit protein uS15,4,4,1.0,6,19,,,,270,270,270.0,HJHFJAOG_00143,MLMIAKCI_00391,AOHABJFI_00449,LCPJMJGF_01498
ylbL,ylbL,putative protein YlbL,4,4,1.0,6,18,,,,1044,1044,1044.0,HJHFJAOG_00138,MLMIAKCI_00396,AOHABJFI_00444,LCPJMJGF_01493
group_116,,hypothetical protein,4,4,1.0,6,17,,,,345,345,345.0,HJHFJAOG_00135,MLMIAKCI_00399,AOHABJFI_00441,LCPJMJGF_01490
engB,engB,putative GTP-binding protein EngB,4,4,1.0,6,16,,,,591,591,591.0,HJHFJAOG_00149,MLMIAKCI_00385,AOHABJFI_00455,LCPJMJGF_01504
asd,asd,Aspartate-semialdehyde dehydrogenase,4,4,1.0,6,15,,,,1059,1059,1059.0,HJHFJAOG_00160,MLMIAKCI_00374,AOHABJFI_00466,LCPJMJGF_01696
group_115,,N-acetyldiaminopimelate deacetylase,4,4,1.0,6,14,,,,1155,1155,1155.0,HJHFJAOG_00156,MLMIAKCI_00378,AOHABJFI_00462,LCPJMJGF_01700
tig,tig,Trigger factor,4,4,1.0,6,13,,,,1332,1332,1332.0,HJHFJAOG_00147,MLMIAKCI_00387,AOHABJFI_00453,LCPJMJGF_01502
dapB,dapB,4-hydroxy-tetrahydrodipicolinate reductase,4,4,1.0,6,12,,,,780,780,780.0,HJHFJAOG_00158,MLMIAKCI_00376,AOHABJFI_00464,LCPJMJGF_01698
lysA,lysA,Diaminopimelate decarboxylase,4,4,1.0,6,11,,,,1311,1359,1323.0,HJHFJAOG_00154,MLMIAKCI_00380,AOHABJFI_00460,LCPJMJGF_01702
holA,holA,DNA polymerase III subunit delta,4,4,1.0,6,10,,,,987,987,987.0,HJHFJAOG_00141,MLMIAKCI_00393,AOHABJFI_00447,LCPJMJGF_01496
rnj1,rnj1,Ribonuclease J 1,4,4,1.0,6,9,,,,1680,1680,1680.0,HJHFJAOG_00130,MLMIAKCI_00404,AOHABJFI_00436,LCPJMJGF_01485
rsmD,rsmD,Ribosomal RNA small subunit methyltransferase D,4,4,1.0,6,8,,,,549,549,549.0,HJHFJAOG_00136,MLMIAKCI_00398,AOHABJFI_00442,LCPJMJGF_01491
group_114,,hypothetical protein,4,4,1.0,6,7,,,,690,690,690.0,HJHFJAOG_00139,MLMIAKCI_00395,AOHABJFI_00445,LCPJMJGF_01494
rpoY,rpoY,DNA-directed RNA polymerase subunit epsilon,4,4,1.0,6,6,,,,222,222,222.0,HJHFJAOG_00131,MLMIAKCI_00403,AOHABJFI_00437,LCPJMJGF_01486
dapA,dapA,4-hydroxy-tetrahydrodipicolinate synthase,4,4,1.0,6,5,,,,927,927,927.0,HJHFJAOG_00157,MLMIAKCI_00377,AOHABJFI_00463,LCPJMJGF_01699
group_113,,hypothetical protein,4,4,1.0,6,4,,,,834,834,834.0,HJHFJAOG_00145,MLMIAKCI_00389,AOHABJFI_00451,LCPJMJGF_01500
dapX_1,dapX_1,putative N-acetyl-LL-diaminopimelate aminotransferase,4,4,1.0,6,3,,,,1176,1176,1176.0,HJHFJAOG_00159,MLMIAKCI_00375,AOHABJFI_00465,LCPJMJGF_01697
yclM_1,yclM_1,Aspartokinase 3,4,4,1.0,6,2,,,,1356,1356,1356.0,HJHFJAOG_00153,MLMIAKCI_00381,AOHABJFI_00459,LCPJMJGF_01508
def2,def2,Peptide deformylase 2,4,4,1.0,6,1,,,,555,555,555.0,HJHFJAOG_00132,MLMIAKCI_00402,AOHABJFI_00438,LCPJMJGF_01487
group_112,,hypothetical protein,4,4,1.0,5,68,,,,837,837,837.0,HJHFJAOG_00354,MLMIAKCI_01065,AOHABJFI_02119,LCPJMJGF_01663
rsmB,rsmB,Ribosomal RNA small subunit methyltransferase B,4,4,1.0,5,67,,,,1362,1362,1362.0,HJHFJAOG_00372,MLMIAKCI_01083,AOHABJFI_02137,LCPJMJGF_01636
group_110,,hypothetical protein,4,4,1.0,5,65,,,,282,282,282.0,HJHFJAOG_00117,MLMIAKCI_01046,AOHABJFI_02100,LCPJMJGF_01644
group_109,,hypothetical protein,4,4,1.0,5,64,,,,1794,1794,1794.0,HJHFJAOG_01353,MLMIAKCI_01061,AOHABJFI_02115,LCPJMJGF_01658
acpP,acpP,Acyl carrier protein,4,4,1.0,5,63,,,,243,243,243.0,HJHFJAOG_00384,MLMIAKCI_01095,AOHABJFI_02149,LCPJMJGF_02101
group_108,,putative protein,4,4,1.0,5,62,,,,432,432,432.0,HJHFJAOG_00359,MLMIAKCI_01070,AOHABJFI_02124,LCPJMJGF_01623
group_107,,Farnesyl diphosphate synthase,4,4,1.0,5,61,,,,870,870,870.0,HJHFJAOG_00364,MLMIAKCI_01075,AOHABJFI_02129,LCPJMJGF_01628
xseA,xseA,Exodeoxyribonuclease 7 large subunit,4,4,1.0,5,60,,,,1368,1368,1368.0,HJHFJAOG_00362,MLMIAKCI_01073,AOHABJFI_02127,LCPJMJGF_01626
rsgA,rsgA,Small ribosomal subunit biogenesis GTPase RsgA,4,4,1.0,5,59,,,,891,891,891.0,HJHFJAOG_00375,MLMIAKCI_01086,AOHABJFI_02140,LCPJMJGF_01639
group_106,,hypothetical protein,4,4,1.0,5,58,,,,267,459,411.0,HJHFJAOG_01364,MLMIAKCI_01050,AOHABJFI_02104,LCPJMJGF_01647
group_105,,putative protein,4,4,1.0,5,57,,,,363,363,363.0,HJHFJAOG_00380,MLMIAKCI_01091,AOHABJFI_02145,LCPJMJGF_02105
pyrC,pyrC,Dihydroorotase,4,4,1.0,5,56,,,,1278,1278,1278.0,HJHFJAOG_00122,MLMIAKCI_01041,AOHABJFI_01471,LCPJMJGF_02119
pyrF,pyrF,Orotidine 5'-phosphate decarboxylase,4,4,1.0,5,55,,,,705,705,705.0,HJHFJAOG_00126,MLMIAKCI_01037,AOHABJFI_01475,LCPJMJGF_02123
oppC,oppC,Oligopeptide transport system permease protein OppC,4,4,1.0,5,54,,,,930,930,930.0,HJHFJAOG_00388,MLMIAKCI_01099,AOHABJFI_02153,LCPJMJGF_02097
oppD,oppD,Oligopeptide transport ATP-binding protein OppD,4,4,1.0,5,53,,,,1017,1017,1017.0,HJHFJAOG_00385,MLMIAKCI_01096,AOHABJFI_02150,LCPJMJGF_02100
fmt,fmt,Methionyl-tRNA formyltransferase,4,4,1.0,5,52,,,,945,945,945.0,HJHFJAOG_00371,MLMIAKCI_01082,AOHABJFI_02136,LCPJMJGF_01635
ypdF,ypdF,Aminopeptidase YpdF,4,4,1.0,5,51,,,,1110,1110,1110.0,HJHFJAOG_00357,MLMIAKCI_01068,AOHABJFI_02122,LCPJMJGF_01621
gmk_1,gmk_1,Guanylate kinase,4,4,1.0,5,50,,,,615,615,615.0,HJHFJAOG_00368,MLMIAKCI_01079,AOHABJFI_02133,LCPJMJGF_01632
group_104,,hypothetical protein,4,4,1.0,5,49,,,,897,897,897.0,HJHFJAOG_01357,MLMIAKCI_01057,AOHABJFI_02111,LCPJMJGF_01654
group_103,,Putative protein phosphatase 2C-type,4,4,1.0,5,48,,,,756,756,756.0,HJHFJAOG_00373,MLMIAKCI_01084,AOHABJFI_02138,LCPJMJGF_01637
rpmA,rpmA,Large ribosomal subunit protein bL27,4,4,1.0,5,47,,,,291,291,291.0,HJHFJAOG_00356,MLMIAKCI_01067,AOHABJFI_02121,LCPJMJGF_01665
group_102,,hypothetical protein,4,4,1.0,5,46,,,,261,261,261.0,HJHFJAOG_01363,MLMIAKCI_01051,AOHABJFI_02105,LCPJMJGF_01648
pepX,pepX,Xaa-Pro dipeptidyl-peptidase,4,4,1.0,5,45,,,,2382,2382,2382.0,HJHFJAOG_01366,MLMIAKCI_01048,AOHABJFI_02102,LCPJMJGF_01646
group_101,,hypothetical protein,4,4,1.0,5,44,,,,234,318,297.0,HJHFJAOG_01362,MLMIAKCI_01052,AOHABJFI_02106,LCPJMJGF_01649
efp_1,efp_1,Elongation factor P,4,4,1.0,5,43,,,,570,570,570.0,HJHFJAOG_00358,MLMIAKCI_01069,AOHABJFI_02123,LCPJMJGF_01622
msrB,msrB,Peptide methionine sulfoxide reductase MsrB,4,4,1.0,5,42,,,,438,450,441.0,HJHFJAOG_00116,MLMIAKCI_01047,AOHABJFI_02101,LCPJMJGF_01645
priA,priA,Replication restart protein PriA,4,4,1.0,5,41,,,,2400,2400,2400.0,HJHFJAOG_00370,MLMIAKCI_01081,AOHABJFI_02135,LCPJMJGF_01634
group_100,,hypothetical protein,4,4,1.0,5,40,,,,438,438,438.0,HJHFJAOG_00367,MLMIAKCI_01078,AOHABJFI_02132,LCPJMJGF_01631
nusB,nusB,Transcription antitermination protein NusB,4,4,1.0,5,39,,,,396,396,396.0,HJHFJAOG_00360,MLMIAKCI_01071,AOHABJFI_02125,LCPJMJGF_01624
recN,recN,DNA repair protein RecN,4,4,1.0,5,38,,,,1683,1683,1683.0,HJHFJAOG_00366,MLMIAKCI_01077,AOHABJFI_02131,LCPJMJGF_01630
uup_10,uup_10,ATP-binding protein Uup,4,4,1.0,5,37,,,,1581,1581,1581.0,HJHFJAOG_01360,MLMIAKCI_01054,AOHABJFI_02108,LCPJMJGF_01651
uup_9,uup_9,ATP-binding protein Uup,4,4,1.0,5,36,,,,1581,1581,1581.0,HJHFJAOG_01359,MLMIAKCI_01055,AOHABJFI_02109,LCPJMJGF_01652
pyrB,pyrB,Aspartate carbamoyltransferase catalytic subunit,4,4,1.0,5,35,,,,957,957,957.0,HJHFJAOG_00123,MLMIAKCI_01040,AOHABJFI_01472,LCPJMJGF_02120
oppB,oppB,Oligopeptide transport system permease protein OppB,4,4,1.0,5,34,,,,960,960,960.0,HJHFJAOG_00387,MLMIAKCI_01098,AOHABJFI_02152,LCPJMJGF_02098
thiN,thiN,Thiamine pyrophosphokinase,4,4,1.0,5,33,,,,675,675,675.0,HJHFJAOG_00377,MLMIAKCI_01088,AOHABJFI_02142,LCPJMJGF_01641
glcU,glcU,Glucose uptake protein GlcU,4,4,1.0,5,32,,,,864,864,864.0,HJHFJAOG_00118,MLMIAKCI_01045,AOHABJFI_02099,LCPJMJGF_01643
folD,folD,Bifunctional protein FolD protein,4,4,1.0,5,31,,,,852,852,852.0,HJHFJAOG_00361,MLMIAKCI_01072,AOHABJFI_02126,LCPJMJGF_01625
tlyA,tlyA,16S/23S rRNA (cytidine-2'-O)-methyltransferase TlyA;Hemolysin A,4,4,1.0,5,30,,,,813,813,813.0,HJHFJAOG_00365,MLMIAKCI_01076,AOHABJFI_02130,LCPJMJGF_01629
group_99,,putative tautomerase.1,4,4,1.0,5,29,,,,180,180,180.0,HJHFJAOG_01352,MLMIAKCI_01062,AOHABJFI_02116,LCPJMJGF_01659
ybjI_1~~~ybjI_3,ybjI_1;ybjI_3,5-amino-6-(5-phospho-D-ribitylamino)uracil phosphatase YbjI,4,4,1.0,5,28,,,,726,816,793.5,HJHFJAOG_01361,MLMIAKCI_01053,AOHABJFI_02107,LCPJMJGF_01650
lldP~~~lutP,lldP;lutP,L-lactate permease,4,4,1.0,5,26,,,,603,1527,1296.0,HJHFJAOG_00119,MLMIAKCI_01044,AOHABJFI_01468,LCPJMJGF_02116
pyrR_1,pyrR_1,Bifunctional protein pyrR,4,4,1.0,5,25,,,,543,543,543.0,HJHFJAOG_00124,MLMIAKCI_01039,AOHABJFI_01473,LCPJMJGF_02121
xseB,xseB,Exodeoxyribonuclease 7 small subunit,4,4,1.0,5,22,,,,243,243,243.0,HJHFJAOG_00363,MLMIAKCI_01074,AOHABJFI_02128,LCPJMJGF_01627
pyrE,pyrE,Orotate phosphoribosyltransferase,4,4,1.0,5,21,,,,639,639,639.0,HJHFJAOG_00127,MLMIAKCI_01036,AOHABJFI_01476,LCPJMJGF_02124
rpe,rpe,Ribulose-phosphate 3-epimerase,4,4,1.0,5,20,,,,651,651,651.0,HJHFJAOG_00376,MLMIAKCI_01087,AOHABJFI_02141,LCPJMJGF_01640
group_95,,putative protein,4,4,1.0,5,19,,,,1662,1662,1662.0,HJHFJAOG_00381,MLMIAKCI_01092,AOHABJFI_02146,LCPJMJGF_02104
group_94,,hypothetical protein,4,4,1.0,5,18,,,,210,210,210.0,HJHFJAOG_00378,MLMIAKCI_01089,AOHABJFI_02143,LCPJMJGF_01642
oppF_1,oppF_1,Oligopeptide transport ATP-binding protein OppF,4,4,1.0,5,17,,,,987,987,987.0,HJHFJAOG_00386,MLMIAKCI_01097,AOHABJFI_02151,LCPJMJGF_02099
plsX,plsX,Phosphate acyltransferase,4,4,1.0,5,16,,,,1002,1002,1002.0,HJHFJAOG_00383,MLMIAKCI_01094,AOHABJFI_02148,LCPJMJGF_02102
carB,carB,Carbamoyl phosphate synthase large chain,4,4,1.0,5,15,,,,3189,3189,3189.0,HJHFJAOG_00120,MLMIAKCI_01043,AOHABJFI_01469,LCPJMJGF_02117
group_93,,hypothetical protein,4,4,1.0,5,14,,,,1239,1239,1239.0,HJHFJAOG_01355,MLMIAKCI_01059,AOHABJFI_02113,LCPJMJGF_01656
prkC,prkC,Serine/threonine-protein kinase PrkC,4,4,1.0,5,13,,,,2031,2031,2031.0,HJHFJAOG_00374,MLMIAKCI_01085,AOHABJFI_02139,LCPJMJGF_01638
recG,recG,ATP-dependent DNA helicase RecG,4,4,1.0,5,12,,,,2037,2037,2037.0,HJHFJAOG_00382,MLMIAKCI_01093,AOHABJFI_02147,LCPJMJGF_02103
menH_2,menH_2,2-succinyl-6-hydroxy-24-cyclohexadiene-1-carboxylate synthase,4,4,1.0,5,11,,,,876,876,876.0,HJHFJAOG_01354,MLMIAKCI_01060,AOHABJFI_02114,LCPJMJGF_01657
pyrDB,pyrDB,Dihydroorotate dehydrogenase B (NAD(+)) catalytic subunit,4,4,1.0,5,10,,,,924,924,924.0,HJHFJAOG_00125,MLMIAKCI_01038,AOHABJFI_01474,LCPJMJGF_02122
rplU,rplU,Large ribosomal subunit protein bL21,4,4,1.0,5,9,,,,312,312,312.0,HJHFJAOG_00355,MLMIAKCI_01066,AOHABJFI_02120,LCPJMJGF_01664
rpmB,rpmB,Large ribosomal subunit protein bL28,4,4,1.0,5,8,,,,186,186,186.0,HJHFJAOG_00379,MLMIAKCI_01090,AOHABJFI_02144,LCPJMJGF_02106
pyrAA_1,pyrAA_1,Carbamoyl phosphate synthase pyrimidine-specific small chain,4,4,1.0,5,6,,,,1086,1086,1086.0,HJHFJAOG_00121,MLMIAKCI_01042,AOHABJFI_01470,LCPJMJGF_02118
rpoZ,rpoZ,DNA-directed RNA polymerase subunit omega,4,4,1.0,5,5,,,,225,225,225.0,HJHFJAOG_00369,MLMIAKCI_01080,AOHABJFI_02134,LCPJMJGF_01633
mgsR,mgsR,Regulatory protein MgsR,4,4,1.0,5,4,,,,357,357,357.0,HJHFJAOG_01358,MLMIAKCI_01056,AOHABJFI_02110,LCPJMJGF_01653
group_90,,hypothetical protein,4,4,1.0,5,2,,,,1275,1377,1351.5,HJHFJAOG_00353,MLMIAKCI_01064,AOHABJFI_02118,LCPJMJGF_01662
tsf,tsf,Elongation factor Ts,4,4,1.0,4,111,,,,1026,1026,1026.0,HJHFJAOG_00107,MLMIAKCI_01973,AOHABJFI_01323,LCPJMJGF_00153
group_78,,hypothetical protein,4,4,1.0,4,107,,,,297,297,297.0,HJHFJAOG_00097,MLMIAKCI_01963,AOHABJFI_01333,LCPJMJGF_00163
lexA,lexA,LexA repressor,4,4,1.0,4,105,,,,627,627,627.0,HJHFJAOG_00714,MLMIAKCI_01983,AOHABJFI_01313,LCPJMJGF_01527
group_76,,hypothetical protein,4,4,1.0,4,104,,,,816,816,816.0,HJHFJAOG_00103,MLMIAKCI_01969,AOHABJFI_01327,LCPJMJGF_00157
strA,strA,Sortase A,4,4,1.0,4,101,,,,684,687,686.25,HJHFJAOG_00003,MLMIAKCI_01952,AOHABJFI_00011,LCPJMJGF_00175
pepDA_2,pepDA_2,Dipeptidase A,4,4,1.0,4,100,,,,1422,1422,1422.0,HJHFJAOG_00729,MLMIAKCI_01917,AOHABJFI_01298,LCPJMJGF_02111
bcaP_1,bcaP_1,Branched-chain amino acid permease BcaP,4,4,1.0,4,99,,,,1431,1431,1431.0,HJHFJAOG_00724,MLMIAKCI_01993,AOHABJFI_01303,LCPJMJGF_00113
ffh,ffh,Signal recognition particle protein,4,4,1.0,4,98,,,,1431,1431,1431.0,HJHFJAOG_00722,MLMIAKCI_01991,AOHABJFI_01305,LCPJMJGF_00111
hrcA,hrcA,Heat-inducible transcription repressor HrcA,4,4,1.0,4,97,,,,1050,1050,1050.0,HJHFJAOG_00091,MLMIAKCI_01957,AOHABJFI_01339,LCPJMJGF_00169
ftsY,ftsY,Signal recognition particle receptor FtsY,4,4,1.0,4,94,,,,1164,1299,1265.25,HJHFJAOG_00730,MLMIAKCI_01918,AOHABJFI_01297,LCPJMJGF_02112
rulQ,rulQ,RNA-binding protein YlxQ,4,4,1.0,4,91,,,,312,312,312.0,HJHFJAOG_00096,MLMIAKCI_01962,AOHABJFI_01334,LCPJMJGF_00164
rimP,rimP,Ribosome maturation factor RimP,4,4,1.0,4,87,,,,477,477,477.0,HJHFJAOG_00099,MLMIAKCI_01965,AOHABJFI_01331,LCPJMJGF_00161
tmung,tmung,Type-4 uracil-DNA glycosylase,4,4,1.0,4,86,,,,660,660,660.0,HJHFJAOG_00716,MLMIAKCI_01985,AOHABJFI_01311,LCPJMJGF_01530
group_63,,hypothetical protein,4,4,1.0,4,82,,,,1125,1125,1125.0,HJHFJAOG_00717,MLMIAKCI_01986,AOHABJFI_01310,LCPJMJGF_01531
group_57,,hypothetical protein,4,4,1.0,4,76,,,,342,342,342.0,HJHFJAOG_00723,MLMIAKCI_01992,AOHABJFI_01304,LCPJMJGF_00112
dnaJ,dnaJ,Chaperone protein DnaJ,4,4,1.0,4,72,,,,1152,1152,1152.0,HJHFJAOG_00088,MLMIAKCI_01954,AOHABJFI_01342,LCPJMJGF_00172
rplS,rplS,Large ribosomal subunit protein bL19,4,4,1.0,4,71,,,,348,348,348.0,HJHFJAOG_00718,MLMIAKCI_01987,AOHABJFI_01309,LCPJMJGF_01532
rnc,rnc,Ribonuclease 3,4,4,1.0,4,70,,,,690,690,690.0,HJHFJAOG_00732,MLMIAKCI_01920,AOHABJFI_01295,LCPJMJGF_02114
proS,proS,Proline--tRNA ligase,4,4,1.0,4,69,,,,1698,1698,1698.0,HJHFJAOG_00101,MLMIAKCI_01967,AOHABJFI_01329,LCPJMJGF_00159
rimM,rimM,Ribosome maturation factor RimM,4,4,1.0,4,67,,,,516,516,516.0,HJHFJAOG_00720,MLMIAKCI_01989,AOHABJFI_01307,LCPJMJGF_01534
truB,truB,tRNA pseudouridine synthase B,4,4,1.0,4,65,,,,894,894,894.0,HJHFJAOG_00093,MLMIAKCI_01959,AOHABJFI_01337,LCPJMJGF_00167
pepO_2~~~pepO_1,pepO_2;pepO_1,Neutral endopeptidase,4,4,1.0,4,64,,,,1944,1944,1944.0,HJHFJAOG_00112,MLMIAKCI_01978,AOHABJFI_01318,LCPJMJGF_01522
nusA,nusA,Transcription termination/antitermination protein NusA,4,4,1.0,4,63,,,,1194,1194,1194.0,HJHFJAOG_00098,MLMIAKCI_01964,AOHABJFI_01332,LCPJMJGF_00162
rbfA,rbfA,Ribosome-binding factor A,4,4,1.0,4,61,,,,366,366,366.0,HJHFJAOG_00094,MLMIAKCI_01960,AOHABJFI_01336,LCPJMJGF_00166
bceB,bceB,Bacitracin export permease protein BceB,4,4,1.0,4,60,,,,1827,1827,1827.0,HJHFJAOG_00725,MLMIAKCI_00355,AOHABJFI_01302,LCPJMJGF_02107
yheH,yheH,putative multidrug resistance ABC transporter ATP-binding/permease protein YheH,4,4,1.0,4,59,,,,1800,1800,1800.0,HJHFJAOG_00113,MLMIAKCI_01979,AOHABJFI_01317,LCPJMJGF_01523
lepA_1,lepA_1,Elongation factor 4,4,4,1.0,4,58,,,,1839,1839,1839.0,HJHFJAOG_00087,MLMIAKCI_01953,AOHABJFI_01343,LCPJMJGF_00174
dnaK,dnaK,Chaperone protein DnaK,4,4,1.0,4,55,,,,1854,1854,1854.0,HJHFJAOG_00089,MLMIAKCI_01955,AOHABJFI_01341,LCPJMJGF_00171
apt,apt,Adenine phosphoribosyltransferase,4,4,1.0,4,52,,,,528,528,528.0,HJHFJAOG_00001,MLMIAKCI_01950,AOHABJFI_00013,LCPJMJGF_00177
trmD,trmD,tRNA (guanine-N(1)-)-methyltransferase,4,4,1.0,4,51,,,,720,720,720.0,HJHFJAOG_00719,MLMIAKCI_01988,AOHABJFI_01308,LCPJMJGF_01533
yheI~~~yheI_2~~~yheI_1,yheI;yheI_2;yheI_1,putative multidrug resistance ABC transporter ATP-binding/permease protein YheI,4,5,1.25,4,50,,,,402,1767,1388.4,HJHFJAOG_00114;HJHFJAOG_00711,MLMIAKCI_01980,AOHABJFI_01316,LCPJMJGF_01524
pyrH,pyrH,Uridylate kinase,4,4,1.0,4,47,,,,726,726,726.0,HJHFJAOG_00106,MLMIAKCI_01972,AOHABJFI_01324,LCPJMJGF_00154
uppS,uppS,Ditranspolycis-undecaprenyl-diphosphate synthase ((2E6E)-farnesyl-diphosphate specific),4,4,1.0,4,44,,,,735,735,735.0,HJHFJAOG_00104,MLMIAKCI_01970,AOHABJFI_01326,LCPJMJGF_00156
recJ,recJ,Single-stranded-DNA-specific exonuclease RecJ,4,4,1.0,4,43,,,,2274,2274,2274.0,HJHFJAOG_00002,MLMIAKCI_01951,AOHABJFI_00012,LCPJMJGF_00176
rasP,rasP,Regulator of sigma-W protease RasP,4,4,1.0,4,38,,,,1257,1257,1257.0,HJHFJAOG_00102,MLMIAKCI_01968,AOHABJFI_01328,LCPJMJGF_00158
bceA,bceA,Bacitracin export ATP-binding protein BceA,4,4,1.0,4,37,,,,747,747,747.0,HJHFJAOG_00726,MLMIAKCI_00356,AOHABJFI_01301,LCPJMJGF_02108
frr,frr,Ribosome-recycling factor,4,4,1.0,4,35,,,,558,558,558.0,HJHFJAOG_00105,MLMIAKCI_01971,AOHABJFI_01325,LCPJMJGF_00155
ribCF,ribCF,Bifunctional riboflavin kinase/FMN adenylyltransferase,4,4,1.0,4,32,,,,936,936,936.0,HJHFJAOG_00092,MLMIAKCI_01958,AOHABJFI_01338,LCPJMJGF_00168
group_35,,hypothetical protein,4,4,1.0,4,29,,,,219,219,219.0,HJHFJAOG_00712,MLMIAKCI_01981,AOHABJFI_01315,LCPJMJGF_01525
group_26,,hypothetical protein,4,4,1.0,4,20,,,,123,123,123.0,HJHFJAOG_00728,MLMIAKCI_01916,AOHABJFI_01299,LCPJMJGF_02110
group_25,,hypothetical protein,4,4,1.0,4,19,,,,267,267,267.0,HJHFJAOG_00713,MLMIAKCI_01982,AOHABJFI_01314,LCPJMJGF_01526
lepA_2,lepA_2,Elongation factor 4,4,4,1.0,4,16,,,,2604,2604,2604.0,HJHFJAOG_00095,MLMIAKCI_01961,AOHABJFI_01335,LCPJMJGF_00165
grpE,grpE,Protein GrpE,4,4,1.0,4,15,,,,585,585,585.0,HJHFJAOG_00090,MLMIAKCI_01956,AOHABJFI_01340,LCPJMJGF_00170
rpsP,rpsP,Small ribosomal subunit protein bS16,4,4,1.0,4,13,,,,273,273,273.0,HJHFJAOG_00721,MLMIAKCI_01990,AOHABJFI_01306,LCPJMJGF_00110
rpsB,rpsB,Small ribosomal subunit protein uS2,4,4,1.0,4,10,,,,774,774,774.0,HJHFJAOG_00108,MLMIAKCI_01974,AOHABJFI_01322,LCPJMJGF_00152
group_19,,hypothetical protein,4,5,1.25,4,8,,,,189,780,624.6,HJHFJAOG_00715,MLMIAKCI_01984,AOHABJFI_01312,LCPJMJGF_01529;LCPJMJGF_01528
oppA_4~~~oppA_1,oppA_4;oppA_1,Oligopeptide-binding protein OppA,4,4,1.0,4,6,,,,1770,1770,1770.0,HJHFJAOG_00733,MLMIAKCI_01921,AOHABJFI_01294,LCPJMJGF_02115
group_17,,hypothetical protein,4,4,1.0,4,5,,,,249,300,261.75,HJHFJAOG_00727,MLMIAKCI_01915,AOHABJFI_01300,LCPJMJGF_02109
smc_1,smc_1,Chromosome partition protein Smc,4,4,1.0,4,3,,,,3570,3570,3570.0,HJHFJAOG_00731,MLMIAKCI_01919,AOHABJFI_01296,LCPJMJGF_02113
polC_1,polC_1,DNA polymerase III PolC-type,4,4,1.0,4,2,,,,4311,4311,4311.0,HJHFJAOG_00100,MLMIAKCI_01966,AOHABJFI_01330,LCPJMJGF_00160
group_1379,,hypothetical protein,3,3,1.0,167,1,,,,195,837,409.0,HJHFJAOG_00675,MLMIAKCI_00149,AOHABJFI_02087,
group_1276,,hypothetical protein,3,3,1.0,142,22,,,,330,330,330.0,,MLMIAKCI_01124,AOHABJFI_01130,LCPJMJGF_00004
group_1275,,hypothetical protein,3,3,1.0,142,21,,,,438,438,438.0,,MLMIAKCI_01123,AOHABJFI_01129,LCPJMJGF_00005
group_1273,,hypothetical protein,3,3,1.0,142,17,,,,276,276,276.0,,MLMIAKCI_01125,AOHABJFI_01131,LCPJMJGF_00003
topA_2,topA_2,DNA topoisomerase 1,3,3,1.0,142,15,,,,2577,2577,2577.0,,MLMIAKCI_01122,AOHABJFI_01128,LCPJMJGF_00006
group_1266,,hypothetical protein,3,3,1.0,142,6,,,,1461,1461,1461.0,,MLMIAKCI_01126,AOHABJFI_01132,LCPJMJGF_00002
group_1265,,hypothetical protein,3,5,1.6666666666666667,142,4,,,,267,927,564.6,,MLMIAKCI_01121,AOHABJFI_01126;AOHABJFI_01127,LCPJMJGF_00007;LCPJMJGF_00008
group_1262,,hypothetical protein,3,3,1.0,142,1,,,,555,555,555.0,,MLMIAKCI_01127,AOHABJFI_01133,LCPJMJGF_00001
group_1260,,hypothetical protein,3,3,1.0,141,63,,,,228,234,232.0,,MLMIAKCI_00955,AOHABJFI_00633,LCPJMJGF_01205
group_1255,,hypothetical protein,3,3,1.0,141,58,,,,327,327,327.0,,MLMIAKCI_01615,AOHABJFI_01139,LCPJMJGF_01185
group_1253,,hypothetical protein,3,3,1.0,141,56,,,,384,384,384.0,,MLMIAKCI_00950,AOHABJFI_00638,LCPJMJGF_01199
group_1251,,hypothetical protein,3,3,1.0,141,54,,,,870,870,870.0,,MLMIAKCI_01623,AOHABJFI_00308,LCPJMJGF_01177
group_1249,,hypothetical protein,3,3,1.0,141,52,,,,2199,2220,2207.0,,MLMIAKCI_00943,AOHABJFI_00644,LCPJMJGF_01191
group_1248,,hypothetical protein,3,3,1.0,141,51,,,,111,144,127.5,,MLMIAKCI_00949,2_refound_34,LCPJMJGF_01198
group_1247,,hypothetical protein,3,3,1.0,141,50,,,,2337,2337,2337.0,,MLMIAKCI_00940,AOHABJFI_00647,LCPJMJGF_01188
group_1246,,hypothetical protein,3,3,1.0,141,49,,,,249,249,249.0,,MLMIAKCI_01622,AOHABJFI_00307,LCPJMJGF_01178
group_1243,,hypothetical protein,3,3,1.0,141,46,,,,252,255,253.0,,MLMIAKCI_00948,AOHABJFI_00639,LCPJMJGF_01197
group_1238,,hypothetical protein,3,3,1.0,141,41,,,,270,270,270.0,,MLMIAKCI_00953,AOHABJFI_00635,LCPJMJGF_01203
group_1237,,hypothetical protein,3,3,1.0,141,40,,,,339,402,380.0,,MLMIAKCI_01621,AOHABJFI_00306,LCPJMJGF_01179
group_1236,,hypothetical protein,3,3,1.0,141,39,,,,297,297,297.0,,MLMIAKCI_00942,AOHABJFI_00645,LCPJMJGF_01190
group_1235,,hypothetical protein,3,3,1.0,141,38,,,,576,576,576.0,,MLMIAKCI_00945,AOHABJFI_00642,LCPJMJGF_01194
group_1233,,hypothetical protein,3,3,1.0,141,36,,,,375,375,375.0,,MLMIAKCI_00951,AOHABJFI_00637,LCPJMJGF_01201
group_1232,,hypothetical protein,3,3,1.0,141,35,,,,579,654,604.0,,MLMIAKCI_01619,AOHABJFI_01135,LCPJMJGF_01181
strA_1~~~strA_2,strA_1;strA_2;,Sortase A;hypothetical protein,3,3,1.0,141,25,,,,753,753,753.0,,MLMIAKCI_00946,AOHABJFI_00641,LCPJMJGF_01195
group_1222,,hypothetical protein,3,3,1.0,141,24,,,,624,624,624.0,,MLMIAKCI_01616,AOHABJFI_01138,LCPJMJGF_01184
padA,;padA,hypothetical protein;Platelet adherence protein A,3,3,1.0,141,23,,,,3015,3024,3018.0,,MLMIAKCI_00944,AOHABJFI_00643,LCPJMJGF_01193
group_1221,,hypothetical protein,3,3,1.0,141,22,,,,1218,1266,1243.0,,MLMIAKCI_00947,AOHABJFI_00640,LCPJMJGF_01196
group_1220,,hypothetical protein,3,3,1.0,141,21,,,,333,333,333.0,,MLMIAKCI_00941,AOHABJFI_00646,LCPJMJGF_01189
group_1218,,hypothetical protein,3,3,1.0,141,19,,,,2715,2715,2715.0,,MLMIAKCI_01614,AOHABJFI_01140,LCPJMJGF_01186
ssb_1,ssb_1,Single-stranded DNA-binding protein,3,3,1.0,141,16,,,,498,498,498.0,,MLMIAKCI_00952,AOHABJFI_00636,LCPJMJGF_01202
group_1212,,hypothetical protein,3,3,1.0,141,11,,,,2010,2010,2010.0,,MLMIAKCI_01617,AOHABJFI_01137,LCPJMJGF_01183
group_1211,,hypothetical protein,3,3,1.0,141,10,,,,642,642,642.0,,MLMIAKCI_01620,AOHABJFI_01134,LCPJMJGF_01180
group_1208,,hypothetical protein,3,3,1.0,141,7,,,,1779,2817,2125.0,,MLMIAKCI_01613,AOHABJFI_01141,LCPJMJGF_01187
group_1205,,hypothetical protein,3,3,1.0,141,4,,,,1461,1461,1461.0,,MLMIAKCI_01618,AOHABJFI_01136,LCPJMJGF_01182
adh,adh,Alcohol dehydrogenase,3,3,1.0,134,2,,,,285,285,285.0,,MLMIAKCI_00566,AOHABJFI_00302,LCPJMJGF_00441
group_1145,,hypothetical protein,3,3,1.0,134,1,,,,672,672,672.0,,1_refound_15,AOHABJFI_00303,LCPJMJGF_00442
group_1141,,hypothetical protein,3,3,1.0,131,2,,,,1248,1278,1268.0,,MLMIAKCI_00419,AOHABJFI_00238,LCPJMJGF_01889
group_1140,,hypothetical protein,3,3,1.0,131,1,,,,666,666,666.0,,MLMIAKCI_00418,AOHABJFI_00237,LCPJMJGF_01890
group_1139,,hypothetical protein,3,3,1.0,130,3,,,,378,378,378.0,,MLMIAKCI_00360,AOHABJFI_00296,LCPJMJGF_00367
group_1137,,hypothetical protein,3,3,1.0,130,1,,,,246,246,246.0,,MLMIAKCI_00361,AOHABJFI_00295,LCPJMJGF_00366
group_1136,,hypothetical protein,3,3,1.0,129,3,,,,729,729,729.0,,MLMIAKCI_00302,AOHABJFI_00161,LCPJMJGF_00147
group_1135,,hypothetical protein,3,3,1.0,129,2,,,,585,585,585.0,,MLMIAKCI_00301,AOHABJFI_00160,LCPJMJGF_00146
pbuG_2,pbuG_2,Guanine/hypoxanthine permease PbuG,3,3,1.0,129,1,,,,1311,1311,1311.0,,MLMIAKCI_00303,AOHABJFI_00162,LCPJMJGF_00148
group_1130,,hypothetical protein,3,3,1.0,127,4,,,,1617,1617,1617.0,,MLMIAKCI_00141,AOHABJFI_02320,LCPJMJGF_01173
group_1129,,hypothetical protein,3,4,1.3333333333333333,127,3,,,,456,1089,817.5,,MLMIAKCI_00142;MLMIAKCI_00143,AOHABJFI_02319,LCPJMJGF_01172
group_1128,,hypothetical protein,3,3,1.0,127,2,,,,795,795,795.0,,MLMIAKCI_00144,AOHABJFI_02318,LCPJMJGF_01171
group_1127,,hypothetical protein,3,3,1.0,127,1,,,,123,360,202.0,,MLMIAKCI_00140,AOHABJFI_02321,LCPJMJGF_01174
glgX,glgX,Glycogen debranching enzyme,3,3,1.0,125,2,,,,3756,3756,3756.0,,MLMIAKCI_00051,AOHABJFI_01861,LCPJMJGF_00088
purR_1,purR_1,HTH-type transcriptional repressor PurR,3,3,1.0,125,1,,,,660,660,660.0,,MLMIAKCI_00050,AOHABJFI_01862,LCPJMJGF_00089
group_1120,,hypothetical protein,3,3,1.0,124,11,,,,345,345,345.0,,MLMIAKCI_00033,AOHABJFI_00628,LCPJMJGF_01209
group_1118,,hypothetical protein,3,3,1.0,124,9,,,,405,405,405.0,,MLMIAKCI_00037,AOHABJFI_00624,LCPJMJGF_00243
group_1116,,hypothetical protein,3,3,1.0,124,7,,,,594,600,596.0,,MLMIAKCI_00031,AOHABJFI_00630,LCPJMJGF_01207
group_1112,,hypothetical protein,3,3,1.0,124,3,,,,732,732,732.0,,MLMIAKCI_00034,AOHABJFI_00627,LCPJMJGF_00240
group_1098,,hypothetical protein,3,3,1.0,119,4,,,,747,1095,979.0,HJHFJAOG_02044,,AOHABJFI_00015,LCPJMJGF_00090
group_1083,,hypothetical protein,3,3,1.0,112,5,,,,1044,1044,1044.0,HJHFJAOG_01977,MLMIAKCI_00226,AOHABJFI_00099,
cas9_2,cas9_2,CRISPR-associated endonuclease Cas9,3,3,1.0,112,4,,,,621,621,621.0,HJHFJAOG_01978,MLMIAKCI_00225,AOHABJFI_00100,
group_1082,,hypothetical protein,3,3,1.0,112,3,,,,435,435,435.0,HJHFJAOG_01974,MLMIAKCI_00229,AOHABJFI_00096,
cas1,cas1,CRISPR-associated endonuclease Cas1,3,3,1.0,112,2,,,,909,909,909.0,HJHFJAOG_01976,MLMIAKCI_00227,AOHABJFI_00098,
cas2,cas2,CRISPR-associated endoribonuclease Cas2,3,3,1.0,112,1,,,,309,309,309.0,HJHFJAOG_01975,MLMIAKCI_00228,AOHABJFI_00097,
tnpR_2,tnpR_2,Transposon gamma-delta resolvase,3,3,1.0,109,4,,,,384,384,384.0,HJHFJAOG_01946,MLMIAKCI_00368,AOHABJFI_02285,
group_1075,,IS982 family transposase ISLhe5,3,3,1.0,109,3,,,,705,705,705.0,HJHFJAOG_01944,MLMIAKCI_00366,AOHABJFI_02287,
group_1074,,hypothetical protein,3,3,1.0,109,2,,,,231,246,241.0,HJHFJAOG_01945,MLMIAKCI_00367,AOHABJFI_02286,
group_1065,,hypothetical protein,3,3,1.0,107,9,,,,240,240,240.0,HJHFJAOG_01892,MLMIAKCI_00189,AOHABJFI_02196,
group_1064,,hypothetical protein,3,3,1.0,107,8,,,,492,492,492.0,HJHFJAOG_01889,MLMIAKCI_00309,AOHABJFI_02193,
group_1063,,hypothetical protein,3,3,1.0,107,7,,,,129,129,129.0,HJHFJAOG_01891,MLMIAKCI_00190,AOHABJFI_02195,
group_1062,,hypothetical protein,3,3,1.0,107,6,,,,1083,1083,1083.0,HJHFJAOG_01888,MLMIAKCI_00308,AOHABJFI_02192,
group_1061,,hypothetical protein,3,3,1.0,107,5,,,,657,657,657.0,HJHFJAOG_01890,MLMIAKCI_00310,AOHABJFI_02194,
uup_12,uup_12,ATP-binding protein Uup,3,3,1.0,107,4,,,,1596,1596,1596.0,HJHFJAOG_01893,MLMIAKCI_00188,AOHABJFI_02197,
uup_3,uup_3;,ATP-binding protein Uup;hypothetical protein,3,3,1.0,107,1,,,,99,1584,594.0,HJHFJAOG_01894,MLMIAKCI_00187,AOHABJFI_02198,
group_1047,,hypothetical protein,3,3,1.0,104,2,,,,489,489,489.0,,MLMIAKCI_01892,AOHABJFI_00472,LCPJMJGF_02194
group_1035,,hypothetical protein,3,3,1.0,100,2,,,,120,120,120.0,HJHFJAOG_01765,,2_refound_25,3_refound_41
group_1032,,hypothetical protein,3,3,1.0,99,1,,,,183,183,183.0,HJHFJAOG_01764,,AOHABJFI_00300,LCPJMJGF_00527
group_1030,ribE,Riboflavin synthase,3,3,1.0,98,4,,,,597,597,597.0,,MLMIAKCI_00121,AOHABJFI_00093,LCPJMJGF_00150
ribH,ribH,67-dimethyl-8-ribityllumazine synthase,3,3,1.0,98,3,,,,465,465,465.0,HJHFJAOG_01762,MLMIAKCI_00119,,3_refound_40
ribD_2~~~ribD,ribD_2;ribD,Riboflavin biosynthesis protein RibD,3,3,1.0,98,2,,,,981,1062,1035.0,,MLMIAKCI_00122,AOHABJFI_00094,LCPJMJGF_00151
ribD,ribD,Riboflavin biosynthesis protein RibD,3,3,1.0,97,3,,,,1083,1083,1083.0,HJHFJAOG_01759,,AOHABJFI_00113,LCPJMJGF_00144
ribE,ribE,Riboflavin synthase,3,3,1.0,97,2,,,,597,597,597.0,HJHFJAOG_01760,,AOHABJFI_00114,LCPJMJGF_00145
vmlR_2,vmlR_2,Ribosome protection protein VmlR,3,3,1.0,97,1,,,,699,699,699.0,HJHFJAOG_01758,,AOHABJFI_00112,LCPJMJGF_00143
group_1028,,hypothetical protein,3,3,1.0,96,2,,,,357,357,357.0,HJHFJAOG_01755,MLMIAKCI_01534,,LCPJMJGF_01920
urdA_3,urdA_3,Urocanate reductase,3,3,1.0,89,3,,,,684,684,684.0,HJHFJAOG_01622,MLMIAKCI_00313,AOHABJFI_00172,
group_987,,IS4 family transposase ISLre1,3,3,1.0,89,2,,,,312,312,312.0,HJHFJAOG_01620,MLMIAKCI_00311,AOHABJFI_00174,
urdA_2,urdA_2,Urocanate reductase,3,3,1.0,89,1,,,,1176,1176,1176.0,HJHFJAOG_01621,MLMIAKCI_00312,AOHABJFI_00173,
group_986,,IS4 family transposase ISLre1,3,3,1.0,88,1,,,,543,543,543.0,HJHFJAOG_01619,1_refound_13,2_refound_24,
group_983,,putative ABC transporter ATP-binding protein,3,3,1.0,87,39,,,,1770,1770,1770.0,HJHFJAOG_01778,MLMIAKCI_01454,AOHABJFI_02330,
group_982,,hypothetical protein,3,3,1.0,87,34,,,,1392,1392,1392.0,HJHFJAOG_01780,MLMIAKCI_01456,AOHABJFI_02332,
ykoE,ykoE,Putative HMP/thiamine permease protein YkoE,3,3,1.0,87,27,,,,579,579,579.0,HJHFJAOG_01779,MLMIAKCI_01455,AOHABJFI_02331,
udk_1,udk_1,Uridine kinase,3,3,1.0,87,26,,,,252,285,263.0,HJHFJAOG_01781,MLMIAKCI_01457,AOHABJFI_02333,
group_978,,hypothetical protein,3,3,1.0,87,25,,,,183,498,393.0,HJHFJAOG_01788,MLMIAKCI_00868,AOHABJFI_02340,
glnH_2,glnH_2,ABC transporter glutamine-binding protein GlnH,3,3,1.0,87,23,,,,819,819,819.0,HJHFJAOG_01775,MLMIAKCI_01451,AOHABJFI_02327,
ybiT,ybiT,putative ATP-binding protein YbiT,3,3,1.0,87,22,,,,1623,1623,1623.0,HJHFJAOG_01768,,AOHABJFI_00040,LCPJMJGF_02128
ysdC,ysdC,Putative aminopeptidase YsdC,3,3,1.0,87,19,,,,963,1083,1003.0,HJHFJAOG_01767,,AOHABJFI_00041,LCPJMJGF_02127
steT_4,steT_4,Serine/threonine exchanger SteT,3,3,1.0,87,16,,,,1332,1332,1332.0,HJHFJAOG_01773,MLMIAKCI_01449,AOHABJFI_02325,
smoB,smoB,6-dehydroglucose reductase,3,3,1.0,87,14,,,,921,921,921.0,HJHFJAOG_01769,,AOHABJFI_00039,LCPJMJGF_02129
group_973,,hypothetical protein,3,3,1.0,87,11,,,,453,453,453.0,HJHFJAOG_01776,MLMIAKCI_01452,AOHABJFI_02328,
group_972,,putative ABC transporter ATP-binding protein,3,3,1.0,87,3,,,,1734,1734,1734.0,HJHFJAOG_01777,MLMIAKCI_01453,AOHABJFI_02329,
group_948,,IS200/IS605 family transposase ISLjo5,3,3,1.0,84,7,,,,1332,1332,1332.0,HJHFJAOG_01553,MLMIAKCI_00150,AOHABJFI_01700,
group_940,,IS4 family transposase IS1675,3,3,1.0,83,7,,,,1371,1371,1371.0,HJHFJAOG_01509,MLMIAKCI_00524,AOHABJFI_01634,
uup_10~~~uup_9,uup_10;uup_9,ATP-binding protein Uup,3,3,1.0,80,74,,,,1260,1581,1474.0,,MLMIAKCI_01411,AOHABJFI_02023,LCPJMJGF_00280
group_857,,Macro domain-containing protein,3,3,1.0,79,2,,,,504,504,504.0,HJHFJAOG_01431,MLMIAKCI_00569,AOHABJFI_00355,
group_856,,hypothetical protein,3,3,1.0,79,1,,,,330,330,330.0,HJHFJAOG_01430,MLMIAKCI_00570,AOHABJFI_00356,
group_835,,hypothetical protein,3,3,1.0,75,4,,,,456,456,456.0,HJHFJAOG_01311,MLMIAKCI_02187,AOHABJFI_02058,
group_826,,hypothetical protein,3,3,1.0,72,8,,,,117,117,117.0,HJHFJAOG_01271,MLMIAKCI_01473,AOHABJFI_01423,
group_820,,ISLre2 family transposase ISLcr2,3,3,1.0,71,1,,,,180,180,180.0,HJHFJAOG_01250,1_refound_12,2_refound_22,
group_806,,hypothetical protein,3,3,1.0,67,23,,,,846,846,846.0,HJHFJAOG_01148,MLMIAKCI_02072,AOHABJFI_01928,
group_802,,hypothetical protein,3,3,1.0,67,19,,,,810,810,810.0,HJHFJAOG_01152,MLMIAKCI_02068,AOHABJFI_01924,
group_800,,hypothetical protein,3,3,1.0,67,15,,,,108,378,198.0,HJHFJAOG_01150,MLMIAKCI_02070,AOHABJFI_01926,
group_799,,hypothetical protein,3,3,1.0,67,14,,,,1134,1134,1134.0,HJHFJAOG_01855,MLMIAKCI_02101,AOHABJFI_02047,
group_797,,hypothetical protein,3,3,1.0,67,10,,,,414,414,414.0,HJHFJAOG_01149,MLMIAKCI_02071,AOHABJFI_01927,
group_795,,hypothetical protein,3,3,1.0,67,8,,,,729,729,729.0,HJHFJAOG_01154,MLMIAKCI_02066,AOHABJFI_01922,
uup_8,;uup_8,putative ABC transporter ATP-binding/permease protein;ATP-binding protein Uup,3,3,1.0,67,7,,,,1008,1569,1382.0,HJHFJAOG_01153,MLMIAKCI_02067,AOHABJFI_01923,
group_793,,hypothetical protein,3,3,1.0,67,4,,,,348,516,404.0,HJHFJAOG_01151,MLMIAKCI_02069,AOHABJFI_01925,
group_761,,hypothetical protein,3,3,1.0,63,37,,,,1368,1368,1368.0,HJHFJAOG_01593,MLMIAKCI_01227,AOHABJFI_00050,
group_759,,hypothetical protein,3,3,1.0,63,32,,,,612,612,612.0,HJHFJAOG_01594,MLMIAKCI_01228,AOHABJFI_00051,
uup_7,uup_7,ATP-binding protein Uup,3,3,1.0,63,1,,,,1479,1479,1479.0,HJHFJAOG_01013,,AOHABJFI_00115,LCPJMJGF_01598
group_737,,hypothetical protein,3,3,1.0,58,60,,,,1269,1269,1269.0,HJHFJAOG_00909,MLMIAKCI_02390,AOHABJFI_00774,
bcrA,bcrA,Bacitracin transport ATP-binding protein BcrA,3,3,1.0,58,56,,,,891,891,891.0,,MLMIAKCI_02369,AOHABJFI_00795,LCPJMJGF_00587
group_726,,hypothetical protein,3,3,1.0,58,42,,,,759,759,759.0,,MLMIAKCI_02370,AOHABJFI_00794,LCPJMJGF_00586
pbuG_3,pbuG_3,Guanine/hypoxanthine permease PbuG,3,3,1.0,58,30,,,,1308,1308,1308.0,,MLMIAKCI_02372,AOHABJFI_00792,LCPJMJGF_00584
group_718,,hypothetical protein,3,3,1.0,58,23,,,,771,771,771.0,,MLMIAKCI_02371,AOHABJFI_00793,LCPJMJGF_00585
group_716,,hypothetical protein,3,3,1.0,58,17,,,,870,870,870.0,HJHFJAOG_00908,MLMIAKCI_02389,AOHABJFI_00775,
group_702,,hypothetical protein,3,3,1.0,57,34,,,,1017,1017,1017.0,HJHFJAOG_00867,MLMIAKCI_01531,AOHABJFI_00941,
group_701,,hypothetical protein,3,3,1.0,57,31,,,,897,897,897.0,HJHFJAOG_00866,MLMIAKCI_01530,AOHABJFI_00942,
group_691,,hypothetical protein,3,3,1.0,57,10,,,,243,243,243.0,HJHFJAOG_01530,MLMIAKCI_01203,AOHABJFI_01945,
group_672,,hypothetical protein,3,3,1.0,56,19,,,,501,501,501.0,HJHFJAOG_00846,MLMIAKCI_01431,AOHABJFI_00737,
group_670,,hypothetical protein,3,3,1.0,56,14,,,,858,1128,948.0,HJHFJAOG_01970,MLMIAKCI_00453,AOHABJFI_00767,
hexR_2,hexR_2,HTH-type transcriptional regulator HexR,3,3,1.0,56,10,,,,840,840,840.0,HJHFJAOG_01966,MLMIAKCI_00457,,LCPJMJGF_00977
group_667,,hypothetical protein,3,3,1.0,56,9,,,,132,132,132.0,HJHFJAOG_01969,MLMIAKCI_00454,AOHABJFI_00768,
group_654,,hypothetical protein,3,3,1.0,53,39,,,,1398,1398,1398.0,,MLMIAKCI_00172,AOHABJFI_00509,LCPJMJGF_01971
group_651,,hypothetical protein,3,3,1.0,53,36,,,,405,405,405.0,HJHFJAOG_00773,MLMIAKCI_00186,AOHABJFI_00926,
group_649,,hypothetical protein,3,3,1.0,53,34,,,,375,375,375.0,HJHFJAOG_01015,MLMIAKCI_00048,AOHABJFI_00534,
group_636,,hypothetical protein,3,3,1.0,53,17,,,,276,276,276.0,HJHFJAOG_01014,MLMIAKCI_00049,AOHABJFI_00535,
group_630,,IS982 family transposase ISLhe7,3,3,1.0,53,7,,,,858,858,858.0,HJHFJAOG_00774,1_refound_19,AOHABJFI_00925,
group_620,,hypothetical protein,3,3,1.0,51,40,,,,126,132,129.0,,MLMIAKCI_00651,2_refound_36,LCPJMJGF_01289
group_614,,hypothetical protein,3,3,1.0,51,31,,,,261,261,261.0,HJHFJAOG_00710,MLMIAKCI_00618,AOHABJFI_00027,
group_609,,hypothetical protein,3,3,1.0,51,23,,,,297,297,297.0,HJHFJAOG_00709,MLMIAKCI_00619,AOHABJFI_00026,
tagU_2,tagU_2,Polyisoprenyl-teichoic acid--peptidoglycan teichoic acid transferase TagU,3,3,1.0,51,13,,,,1053,1053,1053.0,,MLMIAKCI_00652,AOHABJFI_00822,LCPJMJGF_01286
group_602,,IS200/IS605 family transposase ISLhe65,3,3,1.0,51,11,,,,1152,1152,1152.0,HJHFJAOG_00690,MLMIAKCI_00638,AOHABJFI_00810,
group_601,,hypothetical protein,3,3,1.0,51,10,,,,219,219,219.0,HJHFJAOG_00708,MLMIAKCI_00620,AOHABJFI_00025,
group_600,,hypothetical protein,3,3,1.0,51,9,,,,276,276,276.0,HJHFJAOG_00707,MLMIAKCI_00621,AOHABJFI_00024,
ywqD,ywqD,Tyrosine-protein kinase YwqD,3,3,1.0,51,7,,,,786,786,786.0,,MLMIAKCI_00654,AOHABJFI_00824,LCPJMJGF_01284
ywqE,ywqE,Tyrosine-protein phosphatase YwqE,3,3,1.0,51,6,,,,771,771,771.0,,MLMIAKCI_00655,AOHABJFI_00825,LCPJMJGF_01283
cap8A,cap8A,Capsular polysaccharide type 8 biosynthesis protein cap8A,3,3,1.0,51,4,,,,879,879,879.0,,MLMIAKCI_00653,AOHABJFI_00823,LCPJMJGF_01285
group_582,,hypothetical protein,3,3,1.0,49,13,,,,303,303,303.0,HJHFJAOG_00668,MLMIAKCI_01498,AOHABJFI_01496,
group_578,,hypothetical protein,3,3,1.0,49,8,,,,591,591,591.0,HJHFJAOG_00670,MLMIAKCI_00145,AOHABJFI_02081,
group_571,,hypothetical protein,3,3,1.0,48,14,,,,378,378,378.0,HJHFJAOG_01472,MLMIAKCI_01152,AOHABJFI_00292,
group_570,,hypothetical protein,3,3,1.0,48,12,,,,180,180,180.0,HJHFJAOG_01473,MLMIAKCI_01151,AOHABJFI_00293,
group_569,,hypothetical protein,3,3,1.0,48,11,,,,822,822,822.0,HJHFJAOG_01471,MLMIAKCI_01153,AOHABJFI_00291,
group_568,,hypothetical protein,3,3,1.0,48,9,,,,450,450,450.0,HJHFJAOG_01474,MLMIAKCI_01150,AOHABJFI_00294,
malL,malL,Oligo-16-glucosidase,3,3,1.0,48,8,,,,1662,1662,1662.0,HJHFJAOG_01463,MLMIAKCI_01161,AOHABJFI_00283,
btuD,btuD,Vitamin B12 import ATP-binding protein BtuD,3,3,1.0,47,31,,,,888,888,888.0,HJHFJAOG_00646,MLMIAKCI_01807,AOHABJFI_00275,
group_561,,hypothetical protein,3,3,1.0,47,27,,,,102,102,102.0,HJHFJAOG_00639,MLMIAKCI_01814,AOHABJFI_00268,
group_555,,hypothetical protein,3,3,1.0,47,18,,,,342,342,342.0,HJHFJAOG_00625,MLMIAKCI_02174,AOHABJFI_00254,
group_549,,hypothetical protein,3,3,1.0,47,10,,,,276,276,276.0,HJHFJAOG_00624,MLMIAKCI_02173,AOHABJFI_00253,
group_548,,IS200/IS605 family transposase ISLjo5,3,3,1.0,47,9,,,,1239,1239,1239.0,HJHFJAOG_00645,MLMIAKCI_01808,AOHABJFI_00274,
group_546,,hypothetical protein,3,3,1.0,47,7,,,,690,690,690.0,HJHFJAOG_00637,MLMIAKCI_01816,AOHABJFI_00266,
steT_1,steT_1,Serine/threonine exchanger SteT,3,3,1.0,44,1,,,,1302,1302,1302.0,HJHFJAOG_00548,MLMIAKCI_00522,AOHABJFI_00351,
group_482,,hypothetical protein,3,3,1.0,43,1,,,,603,603,603.0,HJHFJAOG_00532,MLMIAKCI_01417,AOHABJFI_01971,
group_480,,hypothetical protein,3,3,1.0,42,2,,,,129,129,129.0,HJHFJAOG_00526,MLMIAKCI_00288,,LCPJMJGF_01164
group_478,,hypothetical protein,3,3,1.0,41,28,,,,900,900,900.0,HJHFJAOG_01739,MLMIAKCI_02232,AOHABJFI_00321,
ybbH_2,ybbH_2,putative HTH-type transcriptional regulator YbbH,3,3,1.0,41,26,,,,855,855,855.0,HJHFJAOG_01741,MLMIAKCI_02230,AOHABJFI_00319,
group_477,,hypothetical protein,3,3,1.0,41,24,,,,117,117,117.0,HJHFJAOG_01742,MLMIAKCI_02229,AOHABJFI_00318,
murP,murP,PTS system MurNAc-GlcNAc-specific EIIBC component,3,3,1.0,41,13,,,,1443,1443,1443.0,HJHFJAOG_01738,MLMIAKCI_02233,AOHABJFI_00322,
group_473,,hypothetical protein,3,3,1.0,41,9,,,,312,312,312.0,HJHFJAOG_00509,MLMIAKCI_00829,AOHABJFI_00333,
group_470,,IS66 family transposase ISCce5;IS66 family transposase ISSwo2,3,4,1.3333333333333333,40,25,,,,618,1329,938.25,HJHFJAOG_00491,MLMIAKCI_00901;MLMIAKCI_00902,AOHABJFI_01099,
group_469,,hypothetical protein,3,3,1.0,40,24,,,,231,231,231.0,HJHFJAOG_00492,MLMIAKCI_00900,AOHABJFI_01100,
frc_2,frc_2,Formyl-CoA:oxalate CoA-transferase,3,3,1.0,40,18,,,,1035,1035,1035.0,HJHFJAOG_00496,MLMIAKCI_00896,AOHABJFI_01104,
frc_1,frc_1,Formyl-CoA:oxalate CoA-transferase,3,3,1.0,40,17,,,,267,267,267.0,HJHFJAOG_00495,MLMIAKCI_00897,AOHABJFI_01103,
group_467,,hypothetical protein,3,3,1.0,40,14,,,,177,177,177.0,HJHFJAOG_00494,MLMIAKCI_00898,AOHABJFI_01102,
group_465,,IS66 family transposase ISBaps1,3,3,1.0,40,9,,,,348,348,348.0,HJHFJAOG_00493,MLMIAKCI_00899,AOHABJFI_01101,
oxc,oxc,Oxalyl-CoA decarboxylase,3,3,1.0,40,4,,,,1728,1728,1728.0,HJHFJAOG_00497,MLMIAKCI_00895,AOHABJFI_01105,
group_436,,hypothetical protein,3,3,1.0,36,62,,,,192,192,192.0,HJHFJAOG_00974,MLMIAKCI_00101,AOHABJFI_01159,
group_432,,hypothetical protein,3,3,1.0,36,56,,,,159,159,159.0,HJHFJAOG_00424,1_refound_8,AOHABJFI_00857,
glcA,glcA,Glycolate permease GlcA,3,3,1.0,36,52,,,,1515,1515,1515.0,HJHFJAOG_00978,MLMIAKCI_00097,AOHABJFI_01163,
group_427,,hypothetical protein,3,3,1.0,36,49,,,,162,162,162.0,HJHFJAOG_00973,MLMIAKCI_00102,AOHABJFI_01158,
luxS,luxS,S-ribosylhomocysteine lyase,3,3,1.0,36,48,,,,477,477,477.0,HJHFJAOG_00977,MLMIAKCI_00098,AOHABJFI_01162,
group_422,,hypothetical protein,3,3,1.0,36,42,,,,1119,1119,1119.0,HJHFJAOG_00976,MLMIAKCI_00099,AOHABJFI_01161,
group_421,,hypothetical protein,3,3,1.0,36,41,,,,333,333,333.0,HJHFJAOG_00411,MLMIAKCI_00061,AOHABJFI_00844,
group_417,,hypothetical protein,3,3,1.0,36,35,,,,486,486,486.0,HJHFJAOG_00975,MLMIAKCI_00100,AOHABJFI_01160,
group_407,,IS982 family transposase ISLhe5,3,3,1.0,36,20,,,,414,414,414.0,HJHFJAOG_00422,MLMIAKCI_02212,AOHABJFI_00855,
group_369,,hypothetical protein,3,3,1.0,33,3,,,,249,249,249.0,HJHFJAOG_01428,MLMIAKCI_01802,AOHABJFI_01701,
group_351,,hypothetical protein,3,3,1.0,28,124,,,,306,306,306.0,HJHFJAOG_00312,MLMIAKCI_00700,AOHABJFI_01031,
ycaM_2,ycaM_2,Inner membrane transporter YcaM,3,3,1.0,28,89,,,,1626,1626,1626.0,HJHFJAOG_01201,MLMIAKCI_00982,AOHABJFI_00605,
group_329,,hypothetical protein,3,3,1.0,28,60,,,,1209,1209,1209.0,HJHFJAOG_00305,MLMIAKCI_00693,AOHABJFI_01038,
group_326,,hypothetical protein,3,3,1.0,28,53,,,,537,537,537.0,HJHFJAOG_00304,MLMIAKCI_00692,AOHABJFI_01039,
group_304,,IS4 family transposase IS1675,3,3,1.0,27,1,,,,1383,1383,1383.0,HJHFJAOG_00250,MLMIAKCI_00478,,LCPJMJGF_00271
group_303,,IS110 family transposase ISLhe4,3,3,1.0,26,1,,,,1227,1227,1227.0,HJHFJAOG_00249,MLMIAKCI_00477,,LCPJMJGF_00270
group_302,,hypothetical protein,3,3,1.0,25,2,,,,165,165,165.0,HJHFJAOG_00247,MLMIAKCI_00575,AOHABJFI_00421,
group_301,,hypothetical protein,3,3,1.0,25,1,,,,534,534,534.0,HJHFJAOG_00248,MLMIAKCI_00574,AOHABJFI_00420,
group_297,,hypothetical protein,3,3,1.0,23,37,,,,363,363,363.0,HJHFJAOG_01896,MLMIAKCI_00604,AOHABJFI_00151,
group_296,,hypothetical protein,3,3,1.0,23,35,,,,162,162,162.0,HJHFJAOG_02074,MLMIAKCI_00608,AOHABJFI_00155,
group_294,,hypothetical protein,3,3,1.0,23,32,,,,261,261,261.0,HJHFJAOG_01902,1_refound_14,2_refound_26,
group_293,,hypothetical protein,3,4,1.3333333333333333,23,31,,,,192,540,382.5,HJHFJAOG_01923,MLMIAKCI_00974,AOHABJFI_00125;AOHABJFI_00124,
group_292,,hypothetical protein,3,3,1.0,23,30,,,,903,903,903.0,HJHFJAOG_01903,MLMIAKCI_00598,AOHABJFI_00145,
group_289,,hypothetical protein,3,3,1.0,23,26,,,,813,813,813.0,HJHFJAOG_00245,MLMIAKCI_00606,AOHABJFI_00153,
group_288,,hypothetical protein,3,3,1.0,23,23,,,,861,861,861.0,HJHFJAOG_01895,MLMIAKCI_00605,AOHABJFI_00152,
group_287,,hypothetical protein,3,3,1.0,23,22,,,,210,210,210.0,HJHFJAOG_02073,MLMIAKCI_00609,AOHABJFI_00156,
group_285,,hypothetical protein,3,3,1.0,23,20,,,,240,240,240.0,HJHFJAOG_02072,MLMIAKCI_00610,AOHABJFI_00157,
group_284,,ISL3 family transposase ISLhe2,3,3,1.0,23,19,,,,726,726,726.0,HJHFJAOG_01905,MLMIAKCI_00596,AOHABJFI_00143,
group_282,,hypothetical protein,3,3,1.0,23,14,,,,2913,2913,2913.0,HJHFJAOG_01904,MLMIAKCI_00597,AOHABJFI_00144,
group_274,,hypothetical protein,3,4,1.3333333333333333,23,4,,,,279,837,636.0,HJHFJAOG_02075;HJHFJAOG_00244,MLMIAKCI_00607,AOHABJFI_00154,
group_272,,hypothetical protein,3,3,1.0,22,1,,,,1299,1299,1299.0,HJHFJAOG_00241,MLMIAKCI_00469,AOHABJFI_00301,
uup_5,uup_5,ATP-binding protein Uup,3,3,1.0,21,2,,,,1542,1542,1542.0,HJHFJAOG_00239,MLMIAKCI_00426,AOHABJFI_00249,
group_271,,hypothetical protein,3,3,1.0,21,1,,,,330,330,330.0,HJHFJAOG_00238,MLMIAKCI_00425,AOHABJFI_00248,
rppH_1,rppH_1;,RNA pyrophosphohydrolase;Nudix hydrolase,3,3,1.0,15,88,,,,279,453,337.0,HJHFJAOG_00235,MLMIAKCI_00223,AOHABJFI_01624,
group_143,,hypothetical protein,3,3,1.0,14,4,,,,576,576,576.0,HJHFJAOG_00177,,AOHABJFI_00175,LCPJMJGF_00244
group_136,,hypothetical protein,3,3,1.0,11,1,,,,324,324,324.0,HJHFJAOG_00173,MLMIAKCI_00747,AOHABJFI_00473,
cas9_1,cas9_1,CRISPR-associated endonuclease Cas9,3,3,1.0,10,1,,,,2574,2574,2574.0,HJHFJAOG_00172,MLMIAKCI_00362,AOHABJFI_00185,
msrD,msrD,putative macrolide resistance translation factor MsrD,3,3,1.0,9,36,,,,1503,1503,1503.0,,MLMIAKCI_00408,AOHABJFI_01858,LCPJMJGF_01244
group_134,,hypothetical protein,3,3,1.0,9,34,,,,753,753,753.0,HJHFJAOG_01716,MLMIAKCI_01145,AOHABJFI_01679,
group_132,,L-lactate oxidase,3,3,1.0,9,32,,,,1281,1281,1281.0,,MLMIAKCI_00134,AOHABJFI_01685,LCPJMJGF_01250
group_127,,hypothetical protein,3,4,1.3333333333333333,9,22,,,,177,654,450.75,HJHFJAOG_01713,MLMIAKCI_01147,AOHABJFI_01681;AOHABJFI_01682,
group_126,,hypothetical protein,3,3,1.0,9,20,,,,279,294,289.0,,MLMIAKCI_00407,AOHABJFI_01857,LCPJMJGF_01245
group_119,,hypothetical protein,3,3,1.0,8,1,,,,192,192,192.0,HJHFJAOG_00165,1_refound_7,AOHABJFI_00251,
group_98,,hypothetical protein,3,3,1.0,5,27,,,,180,180,180.0,HJHFJAOG_01351,MLMIAKCI_01063,AOHABJFI_02117,
group_97,,hypothetical protein,3,3,1.0,5,24,,,,174,384,314.0,HJHFJAOG_00389,MLMIAKCI_01100,,LCPJMJGF_02096
group_92,,hypothetical protein,3,3,1.0,5,7,,,,225,225,225.0,HJHFJAOG_01365,MLMIAKCI_01049,AOHABJFI_02103,
group_89,,hypothetical protein,3,3,1.0,5,1,,,,648,648,648.0,HJHFJAOG_00128,MLMIAKCI_01035,AOHABJFI_01477,
plsC,plsC,1-acyl-sn-glycerol-3-phosphate acyltransferase,3,3,1.0,4,112,,,,615,615,615.0,HJHFJAOG_00110,MLMIAKCI_01976,AOHABJFI_01320,
yfiC,yfiC,tRNA1(Val) (adenine(37)-N6)-methyltransferase,3,3,1.0,4,110,,,,1032,1032,1032.0,HJHFJAOG_00109,MLMIAKCI_01975,AOHABJFI_01321,
cfa,cfa,Cyclopropane-fatty-acyl-phospholipid synthase,3,3,1.0,4,68,,,,1179,1179,1179.0,HJHFJAOG_00111,MLMIAKCI_01977,AOHABJFI_01319,
group_8,,hypothetical protein,3,3,1.0,1,10,,,,222,222,222.0,HJHFJAOG_00009,MLMIAKCI_02036,2_refound_33,
group_7,,hypothetical protein,3,3,1.0,1,9,,,,282,282,282.0,HJHFJAOG_00005,MLMIAKCI_02032,AOHABJFI_00431,
group_6,,hypothetical protein,3,4,1.3333333333333333,1,8,,,,312,1122,801.0,HJHFJAOG_00006,MLMIAKCI_02033,AOHABJFI_00231;AOHABJFI_00230,
group_5,,hypothetical protein,3,3,1.0,1,7,,,,399,399,399.0,HJHFJAOG_00007,MLMIAKCI_02034,AOHABJFI_00232,
group_3,,hypothetical protein,3,3,1.0,1,5,,,,183,183,183.0,HJHFJAOG_00011,MLMIAKCI_02038,AOHABJFI_00736,
group_2,,hypothetical protein,3,3,1.0,1,4,,,,231,231,231.0,HJHFJAOG_00008,MLMIAKCI_02035,AOHABJFI_00233,
chpB,chpB,Endoribonuclease toxin ChpB,3,3,1.0,1,2,,,,357,357,357.0,HJHFJAOG_00004,MLMIAKCI_02031,AOHABJFI_00432,
group_0,,hypothetical protein,3,3,1.0,1,1,,,,390,390,390.0,HJHFJAOG_00010,MLMIAKCI_02037,2_refound_35,
group_1388,,hypothetical protein,2,2,1.0,172,1,,,,246,960,603.0,,MLMIAKCI_00752,AOHABJFI_00403,
group_1382,,hypothetical protein,2,2,1.0,170,1,,,,180,180,180.0,,MLMIAKCI_01034,AOHABJFI_00406,
group_1380,,hypothetical protein,2,2,1.0,168,1,,,,762,762,762.0,,MLMIAKCI_01412,,LCPJMJGF_00282
slpH,slpH,S-layer protein,2,2,1.0,167,2,,,,1347,1347,1347.0,HJHFJAOG_00676,,AOHABJFI_02088,
group_1334,,hypothetical protein,2,2,1.0,151,12,,,,1815,1815,1815.0,,,AOHABJFI_01261,LCPJMJGF_01545
dhaL,dhaL,PTS-dependent dihydroxyacetone kinase ADP-binding subunit DhaL,2,2,1.0,151,11,,,,585,585,585.0,,,AOHABJFI_01267,LCPJMJGF_01550
benM_2~~~cynR,benM_2;cynR,HTH-type transcriptional regulator BenM;HTH-type transcriptional regulator CynR,2,2,1.0,151,10,,,,837,876,856.5,,,AOHABJFI_01262,LCPJMJGF_01546
group_1333,,hypothetical protein,2,2,1.0,151,9,,,,621,636,628.5,,,AOHABJFI_01263,LCPJMJGF_01547
yflS_2,yflS_2,Putative malate transporter YflS,2,2,1.0,151,8,,,,1416,1416,1416.0,,,AOHABJFI_01259,LCPJMJGF_01543
glpF,glpF,Glycerol uptake facilitator protein,2,2,1.0,151,7,,,,708,708,708.0,,,AOHABJFI_01265,LCPJMJGF_01548
dhaM,dhaM,PTS-dependent dihydroxyacetone kinase phosphotransferase subunit DhaM,2,2,1.0,151,6,,,,372,372,372.0,,,AOHABJFI_01266,LCPJMJGF_01549
group_1331,,hypothetical protein,2,2,1.0,151,4,,,,4716,4716,4716.0,,,AOHABJFI_01269,LCPJMJGF_01552
group_1330,,hypothetical protein,2,2,1.0,151,3,,,,1785,1785,1785.0,,,AOHABJFI_01258,LCPJMJGF_01542
dhaK,dhaK,PTS-dependent dihydroxyacetone kinase dihydroxyacetone-binding subunit DhaK,2,2,1.0,151,2,,,,996,996,996.0,,,AOHABJFI_01268,LCPJMJGF_01551
cysL,cysL,HTH-type transcriptional regulator CysL,2,2,1.0,151,1,,,,885,885,885.0,,,AOHABJFI_01260,LCPJMJGF_01544
group_1329,,hypothetical protein,2,2,1.0,150,1,,,,897,897,897.0,,,AOHABJFI_00940,LCPJMJGF_01452
group_1328,,hypothetical protein,2,2,1.0,149,1,,,,1041,1041,1041.0,,,AOHABJFI_00312,LCPJMJGF_00194
kdsD,kdsD,Arabinose 5-phosphate isomerase KdsD,2,2,1.0,148,8,,,,597,597,597.0,,MLMIAKCI_02327,,LCPJMJGF_01420
licR_2,licR_2,putative licABCH operon regulator,2,2,1.0,148,7,,,,1839,1839,1839.0,,MLMIAKCI_02329,,LCPJMJGF_01422
hxlB,hxlB,3-hexulose-6-phosphate isomerase,2,2,1.0,148,6,,,,543,543,543.0,,MLMIAKCI_02328,,LCPJMJGF_01421
group_1327,,hypothetical protein,2,2,1.0,148,5,,,,519,519,519.0,,MLMIAKCI_02326,,LCPJMJGF_01419
gatA_3~~~gatA_2,gatA_3;gatA_2,PTS system galactitol-specific EIIA component,2,2,1.0,148,4,,,,459,459,459.0,,MLMIAKCI_02323,,LCPJMJGF_01416
gatC_3~~~gatC_2,gatC_3;gatC_2,PTS system galactitol-specific EIIC component,2,2,1.0,148,3,,,,1290,1347,1318.5,,MLMIAKCI_02324,,LCPJMJGF_01417
group_1326,,hypothetical protein,2,2,1.0,148,2,,,,291,291,291.0,,MLMIAKCI_02325,,LCPJMJGF_01418
rpe_2,rpe_2,Ribulose-phosphate 3-epimerase,2,2,1.0,148,1,,,,651,651,651.0,,MLMIAKCI_02322,,LCPJMJGF_01415
group_1325,,hypothetical protein,2,2,1.0,147,2,,,,1032,1182,1107.0,,MLMIAKCI_02044,AOHABJFI_00110,
group_1324,,hypothetical protein,2,2,1.0,147,1,,,,753,753,753.0,,MLMIAKCI_02043,AOHABJFI_00109,
group_1323,,hypothetical protein,2,2,1.0,146,2,,,,690,1668,1179.0,,MLMIAKCI_02042,AOHABJFI_00360,
group_1322,,hypothetical protein,2,2,1.0,146,1,,,,393,393,393.0,,MLMIAKCI_02041,AOHABJFI_00359,
group_1317,,hypothetical protein,2,2,1.0,144,33,,,,432,432,432.0,,MLMIAKCI_01587,AOHABJFI_00694,
group_1315,,hypothetical protein,2,2,1.0,144,31,,,,804,804,804.0,,MLMIAKCI_01577,AOHABJFI_00684,
group_1313,,hypothetical protein,2,2,1.0,144,29,,,,573,573,573.0,,MLMIAKCI_01573,AOHABJFI_00681,
group_1311,,hypothetical protein,2,2,1.0,144,27,,,,672,672,672.0,,MLMIAKCI_01583,AOHABJFI_00690,
group_1309,,hypothetical protein,2,2,1.0,144,25,,,,960,960,960.0,,MLMIAKCI_01581,AOHABJFI_00688,
group_1307,,hypothetical protein,2,2,1.0,144,23,,,,537,537,537.0,,MLMIAKCI_01580,AOHABJFI_00687,
group_1306,,hypothetical protein,2,2,1.0,144,22,,,,1212,1212,1212.0,,MLMIAKCI_01579,AOHABJFI_00686,
group_1304,,hypothetical protein,2,2,1.0,144,20,,,,447,447,447.0,,MLMIAKCI_01588,AOHABJFI_00695,
group_1302,,hypothetical protein,2,2,1.0,144,18,,,,219,219,219.0,,MLMIAKCI_01572,AOHABJFI_00680,
group_1301,,hypothetical protein,2,2,1.0,144,17,,,,546,546,546.0,,MLMIAKCI_01585,AOHABJFI_00692,
group_1300,,hypothetical protein,2,2,1.0,144,16,,,,246,246,246.0,,MLMIAKCI_01589,AOHABJFI_00696,
group_1299,,hypothetical protein,2,2,1.0,144,15,,,,1335,1335,1335.0,,MLMIAKCI_01586,AOHABJFI_00693,
group_1298,,hypothetical protein,2,2,1.0,144,14,,,,420,420,420.0,,MLMIAKCI_01584,AOHABJFI_00691,
group_1294,,hypothetical protein,2,2,1.0,144,10,,,,504,504,504.0,,MLMIAKCI_01570,AOHABJFI_00678,
group_1293,,hypothetical protein,2,2,1.0,144,9,,,,387,387,387.0,,MLMIAKCI_01582,AOHABJFI_00689,
group_1292,,hypothetical protein,2,2,1.0,144,8,,,,147,147,147.0,,MLMIAKCI_01571,AOHABJFI_00679,
group_1290,,hypothetical protein,2,2,1.0,144,6,,,,249,249,249.0,,MLMIAKCI_01569,AOHABJFI_00677,
group_1289,,hypothetical protein,2,2,1.0,144,5,,,,357,357,357.0,,MLMIAKCI_01578,AOHABJFI_00685,
group_1288,,hypothetical protein,2,2,1.0,144,4,,,,1473,1473,1473.0,,MLMIAKCI_01574,AOHABJFI_00682,
group_1287,,hypothetical protein,2,2,1.0,144,3,,,,5478,5478,5478.0,,MLMIAKCI_01590,AOHABJFI_00697,
group_1286,,hypothetical protein,2,3,1.5,144,2,,,,651,1386,911.0,,MLMIAKCI_01576;MLMIAKCI_01575,AOHABJFI_00683,
group_1284,,hypothetical protein,2,2,1.0,143,5,,,,306,306,306.0,,MLMIAKCI_01525,,LCPJMJGF_00131
group_1283,,hypothetical protein,2,2,1.0,143,4,,,,879,879,879.0,,MLMIAKCI_01526,,LCPJMJGF_00130
group_1282,,hypothetical protein,2,2,1.0,143,3,,,,417,1317,867.0,,MLMIAKCI_01528,,LCPJMJGF_00128
group_1281,,hypothetical protein,2,2,1.0,143,2,,,,945,945,945.0,,MLMIAKCI_01527,,LCPJMJGF_00129
group_1280,,hypothetical protein,2,2,1.0,143,1,,,,756,756,756.0,,MLMIAKCI_01524,,LCPJMJGF_00132
group_1279,,IS982 family transposase ISLh1,2,2,1.0,142,25,,,,360,360,360.0,,MLMIAKCI_01116,AOHABJFI_01121,
group_1278,,hypothetical protein,2,2,1.0,142,24,,,,228,228,228.0,,MLMIAKCI_01114,AOHABJFI_01119,
group_1277,,hypothetical protein,2,2,1.0,142,23,,,,399,399,399.0,,MLMIAKCI_01118,AOHABJFI_01123,
gatB_1,gatB_1,PTS system galactitol-specific EIIB component,2,2,1.0,142,20,,,,294,294,294.0,,MLMIAKCI_01111,AOHABJFI_01116,
gatC_1,gatC_1,PTS system galactitol-specific EIIC component,2,2,1.0,142,19,,,,1392,1392,1392.0,,MLMIAKCI_01112,AOHABJFI_01117,
group_1274,,hypothetical protein,2,2,1.0,142,18,,,,234,234,234.0,,MLMIAKCI_01117,AOHABJFI_01122,
group_1272,,hypothetical protein,2,2,1.0,142,16,,,,237,237,237.0,,MLMIAKCI_01120,AOHABJFI_01125,
group_1271,,hypothetical protein,2,2,1.0,142,14,,,,240,240,240.0,,MLMIAKCI_01119,AOHABJFI_01124,
gatA_1,gatA_1,PTS system galactitol-specific EIIA component,2,2,1.0,142,13,,,,492,492,492.0,,MLMIAKCI_01113,AOHABJFI_01118,
bcgIB,bcgIB,Type II restriction enzyme BgcI specificity subunit S.BcgI,2,2,1.0,142,12,,,,1110,1134,1122.0,,MLMIAKCI_01106,AOHABJFI_01111,
araD_1,araD_1,L-ribulose-5-phosphate 4-epimerase,2,2,1.0,142,11,,,,729,729,729.0,,MLMIAKCI_01109,AOHABJFI_01114,
group_1270,,hypothetical protein,2,2,1.0,142,10,,,,309,309,309.0,,MLMIAKCI_01105,AOHABJFI_01110,
group_1269,,hypothetical protein,2,2,1.0,142,9,,,,141,141,141.0,,MLMIAKCI_01104,AOHABJFI_01109,
group_1268,,IS982 family transposase ISLhe7,2,2,1.0,142,8,,,,597,597,597.0,,MLMIAKCI_01108,AOHABJFI_01113,
group_1267,,hypothetical protein,2,2,1.0,142,7,,,,222,222,222.0,,MLMIAKCI_01115,AOHABJFI_01120,
bcgIA,bcgIA,Type II restriction enzyme and methyltransferase RM.BcgI,2,2,1.0,142,5,,,,2067,2067,2067.0,,MLMIAKCI_01107,AOHABJFI_01112,
group_1264,,hypothetical protein,2,2,1.0,142,3,,,,2109,2109,2109.0,,MLMIAKCI_01110,AOHABJFI_01115,
group_1263,,hypothetical protein,2,2,1.0,142,2,,,,150,150,150.0,,MLMIAKCI_01103,AOHABJFI_01108,
group_1261,,hypothetical protein,2,2,1.0,141,64,,,,156,156,156.0,,MLMIAKCI_01611,AOHABJFI_01143,
group_1259,,hypothetical protein,2,2,1.0,141,62,,,,399,399,399.0,,MLMIAKCI_01609,AOHABJFI_01145,
group_1258,,hypothetical protein,2,2,1.0,141,61,,,,258,258,258.0,,MLMIAKCI_01608,AOHABJFI_01146,
group_1257,,hypothetical protein,2,2,1.0,141,60,,,,399,399,399.0,,MLMIAKCI_00954,AOHABJFI_00634,
group_1256,,hypothetical protein,2,2,1.0,141,59,,,,399,399,399.0,,MLMIAKCI_00935,AOHABJFI_00652,
group_1254,,hypothetical protein,2,2,1.0,141,57,,,,849,849,849.0,,MLMIAKCI_01597,AOHABJFI_01154,
group_1245,,hypothetical protein,2,2,1.0,141,48,,,,402,402,402.0,,MLMIAKCI_01606,AOHABJFI_01148,
group_1244,,hypothetical protein,2,2,1.0,141,47,,,,168,216,192.0,,MLMIAKCI_00925,AOHABJFI_00663,
group_1242,,hypothetical protein,2,2,1.0,141,45,,,,168,168,168.0,,MLMIAKCI_00930,AOHABJFI_00657,
group_1241,,hypothetical protein,2,2,1.0,141,44,,,,1122,1122,1122.0,,MLMIAKCI_01610,AOHABJFI_01144,
group_1240,,hypothetical protein,2,2,1.0,141,43,,,,249,474,361.5,,MLMIAKCI_01594,AOHABJFI_01157,
group_1231,,hypothetical protein,2,2,1.0,141,34,,,,210,210,210.0,,MLMIAKCI_01612,AOHABJFI_01142,
group_1230,,hypothetical protein,2,2,1.0,141,33,,,,210,210,210.0,,MLMIAKCI_01607,AOHABJFI_01147,
group_1229,,hypothetical protein,2,2,1.0,141,32,,,,339,339,339.0,,MLMIAKCI_00937,AOHABJFI_00650,
group_1228,,hypothetical protein,2,2,1.0,141,31,,,,210,210,210.0,,MLMIAKCI_00933,AOHABJFI_00654,
group_1227,,hypothetical protein,2,2,1.0,141,30,,,,237,237,237.0,,MLMIAKCI_00929,AOHABJFI_00658,
group_1226,,hypothetical protein,2,2,1.0,141,29,,,,300,300,300.0,,MLMIAKCI_00927,AOHABJFI_00661,
group_1225,,hypothetical protein,2,2,1.0,141,28,,,,384,384,384.0,,MLMIAKCI_01603,AOHABJFI_01151,
group_1224,,hypothetical protein,2,2,1.0,141,27,,,,1044,1044,1044.0,,MLMIAKCI_00939,AOHABJFI_00648,
group_1223,,hypothetical protein,2,2,1.0,141,26,,,,180,180,180.0,,MLMIAKCI_01605,AOHABJFI_01149,
group_1219,xerC_3,Tyrosine recombinase XerC,2,2,1.0,141,20,,,,1149,1149,1149.0,,MLMIAKCI_00938,AOHABJFI_00649,
group_1217,,hypothetical protein,2,2,1.0,141,18,,,,2055,2175,2115.0,,MLMIAKCI_01599,AOHABJFI_01152,
group_1216,,hypothetical protein,2,2,1.0,141,17,,,,363,369,366.0,,MLMIAKCI_01595,AOHABJFI_01156,
immR,immR,HTH-type transcriptional regulator ImmR,2,2,1.0,141,15,,,,348,348,348.0,,MLMIAKCI_00934,AOHABJFI_00653,
group_1215,,hypothetical protein,2,2,1.0,141,14,,,,417,417,417.0,,MLMIAKCI_00928,AOHABJFI_00660,
group_1214,,hypothetical protein,2,2,1.0,141,13,,,,594,594,594.0,,MLMIAKCI_00936,AOHABJFI_00651,
group_1213,,hypothetical protein,2,2,1.0,141,12,,,,219,219,219.0,,MLMIAKCI_00931,AOHABJFI_00656,
group_1209,,hypothetical protein,2,2,1.0,141,8,,,,246,246,246.0,,MLMIAKCI_00926,AOHABJFI_00662,
group_1207,,hypothetical protein,2,2,1.0,141,6,,,,597,597,597.0,,MLMIAKCI_01604,AOHABJFI_01150,
group_1204,,hypothetical protein,2,2,1.0,141,3,,,,1068,1089,1078.5,,MLMIAKCI_01598,AOHABJFI_01153,
group_1203,,hypothetical protein,2,2,1.0,141,2,,,,744,744,744.0,,MLMIAKCI_00932,AOHABJFI_00655,
group_1202,,hypothetical protein,2,2,1.0,141,1,,,,1182,1182,1182.0,,MLMIAKCI_01596,AOHABJFI_01155,
group_1200,,hypothetical protein,2,2,1.0,140,50,,,,432,432,432.0,,MLMIAKCI_00789,AOHABJFI_00363,
group_1198,,hypothetical protein,2,2,1.0,140,48,,,,264,264,264.0,,MLMIAKCI_00762,AOHABJFI_00388,
group_1197,,hypothetical protein,2,2,1.0,140,47,,,,606,606,606.0,,MLMIAKCI_00756,AOHABJFI_00399,
group_1196,,hypothetical protein,2,2,1.0,140,46,,,,204,204,204.0,,MLMIAKCI_00759,AOHABJFI_00396,
group_1194,,hypothetical protein,2,2,1.0,140,44,,,,498,498,498.0,,MLMIAKCI_00776,AOHABJFI_00376,
group_1191,,hypothetical protein,2,2,1.0,140,41,,,,1191,1191,1191.0,,MLMIAKCI_00781,AOHABJFI_00371,
group_1190,,hypothetical protein,2,2,1.0,140,40,,,,798,801,799.5,,MLMIAKCI_00779,AOHABJFI_00373,
group_1189,,hypothetical protein,2,2,1.0,140,39,,,,5076,5208,5142.0,,MLMIAKCI_00791,AOHABJFI_00361,
group_1188,,hypothetical protein,2,2,1.0,140,38,,,,369,369,369.0,,MLMIAKCI_00790,AOHABJFI_00362,
group_1187,,hypothetical protein,2,2,1.0,140,37,,,,261,378,319.5,,MLMIAKCI_00758,AOHABJFI_00397,
group_1186,,hypothetical protein,2,2,1.0,140,36,,,,1458,1458,1458.0,,MLMIAKCI_00777,AOHABJFI_00375,
group_1183,,hypothetical protein,2,2,1.0,140,33,,,,531,531,531.0,,MLMIAKCI_00787,AOHABJFI_00365,
group_1179,,hypothetical protein,2,2,1.0,140,29,,,,156,180,168.0,,MLMIAKCI_00764,AOHABJFI_00386,
group_1176,,hypothetical protein,2,2,1.0,140,26,,,,567,567,567.0,,MLMIAKCI_00782,AOHABJFI_00370,
group_1175,,hypothetical protein,2,2,1.0,140,25,,,,309,309,309.0,,MLMIAKCI_00757,AOHABJFI_00398,
group_1174,,hypothetical protein,2,2,1.0,140,24,,,,1422,1422,1422.0,,MLMIAKCI_00778,AOHABJFI_00374,
group_1168,,hypothetical protein,2,2,1.0,140,18,,,,213,213,213.0,,MLMIAKCI_00755,AOHABJFI_00400,
group_1167,,hypothetical protein,2,2,1.0,140,17,,,,1041,1041,1041.0,,MLMIAKCI_00783,AOHABJFI_00369,
group_1165,,hypothetical protein,2,2,1.0,140,15,,,,390,390,390.0,,MLMIAKCI_00784,AOHABJFI_00368,
group_1163,,hypothetical protein,2,2,1.0,140,13,,,,381,381,381.0,,MLMIAKCI_00765,AOHABJFI_00385,
group_1162,,hypothetical protein,2,2,1.0,140,12,,,,348,348,348.0,,MLMIAKCI_00780,AOHABJFI_00372,
group_1160,,hypothetical protein,2,2,1.0,140,10,,,,597,597,597.0,,MLMIAKCI_00785,AOHABJFI_00367,
group_1158,,hypothetical protein,2,2,1.0,140,8,,,,456,456,456.0,,MLMIAKCI_00786,AOHABJFI_00366,
group_1157,,hypothetical protein,2,2,1.0,140,7,,,,1170,1170,1170.0,,MLMIAKCI_00788,AOHABJFI_00364,
group_1156,,hypothetical protein,2,2,1.0,140,6,,,,180,198,189.0,,MLMIAKCI_00771,AOHABJFI_00381,
group_1155,,hypothetical protein,2,2,1.0,140,5,,,,174,1173,673.5,,MLMIAKCI_00774,AOHABJFI_00379,
group_1154,,hypothetical protein,2,2,1.0,140,3,,,,231,231,231.0,,MLMIAKCI_00770,AOHABJFI_00382,
group_1153,,hypothetical protein,2,2,1.0,140,2,,,,522,552,537.0,,MLMIAKCI_00768,AOHABJFI_00384,
group_1151,msrC,Free methionine-R-sulfoxide reductase,2,2,1.0,139,1,,,,405,405,405.0,,MLMIAKCI_00744,AOHABJFI_00506,
group_1150,,hypothetical protein,2,2,1.0,138,1,,,,609,609,609.0,,MLMIAKCI_00617,AOHABJFI_00505,
group_1149,,hypothetical protein,2,2,1.0,137,2,,,,315,315,315.0,,MLMIAKCI_00614,AOHABJFI_00424,
group_1148,,hypothetical protein,2,2,1.0,137,1,,,,231,231,231.0,,MLMIAKCI_00613,AOHABJFI_00425,
group_1147,,hypothetical protein,2,2,1.0,136,1,,,,261,261,261.0,,MLMIAKCI_00573,,LCPJMJGF_01382
group_1146,,IS256 family transposase IS1201,2,2,1.0,135,1,,,,1179,1179,1179.0,,MLMIAKCI_00568,,LCPJMJGF_00360
group_1144,,hypothetical protein,2,2,1.0,133,2,,,,876,876,876.0,,MLMIAKCI_00528,AOHABJFI_00404,
group_1143,,hypothetical protein,2,2,1.0,133,1,,,,378,378,378.0,,MLMIAKCI_00527,AOHABJFI_00405,
group_1142,,IS110 family transposase ISSpn10,2,2,1.0,132,1,,,,1242,1242,1242.0,,MLMIAKCI_00476,AOHABJFI_00305,
group_1138,,hypothetical protein,2,2,1.0,130,2,,,,564,564,564.0,,MLMIAKCI_00359,AOHABJFI_00297,
group_1134,,hypothetical protein,2,2,1.0,128,4,,,,204,204,204.0,,MLMIAKCI_00191,AOHABJFI_00006,
group_1133,,hypothetical protein,2,2,1.0,128,3,,,,351,1371,861.0,,MLMIAKCI_00194,AOHABJFI_00009,
group_1132,mgtA_1,Magnesium-transporting ATPase P-type 1,2,2,1.0,128,2,,,,1875,1875,1875.0,,MLMIAKCI_00193,AOHABJFI_00008,
group_1131,,Calcium-transporting ATPase 1,2,2,1.0,128,1,,,,288,288,288.0,,MLMIAKCI_00192,AOHABJFI_00007,
gmuR_1~~~gmuR_2,gmuR_1;gmuR_2,HTH-type transcriptional regulator GmuR,2,2,1.0,126,6,,,,414,705,559.5,,MLMIAKCI_00057,,LCPJMJGF_01688
group_1126,,hypothetical protein,2,2,1.0,126,5,,,,627,657,642.0,,MLMIAKCI_00055,,LCPJMJGF_01690
rihA,rihA,Pyrimidine-specific ribonucleoside hydrolase RihA,2,2,1.0,126,4,,,,927,927,927.0,,MLMIAKCI_00054,,LCPJMJGF_01691
group_1125,,hypothetical protein,2,2,1.0,126,3,,,,516,516,516.0,,MLMIAKCI_00053,,LCPJMJGF_01692
group_1124,urdA_1,Urocanate reductase,2,2,1.0,126,2,,,,267,267,267.0,,MLMIAKCI_00052,,LCPJMJGF_01693
bglA,bglA,6-phospho-beta-glucosidase BglA,2,2,1.0,126,1,,,,1449,1449,1449.0,,MLMIAKCI_00056,,LCPJMJGF_01689
group_1123,,hypothetical protein,2,2,1.0,124,14,,,,111,111,111.0,,MLMIAKCI_00030,AOHABJFI_00631,
group_1121,,hypothetical protein,2,2,1.0,124,12,,,,387,387,387.0,,MLMIAKCI_00032,AOHABJFI_00629,
group_1119,,hypothetical protein,2,2,1.0,124,10,,,,189,237,213.0,,MLMIAKCI_00029,AOHABJFI_00632,
group_1115,,hypothetical protein,2,2,1.0,124,6,,,,207,207,207.0,,MLMIAKCI_00035,AOHABJFI_00626,
group_1113,,hypothetical protein,2,2,1.0,124,4,,,,348,348,348.0,,MLMIAKCI_00036,AOHABJFI_00625,
group_1110,xerC_1,Tyrosine recombinase XerC,2,2,1.0,124,1,,,,1113,1113,1113.0,,MLMIAKCI_00038,AOHABJFI_00623,
fadR,fadR,Fatty acid metabolism regulator protein,2,2,1.0,123,5,,,,702,702,702.0,,MLMIAKCI_00009,AOHABJFI_02309,
tdh_1~~~adh_2,tdh_1;adh_2,L-threonine 3-dehydrogenase;Alcohol dehydrogenase,2,2,1.0,123,4,,,,735,900,817.5,,MLMIAKCI_00011,AOHABJFI_02311,
hmp,hmp,Flavohemoprotein,2,2,1.0,123,3,,,,696,696,696.0,,MLMIAKCI_00007,AOHABJFI_02307,
group_1109,,hypothetical protein,2,2,1.0,123,2,,,,1530,1530,1530.0,,MLMIAKCI_00008,AOHABJFI_02308,
group_1108,,hypothetical protein,2,2,1.0,123,1,,,,1257,1257,1257.0,,MLMIAKCI_00010,AOHABJFI_02310,
group_1096,,hypothetical protein,2,2,1.0,119,2,,,,522,522,522.0,HJHFJAOG_02043,,AOHABJFI_00014,
group_1093,,hypothetical protein,2,2,1.0,117,2,,,,1260,1260,1260.0,HJHFJAOG_02039,,,LCPJMJGF_00265
group_1092,,hypothetical protein,2,2,1.0,117,1,,,,504,537,520.5,HJHFJAOG_02038,,,LCPJMJGF_00264
group_1091,,hypothetical protein,2,2,1.0,116,3,,,,432,432,432.0,HJHFJAOG_02037,,,LCPJMJGF_00125
uup_13,uup_13,ATP-binding protein Uup,2,2,1.0,116,2,,,,927,927,927.0,HJHFJAOG_02036,,,LCPJMJGF_00124
group_1090,,hypothetical protein,2,2,1.0,116,1,,,,765,765,765.0,HJHFJAOG_02035,,,LCPJMJGF_00123
group_1073,,hypothetical protein,2,2,1.0,109,1,,,,1968,1968,1968.0,HJHFJAOG_01943,,AOHABJFI_02288,
stp,stp,Multidrug resistance protein Stp,2,2,1.0,107,3,,,,861,861,861.0,HJHFJAOG_01887,,AOHABJFI_02191,
mdtD_1,mdtD_1,Putative multidrug resistance protein MdtD,2,2,1.0,107,2,,,,921,921,921.0,HJHFJAOG_01886,,AOHABJFI_02190,
group_1046,,hypothetical protein,2,2,1.0,103,2,,,,1284,1284,1284.0,HJHFJAOG_01839,MLMIAKCI_00354,,
gmuF_2,gmuF_2,putative mannose-6-phosphate isomerase GmuF,2,2,1.0,103,1,,,,963,963,963.0,HJHFJAOG_01838,MLMIAKCI_00353,,
inuJ,inuJ,Inulosucrase,2,2,1.0,102,5,,,,1980,1980,1980.0,HJHFJAOG_01833,MLMIAKCI_02367,,
group_1045,,hypothetical protein,2,2,1.0,102,4,,,,399,399,399.0,HJHFJAOG_01835,MLMIAKCI_02365,,
group_1044,,hypothetical protein,2,2,1.0,102,3,,,,417,417,417.0,HJHFJAOG_01836,MLMIAKCI_02364,,
group_1043,,hypothetical protein,2,2,1.0,102,2,,,,555,555,555.0,HJHFJAOG_01834,MLMIAKCI_02366,,
group_1042,,hypothetical protein,2,2,1.0,102,1,,,,432,915,673.5,HJHFJAOG_01837,MLMIAKCI_02363,,
group_1033,,hypothetical protein,2,2,1.0,99,2,,,,486,486,486.0,HJHFJAOG_01763,,AOHABJFI_00299,
group_1031,,hypothetical protein,2,2,1.0,98,5,,,,111,111,111.0,,MLMIAKCI_00123,AOHABJFI_00095,
psd,psd,Phosphatidylserine decarboxylase proenzyme,2,2,1.0,77,19,,,,1188,1188,1188.0,,MLMIAKCI_01249,,LCPJMJGF_01367
group_854,,hypothetical protein,2,2,1.0,77,18,,,,1017,1017,1017.0,HJHFJAOG_01326,,AOHABJFI_01457,
group_853,,hypothetical protein,2,2,1.0,77,17,,,,852,852,852.0,HJHFJAOG_01325,,AOHABJFI_01456,
group_852,,hypothetical protein,2,2,1.0,77,16,,,,573,573,573.0,,MLMIAKCI_01252,,LCPJMJGF_01363
group_851,,hypothetical protein,2,2,1.0,77,15,,,,213,213,213.0,,MLMIAKCI_01254,,LCPJMJGF_01361
group_849,,hypothetical protein,2,2,1.0,77,12,,,,579,579,579.0,,MLMIAKCI_01251,,LCPJMJGF_01364
group_848,,hypothetical protein,2,2,1.0,77,10,,,,1029,1029,1029.0,,MLMIAKCI_01253,,LCPJMJGF_01362
group_847,,hypothetical protein,2,2,1.0,77,9,,,,447,447,447.0,,MLMIAKCI_01255,,LCPJMJGF_01360
group_846,,hypothetical protein,2,3,1.5,77,8,,,,207,546,328.0,,MLMIAKCI_01250,,LCPJMJGF_01365;LCPJMJGF_01366
group_844,,hypothetical protein,2,2,1.0,77,3,,,,423,423,423.0,HJHFJAOG_01327,,AOHABJFI_01458,
group_843,,hypothetical protein,2,2,1.0,77,1,,,,525,1434,979.5,HJHFJAOG_01324,,AOHABJFI_01455,
msrC,msrC,Free methionine-R-sulfoxide reductase,2,2,1.0,76,7,,,,456,456,456.0,HJHFJAOG_01316,,,LCPJMJGF_00634
group_789,,hypothetical protein,2,2,1.0,66,40,,,,102,102,102.0,HJHFJAOG_01123,,AOHABJFI_01185,
group_784,,hypothetical protein,2,2,1.0,66,27,,,,102,102,102.0,,MLMIAKCI_02057,,LCPJMJGF_01341
group_782,,hypothetical protein,2,2,1.0,66,22,,,,252,336,294.0,HJHFJAOG_01100,,,LCPJMJGF_01319
potB_2,potB_2,Spermidine/putrescine transport system permease protein PotB,2,2,1.0,66,20,,,,867,867,867.0,,MLMIAKCI_01728,AOHABJFI_01272,
rihC_2,rihC_2,Non-specific ribonucleoside hydrolase RihC,2,2,1.0,66,15,,,,918,918,918.0,,MLMIAKCI_01729,AOHABJFI_01273,
group_775,,hypothetical protein,2,2,1.0,65,1,,,,246,246,246.0,HJHFJAOG_01099,,AOHABJFI_00917,
group_743,,hypothetical protein,2,2,1.0,59,6,,,,276,276,276.0,HJHFJAOG_00956,MLMIAKCI_00023,,
agrA,agrA,Accessory gene regulator A,2,2,1.0,59,5,,,,825,825,825.0,HJHFJAOG_00952,MLMIAKCI_00027,,
group_742,,hypothetical protein,2,2,1.0,59,4,,,,639,639,639.0,HJHFJAOG_00954,MLMIAKCI_00025,,
group_741,,hypothetical protein,2,2,1.0,59,3,,,,198,198,198.0,HJHFJAOG_00955,MLMIAKCI_00024,,
group_740,,hypothetical protein,2,2,1.0,59,2,,,,909,909,909.0,HJHFJAOG_00951,MLMIAKCI_00028,,
comA_2,comA_2,Transport/processing ATP-binding protein ComA,2,2,1.0,59,1,,,,2163,2163,2163.0,HJHFJAOG_00953,MLMIAKCI_00026,,
uup_10~~~uup_16,uup_10;uup_16,ATP-binding protein Uup,2,2,1.0,57,39,,,,699,855,777.0,,MLMIAKCI_01523,,LCPJMJGF_02078
group_705,,IS30 family transposase ISSag3,2,2,1.0,57,38,,,,432,1035,733.5,HJHFJAOG_01537,,AOHABJFI_01952,
group_700,,hypothetical protein,2,2,1.0,57,28,,,,441,444,442.5,,MLMIAKCI_01515,,LCPJMJGF_02070
group_697,,hypothetical protein,2,2,1.0,57,17,,,,180,180,180.0,,MLMIAKCI_01520,,LCPJMJGF_02075
group_695,,hypothetical protein,2,2,1.0,57,14,,,,822,822,822.0,,MLMIAKCI_01518,,LCPJMJGF_02073
group_694,,hypothetical protein,2,2,1.0,57,13,,,,135,135,135.0,,MLMIAKCI_01522,,LCPJMJGF_02077
group_693,,hypothetical protein,2,2,1.0,57,12,,,,552,552,552.0,,MLMIAKCI_01516,,LCPJMJGF_02071
group_692,,hypothetical protein,2,2,1.0,57,11,,,,1230,1230,1230.0,,MLMIAKCI_01521,,LCPJMJGF_02076
group_690,,hypothetical protein,2,2,1.0,57,8,,,,384,384,384.0,,MLMIAKCI_01519,,LCPJMJGF_02074
group_689,,hypothetical protein,2,2,1.0,57,4,,,,795,798,796.5,,MLMIAKCI_01517,,LCPJMJGF_02072
siaT,siaT,Sodium/sialic acid symporter SiaT,2,2,1.0,56,44,,,,1497,1497,1497.0,,MLMIAKCI_00462,,LCPJMJGF_00972
group_686,,hypothetical protein,2,2,1.0,56,43,,,,375,438,406.5,HJHFJAOG_00822,MLMIAKCI_00449,,
tnpB_1,tnpB_1;,RNA-guided DNA endonuclease TnpB;IS200/IS605 family transposase ISLhe65,2,2,1.0,56,40,,,,1152,1152,1152.0,,,AOHABJFI_00766,LCPJMJGF_00979
group_684,,hypothetical protein,2,2,1.0,56,39,,,,210,375,292.5,HJHFJAOG_01973,MLMIAKCI_00450,,
group_681,,hypothetical protein,2,2,1.0,56,34,,,,336,336,336.0,,,AOHABJFI_00763,LCPJMJGF_00982
bglK_1,bglK_1,Beta-glucoside kinase,2,2,1.0,56,32,,,,864,864,864.0,,MLMIAKCI_00459,,LCPJMJGF_00975
nanA,nanA,N-acetylneuraminate lyase,2,2,1.0,56,23,,,,873,873,873.0,,MLMIAKCI_00458,,LCPJMJGF_00976
group_674,,hypothetical protein,2,2,1.0,56,22,,,,141,141,141.0,HJHFJAOG_01968,MLMIAKCI_00455,,
group_673,,hypothetical protein,2,2,1.0,56,21,,,,246,246,246.0,,,AOHABJFI_00762,LCPJMJGF_00983
axeA,;axeA,hypothetical protein;Cephalosporin-C deacetylase,2,3,1.5,56,17,,,,357,1002,661.0,,MLMIAKCI_00463;MLMIAKCI_00464,,LCPJMJGF_00971
gerN,gerN,Na(+)/H(+)-K(+) antiporter GerN,2,2,1.0,56,15,,,,1164,1164,1164.0,,MLMIAKCI_00461,,LCPJMJGF_00973
group_669,,hypothetical protein,2,2,1.0,56,12,,,,738,738,738.0,,MLMIAKCI_00460,,LCPJMJGF_00974
nanE,nanE,Putative N-acetylmannosamine-6-phosphate 2-epimerase,2,2,1.0,56,7,,,,693,693,693.0,,MLMIAKCI_00465,,LCPJMJGF_00970
agaA_2~~~agaA_1,agaA_2;;agaA_1,N-acetylgalactosamine-6-phosphate deacetylase;hypothetical protein,2,3,1.5,56,1,,,,156,1152,727.0,,MLMIAKCI_00466;MLMIAKCI_00467,,LCPJMJGF_00969
group_618,,hypothetical protein,2,2,1.0,51,38,,,,195,195,195.0,,MLMIAKCI_00649,AOHABJFI_00821,
group_598,,hypothetical protein,2,2,1.0,51,5,,,,507,507,507.0,,MLMIAKCI_00650,2_refound_27,
group_587,,hypothetical protein,2,2,1.0,49,18,,,,168,168,168.0,0_refound_2,,AOHABJFI_02086,
group_580,,hypothetical protein,2,2,1.0,49,10,,,,1719,1743,1731.0,HJHFJAOG_00669,,AOHABJFI_02080,
group_573,,hypothetical protein,2,2,1.0,49,2,,,,873,897,885.0,HJHFJAOG_00674,,AOHABJFI_02085,
ackA_1~~~ackA_2,ackA_1;ackA_2,Acetate kinase,2,2,1.0,48,6,,,,837,1176,1006.5,HJHFJAOG_00654,,AOHABJFI_00281,
group_566,,hypothetical protein,2,3,1.5,48,5,,,,144,429,293.0,HJHFJAOG_01462;HJHFJAOG_00655,,AOHABJFI_00282,
menA_3,menA_3,14-dihydroxy-2-naphthoate octaprenyltransferase,2,2,1.0,42,1,,,,912,912,912.0,HJHFJAOG_00525,MLMIAKCI_00287,,
group_437,,IS982 family transposase ISLhe7,2,2,1.0,37,1,,,,312,312,312.0,HJHFJAOG_00435,MLMIAKCI_00844,,
group_398,,IS982 family transposase ISLh1,2,2,1.0,35,1,,,,228,228,228.0,HJHFJAOG_00395,,,LCPJMJGF_01014
tpx,tpx,Thiol peroxidase,2,2,1.0,32,2,,,,495,495,495.0,HJHFJAOG_00301,,AOHABJFI_00423,
group_367,,hypothetical protein,2,2,1.0,32,1,,,,159,159,159.0,HJHFJAOG_00302,,AOHABJFI_00422,
group_366,,hypothetical protein,2,2,1.0,31,1,,,,147,147,147.0,HJHFJAOG_00297,MLMIAKCI_00749,,
group_363,,hypothetical protein,2,2,1.0,29,1,,,,1404,1404,1404.0,HJHFJAOG_00293,MLMIAKCI_00523,,
group_267,,hypothetical protein,2,2,1.0,20,29,,,,480,480,480.0,,MLMIAKCI_00352,AOHABJFI_01713,
group_254,,hypothetical protein,2,2,1.0,19,7,,,,444,444,444.0,HJHFJAOG_01453,MLMIAKCI_02051,,
mngB_3,mngB_3,Mannosylglycerate hydrolase,2,2,1.0,19,6,,,,2625,2625,2625.0,HJHFJAOG_01452,MLMIAKCI_02050,,
fruA_1,fruA_1,PTS system fructose-specific EIIB'BC component,2,2,1.0,19,5,,,,1104,1104,1104.0,HJHFJAOG_00194,MLMIAKCI_02047,,
fruA_2,fruA_2,PTS system fructose-specific EIIABC component,2,2,1.0,19,4,,,,324,324,324.0,HJHFJAOG_00195,MLMIAKCI_02046,,
mngB_1~~~mngB_2,mngB_1;mngB_2,Mannosylglycerate hydrolase,2,3,1.5,19,3,,,,198,2667,1728.0,HJHFJAOG_00193;HJHFJAOG_01450,MLMIAKCI_02048,,
licR,licR,putative licABCH operon regulator,2,2,1.0,19,2,,,,1962,1962,1962.0,HJHFJAOG_01451,MLMIAKCI_02049,,
mngA,mngA,PTS system 2-O-alpha-mannosyl-D-glycerate-specific EIIABC component,2,2,1.0,19,1,,,,459,459,459.0,HJHFJAOG_00196,MLMIAKCI_02045,,
group_248,slpA,S-layer protein,2,2,1.0,17,15,,,,324,324,324.0,HJHFJAOG_00186,,,LCPJMJGF_02025
slpA,slpA,S-layer protein,2,2,1.0,17,11,,,,261,261,261.0,,MLMIAKCI_02120,AOHABJFI_02306,
group_237,,hypothetical protein,2,2,1.0,16,6,,,,495,495,495.0,HJHFJAOG_01455,MLMIAKCI_02315,,
group_235,,hypothetical protein,2,2,1.0,16,4,,,,189,189,189.0,HJHFJAOG_01456,MLMIAKCI_02316,,
group_233,,hypothetical protein,2,2,1.0,16,2,,,,657,657,657.0,HJHFJAOG_01457,MLMIAKCI_02317,,
licC_3,licC_3,Lichenan permease IIC component,2,2,1.0,16,1,,,,1206,1320,1263.0,HJHFJAOG_01458,MLMIAKCI_02318,,
group_204,,hypothetical protein,2,2,1.0,15,95,,,,204,276,240.0,HJHFJAOG_01080,MLMIAKCI_02028,,
group_200,,hypothetical protein,2,2,1.0,15,90,,,,210,210,210.0,,MLMIAKCI_01033,AOHABJFI_00408,
hsdS_2~~~hsdS_1~~~hsdS,hsdS_2;hsdS_1;hsdS,Type I restriction enzyme EcoAI specificity subunit,2,3,1.5,15,57,,,,660,1443,946.0,HJHFJAOG_01291;HJHFJAOG_01292,,AOHABJFI_01432,
group_179,,hypothetical protein,2,2,1.0,15,55,,,,315,315,315.0,,MLMIAKCI_01031,AOHABJFI_00410,
group_177,,hypothetical protein,2,2,1.0,15,48,,,,243,243,243.0,HJHFJAOG_01294,,AOHABJFI_01430,
group_167,,hypothetical protein,2,2,1.0,15,36,,,,240,246,243.0,,MLMIAKCI_01032,AOHABJFI_00409,
fbiB,fbiB,Bifunctional F420 biosynthesis protein FbiB,2,2,1.0,15,18,,,,690,714,702.0,HJHFJAOG_00237,,,LCPJMJGF_00302
group_152,,hypothetical protein,2,2,1.0,15,16,,,,582,582,582.0,HJHFJAOG_01289,,AOHABJFI_01434,
group_146,,hypothetical protein,2,2,1.0,15,7,,,,1341,1341,1341.0,HJHFJAOG_01293,,AOHABJFI_01431,
deoD,deoD,Purine nucleoside phosphorylase DeoD-type,2,2,1.0,15,6,,,,762,762,762.0,HJHFJAOG_00181,,,LCPJMJGF_00304
group_139,,IS256 family transposase ISLdl2,2,2,1.0,13,1,,,,330,330,330.0,HJHFJAOG_00176,MLMIAKCI_00751,,
melA,melA,Alpha-galactosidase Mel36A,2,2,1.0,9,41,,,,2202,2202,2202.0,,MLMIAKCI_01136,,LCPJMJGF_01265
msmX_1,msmX_1,Oligosaccharides import ATP-binding protein MsmX,2,2,1.0,9,29,,,,1113,1113,1113.0,,MLMIAKCI_01135,,LCPJMJGF_01266
gtfA,gtfA,Sucrose phosphorylase,2,2,1.0,9,19,,,,1443,1443,1443.0,,MLMIAKCI_01137,,LCPJMJGF_01264
ngcF,ngcF,Diacetylchitobiose uptake system permease protein NgcF,2,2,1.0,9,10,,,,876,876,876.0,,MLMIAKCI_01133,,LCPJMJGF_01268
ngcG,ngcG,Diacetylchitobiose uptake system permease protein NgcG,2,2,1.0,9,7,,,,834,834,834.0,,MLMIAKCI_01134,,LCPJMJGF_01267
group_118,,IS110 family transposase ISLhe4,2,2,1.0,7,1,,,,1227,1227,1227.0,HJHFJAOG_00163,1_refound_6,,
group_88,,hypothetical protein,2,2,1.0,4,120,,,,606,606,606.0,HJHFJAOG_00036,,AOHABJFI_01396,
group_87,,hypothetical protein,2,2,1.0,4,119,,,,798,798,798.0,HJHFJAOG_00059,,AOHABJFI_01371,
group_86,,hypothetical protein,2,2,1.0,4,118,,,,159,159,159.0,HJHFJAOG_00075,,AOHABJFI_01355,
group_85,,hypothetical protein,2,2,1.0,4,117,,,,432,432,432.0,HJHFJAOG_00080,,AOHABJFI_01350,
group_84,,hypothetical protein,2,2,1.0,4,116,,,,285,285,285.0,HJHFJAOG_00055,,AOHABJFI_01375,
group_83,,hypothetical protein,2,2,1.0,4,115,,,,432,432,432.0,HJHFJAOG_00029,,AOHABJFI_01403,
group_82,,hypothetical protein,2,2,1.0,4,114,,,,804,804,804.0,HJHFJAOG_00077,,AOHABJFI_01353,
group_81,,hypothetical protein,2,2,1.0,4,113,,,,804,804,804.0,HJHFJAOG_00060,,AOHABJFI_01370,
group_80,,hypothetical protein,2,2,1.0,4,109,,,,798,798,798.0,HJHFJAOG_00039,,AOHABJFI_01393,
group_79,,hypothetical protein,2,2,1.0,4,108,,,,1035,1035,1035.0,HJHFJAOG_00025,,AOHABJFI_01407,
group_77,,hypothetical protein,2,2,1.0,4,106,,,,297,297,297.0,HJHFJAOG_00068,,AOHABJFI_01362,
group_75,,hypothetical protein,2,2,1.0,4,103,,,,177,177,177.0,HJHFJAOG_00064,,AOHABJFI_01366,
group_74,,hypothetical protein,2,2,1.0,4,102,,,,1410,1410,1410.0,HJHFJAOG_00040,,AOHABJFI_01392,
group_73,,hypothetical protein,2,2,1.0,4,96,,,,447,447,447.0,HJHFJAOG_00028,,AOHABJFI_01404,
group_72,,hypothetical protein,2,2,1.0,4,95,,,,180,180,180.0,HJHFJAOG_00043,,AOHABJFI_01388,
group_71,,hypothetical protein,2,2,1.0,4,93,,,,1068,1068,1068.0,HJHFJAOG_00023,,AOHABJFI_01409,
group_69,,hypothetical protein,2,2,1.0,4,90,,,,186,186,186.0,HJHFJAOG_00047,,AOHABJFI_01384,
group_68,,hypothetical protein,2,2,1.0,4,89,,,,648,648,648.0,HJHFJAOG_00033,,AOHABJFI_01399,
group_67,,hypothetical protein,2,2,1.0,4,88,,,,321,321,321.0,HJHFJAOG_00081,,AOHABJFI_01349,
group_66,,hypothetical protein,2,2,1.0,4,85,,,,330,330,330.0,HJHFJAOG_00084,,AOHABJFI_01346,
group_65,,hypothetical protein,2,2,1.0,4,84,,,,159,279,219.0,HJHFJAOG_00063,,AOHABJFI_01367,
group_64,,hypothetical protein,2,2,1.0,4,83,,,,480,480,480.0,HJHFJAOG_00022,,AOHABJFI_01410,
group_62,,hypothetical protein,2,2,1.0,4,81,,,,207,207,207.0,HJHFJAOG_00076,,AOHABJFI_01354,
group_61,,hypothetical protein,2,2,1.0,4,80,,,,1125,1125,1125.0,HJHFJAOG_00037,,AOHABJFI_01395,
group_60,,hypothetical protein,2,2,1.0,4,79,,,,336,336,336.0,HJHFJAOG_00058,,AOHABJFI_01372,
group_59,,hypothetical protein,2,2,1.0,4,78,,,,486,486,486.0,HJHFJAOG_00053,,AOHABJFI_01377,
group_58,,hypothetical protein,2,2,1.0,4,77,,,,339,339,339.0,HJHFJAOG_00085,,AOHABJFI_01345,
group_56,,hypothetical protein,2,2,1.0,4,75,,,,345,345,345.0,HJHFJAOG_00074,,AOHABJFI_01356,
group_55,,hypothetical protein,2,2,1.0,4,74,,,,216,216,216.0,HJHFJAOG_00069,,AOHABJFI_01361,
group_54,,hypothetical protein,2,2,1.0,4,73,,,,216,216,216.0,HJHFJAOG_00065,,AOHABJFI_01365,
group_53,,hypothetical protein,2,2,1.0,4,66,,,,228,228,228.0,HJHFJAOG_00067,,AOHABJFI_01363,
group_52,,hypothetical protein,2,2,1.0,4,62,,,,1194,1194,1194.0,HJHFJAOG_00030,,AOHABJFI_01402,
xerC_1,xerC_1,Tyrosine recombinase XerC,2,2,1.0,4,57,,,,1200,1200,1200.0,HJHFJAOG_00086,,AOHABJFI_01344,
group_51,,hypothetical protein,2,2,1.0,4,56,,,,525,525,525.0,HJHFJAOG_00052,,AOHABJFI_01378,
group_50,,hypothetical protein,2,2,1.0,4,54,,,,234,234,234.0,HJHFJAOG_00078,,AOHABJFI_01352,
group_49,,hypothetical protein,2,2,1.0,4,53,,,,372,372,372.0,HJHFJAOG_00079,,AOHABJFI_01351,
group_48,,hypothetical protein,2,2,1.0,4,49,,,,237,237,237.0,HJHFJAOG_00057,,AOHABJFI_01373,
group_47,,hypothetical protein,2,2,1.0,4,48,,,,702,750,726.0,HJHFJAOG_00019,,AOHABJFI_01413,
group_46,,hypothetical protein,2,2,1.0,4,46,,,,243,243,243.0,HJHFJAOG_00073,,AOHABJFI_01357,
group_45,,hypothetical protein,2,3,1.5,4,45,,,,228,1452,961.0,HJHFJAOG_00041,,AOHABJFI_01391;AOHABJFI_01390,
group_44,,hypothetical protein,2,2,1.0,4,42,,,,387,387,387.0,HJHFJAOG_00038,,AOHABJFI_01394,
group_43,,hypothetical protein,2,2,1.0,4,41,,,,387,387,387.0,HJHFJAOG_00021,,AOHABJFI_01411,
group_42,,hypothetical protein,2,2,1.0,4,40,,,,249,249,249.0,HJHFJAOG_00066,,AOHABJFI_01364,
group_41,,hypothetical protein,2,2,1.0,4,39,,,,249,249,249.0,HJHFJAOG_00046,,AOHABJFI_01385,
group_40,,hypothetical protein,2,2,1.0,4,36,,,,393,393,393.0,HJHFJAOG_00044,,AOHABJFI_01387,
group_39,,hypothetical protein,2,2,1.0,4,34,,,,546,546,546.0,HJHFJAOG_00042,,AOHABJFI_01389,
group_38,,hypothetical protein,2,2,1.0,4,33,,,,750,750,750.0,HJHFJAOG_00071,,AOHABJFI_01359,
group_37,,hypothetical protein,2,2,1.0,4,31,,,,936,936,936.0,HJHFJAOG_00035,,AOHABJFI_01397,
group_36,,hypothetical protein,2,2,1.0,4,30,,,,561,561,561.0,HJHFJAOG_00031,,AOHABJFI_01401,
group_34,,hypothetical protein,2,2,1.0,4,28,,,,258,258,258.0,HJHFJAOG_00062,,AOHABJFI_01368,
group_33,,hypothetical protein,2,2,1.0,4,27,,,,114,114,114.0,HJHFJAOG_00083,,AOHABJFI_01347,
group_32,,hypothetical protein,2,2,1.0,4,26,,,,402,402,402.0,HJHFJAOG_00056,,AOHABJFI_01374,
group_31,,hypothetical protein,2,2,1.0,4,25,,,,1185,1185,1185.0,HJHFJAOG_00020,,AOHABJFI_01412,
group_30,,hypothetical protein,2,2,1.0,4,24,,,,261,261,261.0,HJHFJAOG_00027,,AOHABJFI_01405,
group_29,,hypothetical protein,2,2,1.0,4,23,,,,111,318,214.5,HJHFJAOG_00045,,AOHABJFI_01386,
group_28,,hypothetical protein,2,2,1.0,4,22,,,,402,402,402.0,HJHFJAOG_00034,,AOHABJFI_01398,
group_27,,hypothetical protein,2,2,1.0,4,21,,,,402,402,402.0,HJHFJAOG_00032,,AOHABJFI_01400,
group_24,,hypothetical protein,2,2,1.0,4,18,,,,267,267,267.0,HJHFJAOG_00082,,AOHABJFI_01348,
group_23,,hypothetical protein,2,2,1.0,4,17,,,,456,456,456.0,HJHFJAOG_00048,,AOHABJFI_01383,
group_22,,hypothetical protein,2,2,1.0,4,14,,,,411,411,411.0,HJHFJAOG_00024,,AOHABJFI_01408,
oppA_2,oppA_2,Oligopeptide-binding protein OppA,2,2,1.0,4,12,,,,1326,1326,1326.0,HJHFJAOG_00734,MLMIAKCI_01922,,
group_21,,hypothetical protein,2,2,1.0,4,11,,,,414,414,414.0,HJHFJAOG_00054,,AOHABJFI_01376,
group_20,,hypothetical protein,2,2,1.0,4,9,,,,138,138,138.0,HJHFJAOG_00070,,AOHABJFI_01360,
group_18,,hypothetical protein,2,2,1.0,4,7,,,,777,777,777.0,HJHFJAOG_00061,,AOHABJFI_01369,
group_16,,hypothetical protein,2,2,1.0,4,4,,,,276,276,276.0,HJHFJAOG_00072,,AOHABJFI_01358,
group_15,,hypothetical protein,2,2,1.0,4,1,,,,5664,5664,5664.0,HJHFJAOG_00026,,AOHABJFI_01406,
group_13,,hypothetical protein,2,2,1.0,3,4,,,,354,354,354.0,HJHFJAOG_00014,,2_refound_21,
group_9,,hypothetical protein,2,2,1.0,2,1,,,,423,423,423.0,HJHFJAOG_00013,,AOHABJFI_00474,
group_4,,hypothetical protein,2,2,1.0,1,6,,,,618,627,622.5,HJHFJAOG_00012,MLMIAKCI_02039,,
group_1378,,hypothetical protein,1,1,1.0,166,2,,,,150,150,150.0,,,,LCPJMJGF_02011
group_1377,,hypothetical protein,1,1,1.0,166,1,,,,867,867,867.0,,,,LCPJMJGF_02012
group_1376,,hypothetical protein,1,1,1.0,165,2,,,,708,708,708.0,,,,LCPJMJGF_01749
group_1375,,hypothetical protein,1,1,1.0,165,1,,,,318,318,318.0,,,,LCPJMJGF_01750
group_1374,,hypothetical protein,1,1,1.0,164,2,,,,333,333,333.0,,,,LCPJMJGF_01176
group_1373,,hypothetical protein,1,1,1.0,164,1,,,,228,228,228.0,,,,LCPJMJGF_01175
group_1372,,hypothetical protein,1,1,1.0,163,5,,,,294,294,294.0,,,,LCPJMJGF_01166
yybR,yybR,putative HTH-type transcriptional regulator YybR,1,1,1.0,163,4,,,,336,336,336.0,,,,LCPJMJGF_01167
group_1371,,hypothetical protein,1,1,1.0,163,3,,,,135,135,135.0,,,,LCPJMJGF_01165
ogt,ogt,Methylated-DNA--protein-cysteine methyltransferase,1,1,1.0,163,2,,,,510,510,510.0,,,,LCPJMJGF_01169
group_1370,,Zinc-type alcohol dehydrogenase-like protein,1,1,1.0,163,1,,,,1023,1023,1023.0,,,,LCPJMJGF_01168
group_1369,,hypothetical protein,1,1,1.0,162,1,,,,486,486,486.0,,,,LCPJMJGF_01007
group_1368,,hypothetical protein,1,1,1.0,161,2,,,,270,270,270.0,,,,LCPJMJGF_00893
group_1367,,hypothetical protein,1,1,1.0,161,1,,,,876,876,876.0,,,,LCPJMJGF_00894
group_1366,,hypothetical protein,1,1,1.0,160,3,,,,1116,1116,1116.0,,,,LCPJMJGF_00874
group_1365,,hypothetical protein,1,1,1.0,160,2,,,,471,471,471.0,,,,LCPJMJGF_00872
group_1364,,hypothetical protein,1,1,1.0,160,1,,,,879,879,879.0,,,,LCPJMJGF_00873
aroD,aroD,3-dehydroquinate dehydratase,1,1,1.0,158,13,,,,759,759,759.0,,,,LCPJMJGF_00395
aroE,aroE,Shikimate dehydrogenase (NADP(+)),1,1,1.0,158,12,,,,951,951,951.0,,,,LCPJMJGF_00393
ydiM_1,ydiM_1,Inner membrane transport protein YdiM,1,1,1.0,158,11,,,,1203,1203,1203.0,,,,LCPJMJGF_00391
group_1362,menH_2,2-succinyl-6-hydroxy-24-cyclohexadiene-1-carboxylate synthase,1,1,1.0,158,10,,,,753,753,753.0,,,,LCPJMJGF_00399
ydiM_2,ydiM_2,Inner membrane transport protein YdiM,1,1,1.0,158,9,,,,1206,1206,1206.0,,,,LCPJMJGF_00394
ydiM_4,ydiM_4,Inner membrane transport protein YdiM,1,1,1.0,158,8,,,,1188,1188,1188.0,,,,LCPJMJGF_00401
gltC,gltC,Transcriptional dual regulator GltC,1,1,1.0,158,7,,,,918,918,918.0,,,,LCPJMJGF_00392
vprA_1,vprA_1,Vinyl phenol reductase,1,1,1.0,158,6,,,,1437,1437,1437.0,,,,LCPJMJGF_00402
group_1361,urdA_2,Urocanate reductase,1,1,1.0,158,5,,,,1881,1881,1881.0,,,,LCPJMJGF_00397
group_1360,steT_1,Serine/threonine exchanger SteT,1,1,1.0,158,4,,,,1308,1308,1308.0,,,,LCPJMJGF_00403
rutD_1,rutD_1,Putative carbamate hydrolase RutD,1,1,1.0,158,3,,,,750,750,750.0,,,,LCPJMJGF_00400
ydiM_3,ydiM_3,Inner membrane transport protein YdiM,1,1,1.0,158,2,,,,1236,1236,1236.0,,,,LCPJMJGF_00398
group_1359,,hypothetical protein,1,1,1.0,158,1,,,,915,915,915.0,,,,LCPJMJGF_00396
group_1358,,hypothetical protein,1,1,1.0,157,19,,,,360,360,360.0,,,,LCPJMJGF_00286
group_1357,,hypothetical protein,1,1,1.0,157,18,,,,396,396,396.0,,,,LCPJMJGF_00301
group_1356,,hypothetical protein,1,1,1.0,157,17,,,,561,561,561.0,,,,LCPJMJGF_00294
group_1355,,hypothetical protein,1,1,1.0,157,16,,,,327,327,327.0,,,,LCPJMJGF_00296
group_1354,,hypothetical protein,1,1,1.0,157,15,,,,810,810,810.0,,,,LCPJMJGF_00284
group_1353,,hypothetical protein,1,1,1.0,157,14,,,,483,483,483.0,,,,LCPJMJGF_00291
group_1352,,hypothetical protein,1,1,1.0,157,13,,,,624,624,624.0,,,,LCPJMJGF_00297
group_1351,,hypothetical protein,1,1,1.0,157,12,,,,207,207,207.0,,,,LCPJMJGF_00287
group_1350,,hypothetical protein,1,1,1.0,157,11,,,,270,270,270.0,,,,LCPJMJGF_00300
group_1349,,hypothetical protein,1,1,1.0,157,10,,,,303,303,303.0,,,,LCPJMJGF_00285
group_1348,,hypothetical protein,1,1,1.0,157,9,,,,492,492,492.0,,,,LCPJMJGF_00292
group_1347,,hypothetical protein,1,1,1.0,157,8,,,,381,381,381.0,,,,LCPJMJGF_00295
group_1346,,hypothetical protein,1,1,1.0,157,7,,,,453,453,453.0,,,,LCPJMJGF_00283
group_1345,ptpB_1,Triple specificity protein phosphatase PtpB,1,1,1.0,157,6,,,,702,702,702.0,,,,LCPJMJGF_00288
group_1344,menH_1,2-succinyl-6-hydroxy-24-cyclohexadiene-1-carboxylate synthase,1,1,1.0,157,5,,,,783,783,783.0,,,,LCPJMJGF_00293
group_1343,,IS982 family transposase ISLhe5,1,1,1.0,157,4,,,,600,600,600.0,,,,LCPJMJGF_00298
glsA1,glsA1,Glutaminase 1,1,1,1.0,157,3,,,,747,747,747.0,,,,LCPJMJGF_00289
group_1342,,IS982 family transposase ISLhe7,1,1,1.0,157,2,,,,228,228,228.0,,,,LCPJMJGF_00299
group_1341,,hypothetical protein,1,1,1.0,157,1,,,,558,558,558.0,,,,LCPJMJGF_00290
group_1340,,hypothetical protein,1,1,1.0,156,1,,,,336,336,336.0,,,,LCPJMJGF_00281
group_1339,uup_2,ATP-binding protein Uup,1,1,1.0,155,2,,,,1599,1599,1599.0,,,,LCPJMJGF_00195
group_1338,,putative ABC transporter ATP-binding/permease protein,1,1,1.0,155,1,,,,1584,1584,1584.0,,,,LCPJMJGF_00196
group_1337,,hypothetical protein,1,1,1.0,154,1,,,,96,96,96.0,,,,LCPJMJGF_00180
rclA,rclA,putative pyridine nucleotide-disulfide oxidoreductase RclA,1,1,1.0,153,1,,,,1320,1320,1320.0,,,,LCPJMJGF_00178
group_1336,,IS256 family transposase IS1201,1,1,1.0,152,2,,,,669,669,669.0,,,AOHABJFI_01859,
group_1335,,hypothetical protein,1,1,1.0,152,1,,,,483,483,483.0,,,AOHABJFI_01860,
group_1332,,hypothetical protein,1,1,1.0,151,5,,,,207,207,207.0,,,AOHABJFI_01264,
group_1321,,hypothetical protein,1,1,1.0,145,3,,,,954,954,954.0,,MLMIAKCI_01591,,
group_1320,,hypothetical protein,1,1,1.0,145,2,,,,1128,1128,1128.0,,MLMIAKCI_01593,,
group_1319,,hypothetical protein,1,1,1.0,145,1,,,,411,411,411.0,,MLMIAKCI_01592,,
group_1318,,hypothetical protein,1,1,1.0,144,34,,,,156,156,156.0,,,AOHABJFI_00674,
group_1316,,hypothetical protein,1,1,1.0,144,32,,,,324,324,324.0,,,AOHABJFI_00670,
group_1314,,hypothetical protein,1,1,1.0,144,30,,,,366,366,366.0,,,AOHABJFI_00664,
group_1312,,hypothetical protein,1,1,1.0,144,28,,,,114,114,114.0,,,AOHABJFI_00671,
group_1310,,hypothetical protein,1,1,1.0,144,26,,,,210,210,210.0,,,AOHABJFI_00668,
group_1308,,hypothetical protein,1,1,1.0,144,24,,,,177,177,177.0,,,AOHABJFI_00676,
group_1305,,hypothetical protein,1,1,1.0,144,21,,,,129,129,129.0,,,AOHABJFI_00672,
group_1303,,hypothetical protein,1,1,1.0,144,19,,,,132,132,132.0,,,AOHABJFI_00673,
group_1297,,hypothetical protein,1,1,1.0,144,13,,,,735,735,735.0,,,AOHABJFI_00667,
group_1296,,hypothetical protein,1,1,1.0,144,12,,,,1677,1677,1677.0,,,AOHABJFI_00675,
group_1295,,hypothetical protein,1,1,1.0,144,11,,,,786,786,786.0,,,AOHABJFI_00666,
group_1291,,hypothetical protein,1,1,1.0,144,7,,,,879,879,879.0,,,AOHABJFI_00665,
group_1285,,hypothetical protein,1,1,1.0,144,1,,,,192,192,192.0,,,AOHABJFI_00669,
group_1252,,hypothetical protein,1,1,1.0,141,55,,,,1194,1194,1194.0,,,,LCPJMJGF_01192
group_1250,,hypothetical protein,1,1,1.0,141,53,,,,291,291,291.0,,MLMIAKCI_01602,,
group_1239,,hypothetical protein,1,1,1.0,141,42,,,,441,441,441.0,,MLMIAKCI_01600,,
group_1234,,hypothetical protein,1,1,1.0,141,37,,,,237,237,237.0,,,,LCPJMJGF_01200
group_1210,,hypothetical protein,1,1,1.0,141,9,,,,387,387,387.0,,,,LCPJMJGF_01204
group_1206,,hypothetical protein,1,1,1.0,141,5,,,,387,387,387.0,,MLMIAKCI_01601,,
group_1201,,hypothetical protein,1,1,1.0,140,51,,,,750,750,750.0,,MLMIAKCI_00753,,
group_1199,,hypothetical protein,1,1,1.0,140,49,,,,465,465,465.0,,,AOHABJFI_00391,
group_1195,,hypothetical protein,1,1,1.0,140,45,,,,438,438,438.0,,,AOHABJFI_00389,
group_1193,,hypothetical protein,1,1,1.0,140,43,,,,708,708,708.0,,,AOHABJFI_00387,
group_1192,,hypothetical protein,1,1,1.0,140,42,,,,261,261,261.0,,MLMIAKCI_00754,,
group_1185,,hypothetical protein,1,1,1.0,140,35,,,,204,204,204.0,,MLMIAKCI_00773,,
group_1184,,hypothetical protein,1,1,1.0,140,34,,,,294,294,294.0,,MLMIAKCI_00772,,
group_1182,,hypothetical protein,1,1,1.0,140,32,,,,336,336,336.0,,,AOHABJFI_00380,
group_1181,,hypothetical protein,1,1,1.0,140,31,,,,714,714,714.0,,MLMIAKCI_00763,,
group_1180,,hypothetical protein,1,1,1.0,140,30,,,,264,264,264.0,,MLMIAKCI_00766,,
group_1178,,hypothetical protein,1,1,1.0,140,28,,,,177,177,177.0,,,AOHABJFI_00378,
group_1177,,hypothetical protein,1,1,1.0,140,27,,,,537,537,537.0,,,AOHABJFI_00392,
group_1173,,hypothetical protein,1,1,1.0,140,23,,,,300,300,300.0,,MLMIAKCI_00775,,
group_1172,,hypothetical protein,1,1,1.0,140,22,,,,129,129,129.0,,,AOHABJFI_00394,
group_1171,,hypothetical protein,1,1,1.0,140,21,,,,129,129,129.0,,MLMIAKCI_00761,,
group_1170,,hypothetical protein,1,1,1.0,140,20,,,,213,213,213.0,,,AOHABJFI_00377,
group_1169,,hypothetical protein,1,1,1.0,140,19,,,,411,411,411.0,,MLMIAKCI_00760,,
group_1166,,hypothetical protein,1,1,1.0,140,16,,,,273,273,273.0,,MLMIAKCI_00767,,
group_1164,,hypothetical protein,1,1,1.0,140,14,,,,135,135,135.0,,,AOHABJFI_00390,
group_1161,,hypothetical protein,1,1,1.0,140,11,,,,246,246,246.0,,,AOHABJFI_00393,
group_1159,,hypothetical protein,1,1,1.0,140,9,,,,387,387,387.0,,,AOHABJFI_00395,
immR_1,immR_1,HTH-type transcriptional regulator ImmR,1,1,1.0,140,4,,,,279,279,279.0,,,AOHABJFI_00401,
group_1152,,hypothetical protein,1,1,1.0,140,1,,,,747,747,747.0,,,AOHABJFI_00402,
group_1122,,hypothetical protein,1,1,1.0,124,13,,,,204,204,204.0,,,,LCPJMJGF_00241
group_1117,,hypothetical protein,1,1,1.0,124,8,,,,348,348,348.0,,,,LCPJMJGF_00242
group_1114,,hypothetical protein,1,1,1.0,124,5,,,,375,375,375.0,,,,LCPJMJGF_01208
group_1111,,hypothetical protein,1,1,1.0,124,2,,,,318,318,318.0,,,,LCPJMJGF_01206
group_1086,,hypothetical protein,1,1,1.0,114,2,,,,438,438,438.0,HJHFJAOG_01990,,,
group_1085,,hypothetical protein,1,1,1.0,114,1,,,,573,573,573.0,HJHFJAOG_01989,,,
metI,metI,Cystathionine gamma-synthase/O-acetylhomoserine (thiol)-lyase,1,1,1.0,111,9,,,,1125,1125,1125.0,,,,LCPJMJGF_01021
metC,metC,Cystathionine beta-lyase,1,1,1.0,111,8,,,,1152,1152,1152.0,,,,LCPJMJGF_01020
metQ_1,metQ_1,putative D-methionine-binding lipoprotein MetQ,1,1,1.0,111,7,,,,858,858,858.0,,,,LCPJMJGF_01019
group_1034,,IS30 family transposase ISStin2,1,1,1.0,100,1,,,,714,714,714.0,HJHFJAOG_01766,,,
group_969,,IS30 family transposase ISStin2,1,1,1.0,86,1,,,,1035,1035,1035.0,HJHFJAOG_01583,,,
group_928,,IS30 family transposase ISHahy9,1,1,1.0,81,1,,,,645,645,645.0,HJHFJAOG_01454,,,
group_927,,hypothetical protein,1,1,1.0,80,98,,,,285,285,285.0,,MLMIAKCI_01349,,
group_926,,hypothetical protein,1,1,1.0,80,97,,,,162,162,162.0,,MLMIAKCI_01372,,
group_925,,hypothetical protein,1,1,1.0,80,95,,,,165,165,165.0,,MLMIAKCI_01373,,
group_924,,hypothetical protein,1,1,1.0,80,93,,,,294,294,294.0,,MLMIAKCI_01355,,
group_923,,hypothetical protein,1,1,1.0,80,92,,,,171,171,171.0,,MLMIAKCI_01356,,
group_922,,hypothetical protein,1,1,1.0,80,91,,,,441,441,441.0,,MLMIAKCI_01334,,
group_921,,hypothetical protein,1,1,1.0,80,90,,,,177,177,177.0,,MLMIAKCI_01323,,
group_920,,hypothetical protein,1,1,1.0,80,89,,,,180,180,180.0,,MLMIAKCI_01352,,
group_919,,hypothetical protein,1,1,1.0,80,88,,,,180,180,180.0,,MLMIAKCI_01315,,
group_918,,hypothetical protein,1,1,1.0,80,87,,,,450,450,450.0,,MLMIAKCI_01345,,
group_917,,hypothetical protein,1,1,1.0,80,86,,,,183,183,183.0,,MLMIAKCI_01330,,
group_916,,hypothetical protein,1,1,1.0,80,85,,,,453,453,453.0,,MLMIAKCI_01343,,
group_915,,hypothetical protein,1,1,1.0,80,84,,,,186,186,186.0,,MLMIAKCI_01326,,
group_914,,hypothetical protein,1,1,1.0,80,83,,,,645,645,645.0,,MLMIAKCI_01322,,
group_913,,hypothetical protein,1,1,1.0,80,79,,,,459,459,459.0,,MLMIAKCI_01321,,
group_912,,hypothetical protein,1,1,1.0,80,77,,,,192,192,192.0,,MLMIAKCI_01371,,
group_911,,hypothetical protein,1,1,1.0,80,76,,,,840,840,840.0,,MLMIAKCI_01317,,
group_909,,hypothetical protein,1,1,1.0,80,72,,,,195,195,195.0,,MLMIAKCI_01340,,
group_908,,hypothetical protein,1,1,1.0,80,71,,,,327,327,327.0,,MLMIAKCI_01366,,
group_907,,hypothetical protein,1,1,1.0,80,70,,,,198,198,198.0,,MLMIAKCI_01377,,
group_906,,hypothetical protein,1,1,1.0,80,69,,,,474,474,474.0,,MLMIAKCI_01324,,
group_905,,hypothetical protein,1,1,1.0,80,66,,,,339,339,339.0,,MLMIAKCI_01347,,
group_904,,hypothetical protein,1,1,1.0,80,64,,,,345,345,345.0,,MLMIAKCI_01374,,
group_903,,hypothetical protein,1,1,1.0,80,63,,,,345,345,345.0,,MLMIAKCI_01331,,
group_902,,hypothetical protein,1,1,1.0,80,62,,,,216,216,216.0,,MLMIAKCI_01354,,
group_901,,hypothetical protein,1,1,1.0,80,61,,,,1650,1650,1650.0,,MLMIAKCI_01325,,
group_900,,hypothetical protein,1,1,1.0,80,60,,,,219,219,219.0,,MLMIAKCI_01369,,
group_898,,hypothetical protein,1,1,1.0,80,58,,,,351,351,351.0,,MLMIAKCI_01335,,
group_897,,hypothetical protein,1,1,1.0,80,57,,,,228,228,228.0,,MLMIAKCI_01351,,
group_896,,hypothetical protein,1,1,1.0,80,56,,,,360,360,360.0,,MLMIAKCI_01336,,
group_895,xerC_7,Tyrosine recombinase XerC,1,1,1.0,80,55,,,,1182,1182,1182.0,,MLMIAKCI_01379,,
group_894,,hypothetical protein,1,1,1.0,80,54,,,,1185,1185,1185.0,,MLMIAKCI_01339,,
group_892,,hypothetical protein,1,1,1.0,80,51,,,,705,705,705.0,,MLMIAKCI_01332,,
group_891,,hypothetical protein,1,1,1.0,80,47,,,,708,708,708.0,,MLMIAKCI_01362,,
clpP_2,clpP_2,ATP-dependent Clp protease proteolytic subunit,1,1,1.0,80,46,,,,711,711,711.0,,MLMIAKCI_01338,,
group_890,,hypothetical protein,1,1,1.0,80,42,,,,1899,1899,1899.0,,MLMIAKCI_01341,,
group_889,,hypothetical protein,1,1,1.0,80,41,,,,237,237,237.0,,MLMIAKCI_01350,,
group_887,,hypothetical protein,1,1,1.0,80,38,,,,546,546,546.0,,MLMIAKCI_01378,,
group_886,,hypothetical protein,1,1,1.0,80,37,,,,390,390,390.0,,MLMIAKCI_01333,,
group_885,,hypothetical protein,1,1,1.0,80,36,,,,249,249,249.0,,MLMIAKCI_01364,,
group_883,,hypothetical protein,1,1,1.0,80,33,,,,750,750,750.0,,MLMIAKCI_01370,,
group_882,,hypothetical protein,1,1,1.0,80,32,,,,396,396,396.0,,MLMIAKCI_01318,,
group_881,,hypothetical protein,1,1,1.0,80,30,,,,105,105,105.0,,MLMIAKCI_01316,,
group_880,,hypothetical protein,1,1,1.0,80,29,,,,2322,2322,2322.0,,MLMIAKCI_01358,,
group_879,,hypothetical protein,1,1,1.0,80,28,,,,570,570,570.0,,MLMIAKCI_01359,,
group_878,,hypothetical protein,1,1,1.0,80,27,,,,117,117,117.0,,MLMIAKCI_01367,,
group_877,,hypothetical protein,1,1,1.0,80,26,,,,405,405,405.0,,MLMIAKCI_01375,,
group_876,,hypothetical protein,1,1,1.0,80,25,,,,576,576,576.0,,MLMIAKCI_01363,,
group_875,,hypothetical protein,1,1,1.0,80,23,,,,267,267,267.0,,MLMIAKCI_01357,,
group_874,,hypothetical protein,1,1,1.0,80,22,,,,120,120,120.0,,MLMIAKCI_01346,,
group_873,,hypothetical protein,1,1,1.0,80,21,,,,408,408,408.0,,MLMIAKCI_01376,,
group_872,,hypothetical protein,1,1,1.0,80,19,,,,1311,1311,1311.0,,MLMIAKCI_01337,,
group_871,,hypothetical protein,1,1,1.0,80,17,,,,591,591,591.0,,MLMIAKCI_01344,,
group_870,,hypothetical protein,1,1,1.0,80,15,,,,417,417,417.0,,MLMIAKCI_01319,,
group_869,,hypothetical protein,1,1,1.0,80,14,,,,141,141,141.0,,MLMIAKCI_01342,,
group_868,,hypothetical protein,1,1,1.0,80,13,,,,276,276,276.0,,MLMIAKCI_01365,,
group_867,,hypothetical protein,1,1,1.0,80,12,,,,780,780,780.0,,MLMIAKCI_01328,,
group_866,,hypothetical protein,1,1,1.0,80,9,,,,3327,3327,3327.0,,MLMIAKCI_01327,,
group_865,,hypothetical protein,1,1,1.0,80,8,,,,1344,1344,1344.0,,MLMIAKCI_01360,,
group_864,,hypothetical protein,1,1,1.0,80,7,,,,150,150,150.0,,MLMIAKCI_01320,,
group_863,,hypothetical protein,1,1,1.0,80,6,,,,279,279,279.0,,MLMIAKCI_01348,,
group_862,,hypothetical protein,1,1,1.0,80,5,,,,153,153,153.0,,MLMIAKCI_01368,,
group_860,,hypothetical protein,1,1,1.0,80,3,,,,153,153,153.0,,MLMIAKCI_01353,,
group_859,,hypothetical protein,1,1,1.0,80,2,,,,6525,6525,6525.0,,MLMIAKCI_01329,,
group_858,,hypothetical protein,1,1,1.0,80,1,,,,282,282,282.0,,MLMIAKCI_01361,,
group_855,,IS256 family transposase IS1201,1,1,1.0,78,1,,,,1179,1179,1179.0,HJHFJAOG_01429,,,
group_842,,hypothetical protein,1,1,1.0,76,10,,,,927,927,927.0,,,,LCPJMJGF_00639
group_841,,Cell wall protein,1,1,1.0,76,9,,,,1860,1860,1860.0,,,,LCPJMJGF_00637
group_830,,IS256 family transposase IS1201,1,1,1.0,73,1,,,,1179,1179,1179.0,HJHFJAOG_01300,,,
group_809,,IS256 family transposase IS1201,1,1,1.0,68,1,,,,1179,1179,1179.0,HJHFJAOG_01155,,,
group_805,,hypothetical protein,1,1,1.0,67,22,,,,615,615,615.0,,,,LCPJMJGF_00840
copY_1,copY_1,Transcriptional repressor CopY,1,1,1.0,67,17,,,,441,441,441.0,,,,LCPJMJGF_00841
bcrR,bcrR,HTH-type transcriptional activator BcrR,1,1,1.0,67,6,,,,357,357,357.0,,,,LCPJMJGF_00839
group_779,,hypothetical protein,1,1,1.0,66,13,,,,873,873,873.0,,MLMIAKCI_02063,,
group_746,,hypothetical protein,1,1,1.0,61,2,,,,567,567,567.0,HJHFJAOG_00969,,,
group_745,,hypothetical protein,1,1,1.0,61,1,,,,240,240,240.0,HJHFJAOG_00970,,,
group_744,,IS982 family transposase ISLh1,1,1,1.0,60,1,,,,858,858,858.0,HJHFJAOG_00957,,,
uup_4,uup_4,ATP-binding protein Uup,1,1,1.0,58,31,,,,1587,1587,1587.0,,,,LCPJMJGF_00539
pepO_1,pepO_1,Neutral endopeptidase,1,1,1.0,58,20,,,,1947,1947,1947.0,,,,LCPJMJGF_00560
group_715,,hypothetical protein,1,1,1.0,58,16,,,,546,546,546.0,,,,LCPJMJGF_00565
group_711,,hypothetical protein,1,1,1.0,58,5,,,,882,882,882.0,,,,LCPJMJGF_00561
group_699,,hypothetical protein,1,1,1.0,57,25,,,,717,717,717.0,,MLMIAKCI_01514,,
group_698,,hypothetical protein,1,1,1.0,57,24,,,,765,765,765.0,,,,LCPJMJGF_02069
group_696,,hypothetical protein,1,1,1.0,57,15,,,,588,588,588.0,,MLMIAKCI_01529,,
group_683,,hypothetical protein,1,1,1.0,56,36,,,,114,114,114.0,,,AOHABJFI_00761,
group_664,,IS256 family transposase IS1201,1,1,1.0,55,1,,,,1179,1179,1179.0,HJHFJAOG_00818,,,
group_662,,hypothetical protein,1,1,1.0,53,55,,,,99,99,99.0,HJHFJAOG_01879,,,
group_659,,hypothetical protein,1,1,1.0,53,52,,,,756,756,756.0,,,,LCPJMJGF_01988
group_656,,hypothetical protein,1,1,1.0,53,45,,,,714,714,714.0,,,,LCPJMJGF_01990
group_648,,hypothetical protein,1,1,1.0,53,33,,,,864,864,864.0,,,,LCPJMJGF_01991
group_644,,hypothetical protein,1,1,1.0,53,28,,,,414,414,414.0,,,,LCPJMJGF_01989
group_643,,hypothetical protein,1,1,1.0,53,26,,,,1053,1053,1053.0,,,,LCPJMJGF_01987
group_639,,hypothetical protein,1,1,1.0,53,20,,,,1236,1236,1236.0,,,,LCPJMJGF_01986
group_628,,hypothetical protein,1,1,1.0,53,5,,,,747,747,747.0,,,,LCPJMJGF_01985
group_615,,hypothetical protein,1,1,1.0,51,34,,,,261,261,261.0,,,,LCPJMJGF_01288
yoeB_2,yoeB_2,Toxin YoeB,1,1,1.0,51,18,,,,273,273,273.0,,,,LCPJMJGF_01287
group_597,,hypothetical protein,1,1,1.0,51,3,,,,189,189,189.0,,,,LCPJMJGF_01314
slpH_1,slpH_1,S-layer protein,1,1,1.0,49,25,,,,1374,1374,1374.0,,,,LCPJMJGF_01937
group_588,,hypothetical protein,1,1,1.0,49,20,,,,1536,1536,1536.0,,,,LCPJMJGF_01942
group_584,,hypothetical protein,1,1,1.0,49,15,,,,630,630,630.0,,,,LCPJMJGF_01936
group_577,,hypothetical protein,1,1,1.0,49,7,,,,351,351,351.0,,,,LCPJMJGF_01935
group_575,,hypothetical protein,1,1,1.0,49,5,,,,552,552,552.0,,,,LCPJMJGF_01938
slpH_2,slpH_2,S-layer protein,1,1,1.0,49,4,,,,1470,1470,1470.0,,,,LCPJMJGF_01943
group_572,,IS982 family transposase ISLhe7,1,1,1.0,48,19,,,,858,858,858.0,HJHFJAOG_00653,,,
ackA_1,ackA_1,Acetate kinase,1,1,1.0,48,10,,,,180,180,180.0,HJHFJAOG_00652,,,
group_567,,Macro domain-containing protein,1,1,1.0,48,7,,,,504,504,504.0,,,,LCPJMJGF_01447
group_565,,hypothetical protein,1,1,1.0,48,4,,,,357,357,357.0,,,,LCPJMJGF_01446
group_564,,hypothetical protein,1,1,1.0,48,2,,,,393,393,393.0,,,,LCPJMJGF_01445
yoeB_3,yoeB_3,Toxin YoeB,1,1,1.0,47,29,,,,258,258,258.0,,,,LCPJMJGF_01906
group_554,,hypothetical protein,1,1,1.0,47,17,,,,273,273,273.0,,,,LCPJMJGF_01909
group_552,,hypothetical protein,1,1,1.0,47,15,,,,135,135,135.0,,,,LCPJMJGF_01901
group_551,,hypothetical protein,1,1,1.0,47,14,,,,276,276,276.0,,,,LCPJMJGF_01905
group_547,,hypothetical protein,1,1,1.0,47,8,,,,834,834,834.0,,,,LCPJMJGF_01907
group_543,,hypothetical protein,1,1,1.0,47,4,,,,426,426,426.0,,,,LCPJMJGF_01908
group_528,,ISLre2 family transposase ISLcr2,1,1,1.0,46,41,,,,1407,1407,1407.0,,MLMIAKCI_02121,,
group_511,,IS256 family transposase IS1201,1,1,1.0,45,1,,,,1230,1230,1230.0,HJHFJAOG_00549,,,
group_508,,hypothetical protein,1,1,1.0,43,54,,,,846,846,846.0,,,AOHABJFI_01965,
group_502,,hypothetical protein,1,1,1.0,43,40,,,,264,264,264.0,,,AOHABJFI_01966,
group_501,,hypothetical protein,1,1,1.0,43,38,,,,372,372,372.0,,,AOHABJFI_01967,
group_500,,hypothetical protein,1,1,1.0,43,37,,,,171,171,171.0,,,,LCPJMJGF_01158
group_499,,hypothetical protein,1,1,1.0,43,35,,,,339,339,339.0,,,AOHABJFI_01960,
group_498,,hypothetical protein,1,1,1.0,43,34,,,,1212,1212,1212.0,HJHFJAOG_00528,,,
group_496,,hypothetical protein,1,1,1.0,43,29,,,,678,678,678.0,,,,LCPJMJGF_01162
group_495,,hypothetical protein,1,1,1.0,43,27,,,,180,180,180.0,,,AOHABJFI_01962,
group_493,,hypothetical protein,1,1,1.0,43,24,,,,492,492,492.0,,,,LCPJMJGF_01153
group_492,,hypothetical protein,1,1,1.0,43,22,,,,2664,2664,2664.0,,,AOHABJFI_01968,
group_490,,hypothetical protein,1,1,1.0,43,18,,,,1953,1953,1953.0,,,AOHABJFI_01969,
group_489,,hypothetical protein,1,1,1.0,43,13,,,,2907,2907,2907.0,,,,LCPJMJGF_01163
xerC_8,xerC_8,Tyrosine recombinase XerC,1,1,1.0,43,8,,,,1248,1248,1248.0,,,AOHABJFI_01961,
group_487,,hypothetical protein,1,1,1.0,43,7,,,,426,426,426.0,,,AOHABJFI_01964,
group_486,,hypothetical protein,1,1,1.0,43,6,,,,510,510,510.0,,,AOHABJFI_01963,
group_485,,hypothetical protein,1,1,1.0,43,5,,,,2145,2145,2145.0,HJHFJAOG_00527,,,
group_474,,hypothetical protein,1,1,1.0,41,15,,,,1971,1971,1971.0,,,,LCPJMJGF_01087
yfeW_2,yfeW_2,Putative D-alanyl-D-alanine carboxypeptidase,1,1,1.0,41,10,,,,2040,2040,2040.0,,,,LCPJMJGF_01085
group_431,,hypothetical protein,1,1,1.0,36,55,,,,102,102,102.0,,,,LCPJMJGF_02089
group_423,,hypothetical protein,1,1,1.0,36,43,,,,1293,1293,1293.0,,,,LCPJMJGF_01039
group_401,,putative ABC transporter ATP-binding protein,1,1,1.0,36,8,,,,693,693,693.0,,,,LCPJMJGF_01038
group_399,,hypothetical protein,1,1,1.0,36,4,,,,228,228,228.0,,,,LCPJMJGF_02088
group_393,,hypothetical protein,1,1,1.0,33,65,,,,606,606,606.0,,,,LCPJMJGF_00223
group_392,,hypothetical protein,1,1,1.0,33,64,,,,462,462,462.0,,,,LCPJMJGF_00218
group_390,,hypothetical protein,1,1,1.0,33,62,,,,324,324,324.0,,,,LCPJMJGF_00942
copZ,copZ,Copper chaperone CopZ,1,1,1.0,33,61,,,,231,231,231.0,,,,LCPJMJGF_00214
group_389,,hypothetical protein,1,1,1.0,33,60,,,,102,102,102.0,,,,LCPJMJGF_00217
cse3,cse3,CRISPR-associated endoribonuclease Cse3,1,1,1.0,33,59,,,,657,657,657.0,,,,LCPJMJGF_00226
group_387,,hypothetical protein,1,1,1.0,33,57,,,,162,162,162.0,,,,LCPJMJGF_00219
casC,casC,CRISPR system Cascade subunit CasC,1,1,1.0,33,55,,,,1110,1110,1110.0,,,,LCPJMJGF_00224
dinG_1,dinG_1,3'-5' exonuclease DinG,1,1,1.0,33,52,,,,897,897,897.0,,,,LCPJMJGF_00228
cas12,cas1-2,CRISPR-associated endonuclease Cas1 2,1,1,1.0,33,49,,,,948,948,948.0,,,,LCPJMJGF_00227
cadA,cadA,Cadmium-transporting ATPase,1,1,1.0,33,43,,,,1854,1854,1854.0,,,,LCPJMJGF_00213
group_381,,hypothetical protein,1,1,1.0,33,32,,,,558,558,558.0,,,,LCPJMJGF_00212
group_379,,hypothetical protein,1,1,1.0,33,25,,,,726,726,726.0,,,,LCPJMJGF_00225
aadR,aadR,Transcriptional activatory protein AadR,1,1,1.0,33,24,,,,636,636,636.0,,,,LCPJMJGF_00216
group_378,,hypothetical protein,1,1,1.0,33,23,,,,273,273,273.0,,,,LCPJMJGF_00220
cas3,cas3,CRISPR-associated nuclease/helicase Cas3,1,1,1.0,33,21,,,,2751,2751,2751.0,,,,LCPJMJGF_00221
group_374,,hypothetical protein,1,1,1.0,33,16,,,,546,546,546.0,,,,LCPJMJGF_00215
group_371,,hypothetical protein,1,1,1.0,33,6,,,,1710,1710,1710.0,,,,LCPJMJGF_00222
group_358,,hypothetical protein,1,1,1.0,28,139,,,,294,294,294.0,,,,LCPJMJGF_00775
group_356,,hypothetical protein,1,1,1.0,28,134,,,,297,297,297.0,,,,LCPJMJGF_00765
group_350,,hypothetical protein,1,1,1.0,28,117,,,,189,189,189.0,,,,LCPJMJGF_00767
hchA,hchA,Protein/nucleic acid deglycase 1,1,1,1.0,28,88,,,,684,684,684.0,,,,LCPJMJGF_00763
group_334,,IS1182 family transposase ISLac1,1,1,1.0,28,68,,,,369,369,369.0,,,,LCPJMJGF_00679
group_330,,NADH oxidase,1,1,1.0,28,63,,,,1206,1206,1206.0,,,,LCPJMJGF_00764
group_325,,ISLre2 family transposase ISLcr2,1,1,1.0,28,52,,,,240,240,240.0,,,,LCPJMJGF_00766
group_320,,hypothetical protein,1,1,1.0,28,43,,,,930,930,930.0,,,,LCPJMJGF_00768
glgX_2,glgX_2,Glycogen debranching enzyme,1,1,1.0,28,9,,,,3591,3591,3591.0,,,,LCPJMJGF_00678
group_263,,hypothetical protein,1,1,1.0,20,18,,,,1320,1320,1320.0,,,AOHABJFI_00870,
group_245,,IS256 family transposase IS1201,1,1,1.0,17,12,,,,288,288,288.0,HJHFJAOG_01261,,,
group_241,,IS982 family transposase ISLh1,1,1,1.0,17,5,,,,771,771,771.0,HJHFJAOG_01262,,,
group_231,,hypothetical protein,1,1,1.0,15,131,,,,162,162,162.0,,,AOHABJFI_01568,
group_230,,hypothetical protein,1,1,1.0,15,129,,,,291,291,291.0,,,AOHABJFI_00407,
group_229,,hypothetical protein,1,1,1.0,15,128,,,,294,294,294.0,,MLMIAKCI_01030,,
group_227,,hypothetical protein,1,1,1.0,15,126,,,,441,441,441.0,,,AOHABJFI_01594,
group_226,,hypothetical protein,1,1,1.0,15,125,,,,171,171,171.0,,,AOHABJFI_01578,
lexA_2,lexA_2,LexA repressor,1,1,1.0,15,123,,,,627,627,627.0,,,AOHABJFI_01614,
group_225,,hypothetical protein,1,1,1.0,15,121,,,,300,300,300.0,,,AOHABJFI_01605,
group_224,,hypothetical protein,1,1,1.0,15,119,,,,819,819,819.0,,,AOHABJFI_01606,
group_222,,hypothetical protein,1,1,1.0,15,117,,,,450,450,450.0,,,AOHABJFI_01603,
group_219,,hypothetical protein,1,1,1.0,15,114,,,,183,183,183.0,,,AOHABJFI_01591,
group_218,,hypothetical protein,1,1,1.0,15,112,,,,312,312,312.0,,,AOHABJFI_01598,
group_217,,hypothetical protein,1,1,1.0,15,111,,,,642,642,642.0,,,AOHABJFI_01571,
group_216,,hypothetical protein,1,1,1.0,15,110,,,,453,453,453.0,,,AOHABJFI_01565,
group_215,,hypothetical protein,1,1,1.0,15,109,,,,312,312,312.0,,,AOHABJFI_01584,
group_213,,hypothetical protein,1,1,1.0,15,106,,,,645,645,645.0,,,AOHABJFI_01569,
group_210,,hypothetical protein,1,1,1.0,15,102,,,,192,192,192.0,,,AOHABJFI_01588,
group_209,,hypothetical protein,1,1,1.0,15,100,,,,324,324,324.0,,,AOHABJFI_01596,
group_207,,hypothetical protein,1,1,1.0,15,98,,,,201,201,201.0,,,AOHABJFI_01612,
group_205,,hypothetical protein,1,1,1.0,15,96,,,,333,333,333.0,,,AOHABJFI_01604,
group_202,,hypothetical protein,1,1,1.0,15,93,,,,336,336,336.0,,MLMIAKCI_01028,,
group_201,,hypothetical protein,1,1,1.0,15,92,,,,486,486,486.0,,,AOHABJFI_01600,
group_199,,hypothetical protein,1,1,1.0,15,89,,,,1140,1140,1140.0,,,AOHABJFI_01587,
group_198,,hypothetical protein,1,1,1.0,15,87,,,,681,681,681.0,,MLMIAKCI_01026,,
group_196,,hypothetical protein,1,1,1.0,15,85,,,,1641,1641,1641.0,,,AOHABJFI_01573,
xerC_5,xerC_5,Tyrosine recombinase XerC,1,1,1.0,15,83,,,,1158,1158,1158.0,,MLMIAKCI_01025,,
group_189,,hypothetical protein,1,1,1.0,15,74,,,,228,228,228.0,,,AOHABJFI_01613,
group_187,,hypothetical protein,1,1,1.0,15,70,,,,231,231,231.0,,,AOHABJFI_01608,
group_186,,hypothetical protein,1,1,1.0,15,69,,,,231,231,231.0,,,AOHABJFI_01574,
clpP_1,clpP_1,ATP-dependent Clp protease proteolytic subunit,1,1,1.0,15,62,,,,714,714,714.0,,,AOHABJFI_01586,
group_183,,hypothetical protein,1,1,1.0,15,61,,,,903,903,903.0,,,AOHABJFI_01564,
group_181,,hypothetical protein,1,1,1.0,15,59,,,,1878,1878,1878.0,,,AOHABJFI_01589,
group_180,,hypothetical protein,1,1,1.0,15,56,,,,375,375,375.0,,,AOHABJFI_01572,
group_178,,hypothetical protein,1,1,1.0,15,53,,,,240,240,240.0,,,AOHABJFI_01602,
xerC_7,xerC_7,Tyrosine recombinase XerC,1,1,1.0,15,52,,,,1224,1224,1224.0,,,AOHABJFI_01618,
group_176,,hypothetical protein,1,1,1.0,15,47,,,,546,546,546.0,,,AOHABJFI_01617,
group_175,,hypothetical protein,1,1,1.0,15,46,,,,246,246,246.0,,,AOHABJFI_01599,
group_174,,hypothetical protein,1,1,1.0,15,45,,,,549,549,549.0,,,AOHABJFI_01595,
group_173,,hypothetical protein,1,1,1.0,15,44,,,,741,741,741.0,,,AOHABJFI_01580,
group_172,,hypothetical protein,1,1,1.0,15,42,,,,249,249,249.0,,MLMIAKCI_01029,,
group_170,,hypothetical protein,1,1,1.0,15,39,,,,252,252,252.0,,,AOHABJFI_01566,
group_169,,hypothetical protein,1,1,1.0,15,38,,,,393,393,393.0,,,AOHABJFI_01583,
group_166,,hypothetical protein,1,1,1.0,15,35,,,,1278,1278,1278.0,,,AOHABJFI_01585,
group_164,,hypothetical protein,1,1,1.0,15,31,,,,105,105,105.0,,,AOHABJFI_01607,
group_163,,hypothetical protein,1,1,1.0,15,30,,,,261,261,261.0,,,AOHABJFI_01601,
group_162,,hypothetical protein,1,1,1.0,15,29,,,,402,402,402.0,,,AOHABJFI_01579,
group_161,,hypothetical protein,1,1,1.0,15,28,,,,261,261,261.0,,,AOHABJFI_01610,
group_160,,hypothetical protein,1,1,1.0,15,27,,,,261,261,261.0,,,AOHABJFI_01570,
group_159,,hypothetical protein,1,1,1.0,15,26,,,,402,402,402.0,,,AOHABJFI_01582,
group_158,,hypothetical protein,1,1,1.0,15,25,,,,948,948,948.0,,,AOHABJFI_01615,
group_156,,hypothetical protein,1,1,1.0,15,22,,,,114,114,114.0,,,AOHABJFI_01616,
group_155,,hypothetical protein,1,1,1.0,15,20,,,,408,408,408.0,,MLMIAKCI_01027,,
group_153,,hypothetical protein,1,1,1.0,15,17,,,,771,771,771.0,,,AOHABJFI_01576,
group_151,,hypothetical protein,1,1,1.0,15,15,,,,411,411,411.0,,,AOHABJFI_01581,
group_150,,hypothetical protein,1,1,1.0,15,13,,,,132,132,132.0,,,AOHABJFI_01609,
group_149,,hypothetical protein,1,1,1.0,15,11,,,,141,141,141.0,,,AOHABJFI_01611,
group_148,,hypothetical protein,1,1,1.0,15,10,,,,420,420,420.0,,,AOHABJFI_01567,
group_147,,hypothetical protein,1,1,1.0,15,9,,,,597,597,597.0,,,AOHABJFI_01590,
group_145,,hypothetical protein,1,1,1.0,15,4,,,,279,279,279.0,,,AOHABJFI_01597,
group_144,,hypothetical protein,1,1,1.0,15,3,,,,3726,3726,3726.0,,,AOHABJFI_01575,
smc_3,smc_3,Chromosome partition protein Smc,1,1,1.0,15,1,,,,6762,6762,6762.0,,,AOHABJFI_01577,
group_138,,hypothetical protein,1,1,1.0,12,2,,,,843,843,843.0,HJHFJAOG_00174,,,
group_137,,IS256 family transposase IS1201,1,1,1.0,12,1,,,,909,909,909.0,HJHFJAOG_00175,,,
group_135,,hypothetical protein,1,1,1.0,9,40,,,,255,255,255.0,,,,LCPJMJGF_01255
group_128,,hypothetical protein,1,1,1.0,9,23,,,,237,237,237.0,,,,LCPJMJGF_01256
group_124,,hypothetical protein,1,1,1.0,9,16,,,,777,777,777.0,,,,LCPJMJGF_01257
group_111,,IS982 family transposase ISLh1,1,1,1.0,5,66,,,,858,858,858.0,HJHFJAOG_00115,,,
group_96,,hypothetical protein,1,1,1.0,5,23,,,,183,183,183.0,,,,LCPJMJGF_01661
group_91,,hypothetical protein,1,1,1.0,5,3,,,,228,228,228.0,,,,LCPJMJGF_01660
group_70,,hypothetical protein,1,1,1.0,4,92,,,,456,456,456.0,,,,LCPJMJGF_00173
group_14,,hypothetical protein,1,1,1.0,3,5,,,,354,354,354.0,HJHFJAOG_00016,,,
group_12,,hypothetical protein,1,1,1.0,3,3,,,,1704,1704,1704.0,HJHFJAOG_00018,,,
group_11,,hypothetical protein,1,1,1.0,3,2,,,,306,306,306.0,HJHFJAOG_00015,,,
group_10,,hypothetical protein,1,1,1.0,3,1,,,,405,405,405.0,HJHFJAOG_00017,,,
group_1,,hypothetical protein,1,1,1.0,1,3,,,,375,375,375.0,,MLMIAKCI_02040,,
