Gene,Non-unique Gene name,Annotation,No. isolates,No. sequences,Avg sequences per isolate,Genome Fragment,Order within Fragment,Accessory Fragment,Accessory Order with Fragment,QC,Min group size nuc,Max group size nuc,Avg group size nuc,Lactobacillus_mulieris__UMB0007B__GCA_026184155.1,Lactobacillus_mulieris__UMB7783B__GCA_030228195.1
tcyA,tcyA;,L-cystine-binding protein TcyA;putative amino-acid ABC transporter-binding protein,2,2,1.0,108,1,,,,300,792,546.0,OCAFGGHM_00424,GPENAHNM_00823
group_566,,hypothetical protein,2,2,1.0,107,1,,,,3492,6033,4762.5,OCAFGGHM_00832,GPENAHNM_00406
yjeM_2~~~yjeM_3,yjeM_2;yjeM_3,Inner membrane transporter YjeM,2,3,1.5,106,1,,,,714,1470,989.0,OCAFGGHM_01456,GPENAHNM_00831;GPENAHNM_00830
group_565,,hypothetical protein,2,2,1.0,105,1,,,,627,873,750.0,OCAFGGHM_00671,GPENAHNM_00763
group_564,,hypothetical protein,2,2,1.0,104,1,,,,189,189,189.0,OCAFGGHM_00782,GPENAHNM_01300
dfrA,dfrA,Dihydrofolate reductase,2,2,1.0,101,1,,,,504,504,504.0,0_refound_2,GPENAHNM_01038
pbp2a,pbp2a,Penicillin-binding protein 2a,2,2,1.0,96,1,,,,2058,2058,2058.0,0_refound_1,GPENAHNM_00693
group_558,,hypothetical protein,2,2,1.0,95,1,,,,354,354,354.0,0_refound_0,GPENAHNM_00687
group_551,,hypothetical protein,2,2,1.0,90,1,,,,999,999,999.0,OCAFGGHM_01764,GPENAHNM_01146
group_550,,hypothetical protein,2,2,1.0,89,2,,,,573,573,573.0,OCAFGGHM_01763,GPENAHNM_01540
greA_2,greA_2,Transcription elongation factor GreA,2,2,1.0,89,1,,,,462,462,462.0,OCAFGGHM_01762,GPENAHNM_01539
group_549,,hypothetical protein,2,2,1.0,88,2,,,,957,969,963.0,OCAFGGHM_01751,GPENAHNM_00789
rpmGA_2,rpmGA_2,Large ribosomal subunit protein bL33A,2,2,1.0,88,1,,,,153,153,153.0,OCAFGGHM_01752,GPENAHNM_00788
group_548,,hypothetical protein,2,2,1.0,87,3,,,,279,279,279.0,OCAFGGHM_01739,GPENAHNM_01351
group_547,,hypothetical protein,2,2,1.0,87,2,,,,168,168,168.0,OCAFGGHM_01738,GPENAHNM_01350
group_546,,hypothetical protein,2,2,1.0,87,1,,,,261,261,261.0,OCAFGGHM_01740,GPENAHNM_01352
group_545,,hypothetical protein,2,2,1.0,86,1,,,,279,279,279.0,OCAFGGHM_01728,GPENAHNM_00832
group_544,,hypothetical protein,2,2,1.0,85,2,,,,1143,1503,1323.0,OCAFGGHM_01724,GPENAHNM_00915
group_543,,hypothetical protein,2,2,1.0,85,1,,,,369,369,369.0,OCAFGGHM_01723,GPENAHNM_00916
ltaS2_2~~~ltaS1,ltaS2_2;ltaS1,Lipoteichoic acid synthase 2;Lipoteichoic acid synthase 1,2,2,1.0,84,2,,,,696,2076,1386.0,OCAFGGHM_01714,GPENAHNM_00575
murC,murC,UDP-N-acetylmuramate--L-alanine ligase,2,2,1.0,84,1,,,,1308,1308,1308.0,OCAFGGHM_01715,GPENAHNM_00574
group_542,,hypothetical protein,2,2,1.0,83,3,,,,504,504,504.0,OCAFGGHM_01712,GPENAHNM_01252
licT_2,licT_2,Transcription antiterminator LicT,2,2,1.0,83,2,,,,879,879,879.0,OCAFGGHM_01713,GPENAHNM_01251
group_541,,hypothetical protein,2,2,1.0,83,1,,,,825,825,825.0,OCAFGGHM_01711,GPENAHNM_01253
dps,dps,DNA protection during starvation protein,2,2,1.0,82,4,,,,468,468,468.0,OCAFGGHM_01704,GPENAHNM_00911
group_540,,hypothetical protein,2,2,1.0,82,3,,,,201,666,433.5,OCAFGGHM_01702,GPENAHNM_00913
group_539,,hypothetical protein,2,2,1.0,82,2,,,,981,981,981.0,OCAFGGHM_01703,GPENAHNM_00912
group_538,,hypothetical protein,2,2,1.0,82,1,,,,246,246,246.0,OCAFGGHM_01705,GPENAHNM_00910
manZ_3,manZ_3,PTS system mannose-specific EIID component,2,2,1.0,81,4,,,,918,918,918.0,OCAFGGHM_01700,GPENAHNM_00721
group_537,,hypothetical protein,2,2,1.0,81,3,,,,357,357,357.0,OCAFGGHM_01701,GPENAHNM_00722
manX_2,manX_2,PTS system mannose-specific EIIAB component,2,2,1.0,81,2,,,,993,993,993.0,OCAFGGHM_01698,GPENAHNM_00719
sorA_2,sorA_2,PTS system sorbose-specific EIIC component,2,2,1.0,81,1,,,,798,798,798.0,OCAFGGHM_01699,GPENAHNM_00720
purR_2~~~purR_1,purR_2;purR_1,HTH-type transcriptional repressor PurR,2,2,1.0,80,3,,,,978,978,978.0,OCAFGGHM_01696,GPENAHNM_00373
vprA_2,vprA_2,Vinyl phenol reductase,2,2,1.0,80,2,,,,801,1467,1134.0,OCAFGGHM_01697,GPENAHNM_00374
degA_4,degA_4,HTH-type transcriptional regulator DegA,2,2,1.0,80,1,,,,1014,1014,1014.0,OCAFGGHM_01695,GPENAHNM_00372
recX,recX,Regulatory protein RecX,2,2,1.0,79,5,,,,510,816,663.0,OCAFGGHM_01692,GPENAHNM_00467
group_536,,hypothetical protein,2,2,1.0,79,4,,,,477,477,477.0,OCAFGGHM_01691,GPENAHNM_00468
group_535,,hypothetical protein,2,2,1.0,79,3,,,,462,462,462.0,OCAFGGHM_01690,GPENAHNM_00469
prfC,prfC,Peptide chain release factor 3,2,2,1.0,79,2,,,,1572,1572,1572.0,OCAFGGHM_01688,GPENAHNM_00471
corC,corC,Magnesium and cobalt efflux protein CorC,2,2,1.0,79,1,,,,864,864,864.0,OCAFGGHM_01689,GPENAHNM_00470
nadK,nadK,NAD kinase,2,2,1.0,78,6,,,,789,789,789.0,OCAFGGHM_01678,GPENAHNM_01295
yjbK,;yjbK,hypothetical protein;Putative triphosphatase YjbK,2,2,1.0,78,5,,,,621,621,621.0,OCAFGGHM_01676,GPENAHNM_01293
yjbM,yjbM,GTP pyrophosphokinase YjbM,2,2,1.0,78,4,,,,627,627,627.0,OCAFGGHM_01677,GPENAHNM_01294
spxH,spxH,ClpXP adapter protein SpxH,2,2,1.0,78,3,,,,633,633,633.0,OCAFGGHM_01675,GPENAHNM_01292
group_534,,hypothetical protein,2,2,1.0,78,2,,,,894,894,894.0,OCAFGGHM_01679,GPENAHNM_01296
group_533,,hypothetical protein,2,2,1.0,78,1,,,,432,432,432.0,OCAFGGHM_01680,GPENAHNM_01297
smc_7,smc_7,Chromosome partition protein Smc,2,2,1.0,77,1,,,,2739,2739,2739.0,OCAFGGHM_01665,GPENAHNM_01381
group_532,,hypothetical protein,2,2,1.0,76,5,,,,210,210,210.0,OCAFGGHM_01659,GPENAHNM_00102
nfr1,nfr1,NADH-dependent flavin reductase subunit 1,2,2,1.0,76,4,,,,537,537,537.0,OCAFGGHM_01657,GPENAHNM_00100
group_531,,hypothetical protein,2,2,1.0,76,3,,,,603,603,603.0,OCAFGGHM_01658,GPENAHNM_00101
nfr2,nfr2,NADH-dependent flavin reductase subunit 2,2,2,1.0,76,2,,,,549,549,549.0,OCAFGGHM_01656,GPENAHNM_00099
mupG,mupG,6-phospho-N-acetylmuramidase,2,2,1.0,76,1,,,,1035,1035,1035.0,OCAFGGHM_01655,GPENAHNM_00098
iphP,iphP,Tyrosine-protein phosphatase,2,2,1.0,75,1,,,,795,795,795.0,OCAFGGHM_01654,GPENAHNM_00893
group_530,,hypothetical protein,2,2,1.0,74,3,,,,1002,1002,1002.0,OCAFGGHM_01644,GPENAHNM_00576
group_529,,Alpha-monoglucosyldiacylglycerol synthase,2,2,1.0,74,2,,,,1167,1167,1167.0,OCAFGGHM_01642,GPENAHNM_00578
cpoA,cpoA,Alpha-galactosylglucosyldiacylglycerol synthase,2,2,1.0,74,1,,,,1047,1047,1047.0,OCAFGGHM_01643,GPENAHNM_00577
ecsA,ecsA,ABC-type transporter ATP-binding protein EcsA,2,2,1.0,73,7,,,,744,744,744.0,OCAFGGHM_01632,GPENAHNM_00685
hit,hit,Protein hit,2,2,1.0,73,6,,,,432,432,432.0,OCAFGGHM_01631,GPENAHNM_00686
group_528,,hypothetical protein,2,2,1.0,73,5,,,,1185,1185,1185.0,OCAFGGHM_01633,GPENAHNM_00684
pheT_2,pheT_2,Phenylalanine--tRNA ligase beta subunit,2,2,1.0,73,4,,,,648,648,648.0,OCAFGGHM_01636,GPENAHNM_00681
ytpP,ytpP,Thioredoxin-like protein YtpP,2,2,1.0,73,3,,,,321,321,321.0,OCAFGGHM_01635,GPENAHNM_00682
group_527,,hypothetical protein,2,2,1.0,73,2,,,,528,528,528.0,OCAFGGHM_01637,GPENAHNM_00680
trmB,trmB,tRNA (guanine-N(7)-)-methyltransferase,2,2,1.0,73,1,,,,654,654,654.0,OCAFGGHM_01634,GPENAHNM_00683
hdfR,hdfR,HTH-type transcriptional regulator HdfR,2,2,1.0,72,4,,,,825,825,825.0,OCAFGGHM_01627,GPENAHNM_00375
nanE,nanE,Putative N-acetylmannosamine-6-phosphate 2-epimerase,2,2,1.0,72,3,,,,699,699,699.0,OCAFGGHM_01629,GPENAHNM_00377
ptsG,ptsG,PTS system glucose-specific EIICBA component,2,2,1.0,72,2,,,,1983,1983,1983.0,OCAFGGHM_01628,GPENAHNM_00376
ybbH,ybbH,putative HTH-type transcriptional regulator YbbH,2,2,1.0,72,1,,,,813,813,813.0,OCAFGGHM_01630,GPENAHNM_00378
dtpT,dtpT,Di-/tripeptide transporter,2,2,1.0,71,1,,,,1494,1494,1494.0,OCAFGGHM_01617,GPENAHNM_00718
mmgB,mmgB,putative 3-hydroxybutyryl-CoA dehydrogenase,2,2,1.0,70,6,,,,891,891,891.0,OCAFGGHM_01616,GPENAHNM_00716
cladc,cla-dc,CLA biosynthesis isomerase,2,2,1.0,70,5,,,,828,828,828.0,OCAFGGHM_01615,GPENAHNM_00715
iolU,iolU,scyllo-inositol 2-dehydrogenase (NADP(+)) IolU,2,2,1.0,70,4,,,,981,981,981.0,OCAFGGHM_01612,GPENAHNM_00712
claer,cla-er,CLA biosynthesis enone reductase,2,2,1.0,70,3,,,,651,651,651.0,OCAFGGHM_01614,GPENAHNM_00714
group_525,guaA_2,GMP synthase [glutamine-hydrolyzing],2,2,1.0,70,1,,,,669,669,669.0,OCAFGGHM_01613,GPENAHNM_00713
pbpA,pbpA,Penicillin-binding protein 2A,2,2,1.0,69,7,,,,2127,2127,2127.0,OCAFGGHM_01605,GPENAHNM_00540
yqgQ,yqgQ,putative protein YqgQ,2,2,1.0,69,6,,,,210,210,210.0,OCAFGGHM_01609,GPENAHNM_00536
glpE,glpE,Thiosulfate sulfurtransferase GlpE,2,2,1.0,69,5,,,,402,402,402.0,OCAFGGHM_01610,GPENAHNM_00535
rpmGA_1,rpmGA_1,Large ribosomal subunit protein bL33A,2,2,1.0,69,4,,,,150,150,150.0,OCAFGGHM_01606,GPENAHNM_00539
yqgN,yqgN,putative protein YqgN,2,2,1.0,69,3,,,,558,558,558.0,OCAFGGHM_01607,GPENAHNM_00538
group_524,,hypothetical protein,2,2,1.0,69,2,,,,180,180,180.0,OCAFGGHM_01611,GPENAHNM_00534
glpG~~~gluP,glpG;gluP,Rhomboid protease GlpG;Rhomboid protease GluP,2,2,1.0,69,1,,,,690,690,690.0,OCAFGGHM_01608,GPENAHNM_00537
group_523,,hypothetical protein,2,2,1.0,68,5,,,,1224,1224,1224.0,OCAFGGHM_01601,GPENAHNM_00691
yhaM,yhaM,3'-5' exoribonuclease YhaM,2,2,1.0,68,4,,,,975,975,975.0,OCAFGGHM_01603,GPENAHNM_00689
group_522,,hypothetical protein,2,2,1.0,68,3,,,,363,363,363.0,OCAFGGHM_01600,GPENAHNM_00692
prsA,prsA,Foldase protein PrsA,2,2,1.0,68,2,,,,909,909,909.0,OCAFGGHM_01604,GPENAHNM_00688
group_521,,hypothetical protein,2,2,1.0,68,1,,,,2418,2418,2418.0,OCAFGGHM_01602,GPENAHNM_00690
cas2,cas2,CRISPR-associated endoribonuclease Cas2,2,2,1.0,67,4,,,,306,306,306.0,OCAFGGHM_01593,GPENAHNM_00705
cas9,cas9,CRISPR-associated endonuclease Cas9,2,2,1.0,67,3,,,,4185,4188,4186.5,OCAFGGHM_01591,GPENAHNM_00707
group_520,,hypothetical protein,2,2,1.0,67,2,,,,669,669,669.0,OCAFGGHM_01594,GPENAHNM_00704
cas1,cas1,CRISPR-associated endonuclease Cas1,2,2,1.0,67,1,,,,909,909,909.0,OCAFGGHM_01592,GPENAHNM_00706
group_519,,PhoH-like protein,2,2,1.0,66,11,,,,954,954,954.0,OCAFGGHM_01586,GPENAHNM_00996
yqfL,yqfL,Putative pyruvate phosphate dikinase regulatory protein,2,2,1.0,66,10,,,,825,825,825.0,OCAFGGHM_01583,GPENAHNM_00999
era,era,GTPase Era,2,2,1.0,66,9,,,,909,909,909.0,OCAFGGHM_01589,GPENAHNM_00993
ybeY,ybeY,Endoribonuclease YbeY,2,2,1.0,66,8,,,,525,525,525.0,OCAFGGHM_01587,GPENAHNM_00995
yqeY,yqeY,putative protein YqeY,2,2,1.0,66,7,,,,462,462,462.0,OCAFGGHM_01585,GPENAHNM_00997
rpsU,rpsU,Small ribosomal subunit protein bS21,2,2,1.0,66,6,,,,177,177,177.0,OCAFGGHM_01584,GPENAHNM_00998
cdd,cdd,Cytidine deaminase,2,2,1.0,66,5,,,,423,423,423.0,OCAFGGHM_01588,GPENAHNM_00994
msrB,msrB,Peptide methionine sulfoxide reductase MsrB,2,2,1.0,66,4,,,,189,441,315.0,OCAFGGHM_01580,GPENAHNM_01002
group_518,,hypothetical protein,2,2,1.0,66,3,,,,879,879,879.0,OCAFGGHM_01582,GPENAHNM_01000
recO,recO,DNA repair protein RecO,2,2,1.0,66,2,,,,756,756,756.0,OCAFGGHM_01590,GPENAHNM_00992
msrA2,msrA2,Peptide methionine sulfoxide reductase MsrA 2,2,2,1.0,66,1,,,,531,531,531.0,OCAFGGHM_01581,GPENAHNM_01001
arcD1_1,arcD1_1,Arginine/ornithine antiporter ArcD1,2,2,1.0,65,6,,,,1428,1428,1428.0,OCAFGGHM_01574,GPENAHNM_00275
arcA,arcA,Arginine deiminase,2,2,1.0,65,5,,,,1227,1227,1227.0,OCAFGGHM_01576,GPENAHNM_00273
argF,argF,Ornithine carbamoyltransferase,2,2,1.0,65,4,,,,1002,1002,1002.0,OCAFGGHM_01578,GPENAHNM_00271
arcC1,arcC1,Carbamate kinase 1,2,2,1.0,65,3,,,,915,915,915.0,OCAFGGHM_01577,GPENAHNM_00272
arcD1_2,arcD1_2,Arginine/ornithine antiporter ArcD1,2,2,1.0,65,2,,,,1419,1419,1419.0,OCAFGGHM_01575,GPENAHNM_00274
group_517,,hypothetical protein,2,2,1.0,65,1,,,,852,852,852.0,OCAFGGHM_01579,GPENAHNM_00270
group_516,,hypothetical protein,2,2,1.0,64,6,,,,210,210,210.0,OCAFGGHM_01570,GPENAHNM_00795
group_515,,hypothetical protein,2,2,1.0,64,5,,,,240,240,240.0,OCAFGGHM_01571,GPENAHNM_00794
group_514,,hypothetical protein,2,2,1.0,64,4,,,,366,366,366.0,OCAFGGHM_01572,GPENAHNM_00791
garK,garK,Glycerate 2-kinase,2,2,1.0,64,3,,,,1146,1146,1146.0,OCAFGGHM_01573,GPENAHNM_00790
yfmL,yfmL,putative ATP-dependent RNA helicase YfmL,2,2,1.0,63,9,,,,1200,1227,1213.5,OCAFGGHM_01549,GPENAHNM_00448
group_511,,hypothetical protein,2,2,1.0,63,8,,,,180,180,180.0,OCAFGGHM_01545,GPENAHNM_00452
group_510,,hypothetical protein,2,2,1.0,63,7,,,,297,297,297.0,OCAFGGHM_01546,GPENAHNM_00451
mnaA,mnaA,UDP-N-acetylglucosamine 2-epimerase,2,2,1.0,63,6,,,,1143,1143,1143.0,OCAFGGHM_01544,GPENAHNM_00453
hpt,hpt,Hypoxanthine-guanine phosphoribosyltransferase,2,2,1.0,63,5,,,,564,564,564.0,OCAFGGHM_01552,GPENAHNM_00445
group_509,,hypothetical protein,2,2,1.0,63,4,,,,714,714,714.0,OCAFGGHM_01550,GPENAHNM_00447
celB,celB,PTS system cellobiose-specific EIIC component,2,2,1.0,63,3,,,,1341,1341,1341.0,OCAFGGHM_01548,GPENAHNM_00449
steT_2,steT_2,Serine/threonine exchanger SteT,2,2,1.0,63,2,,,,1296,1296,1296.0,OCAFGGHM_01551,GPENAHNM_00446
group_508,,hypothetical protein,2,2,1.0,63,1,,,,822,1323,1072.5,OCAFGGHM_01553,GPENAHNM_00444
dhaM,dhaM,PTS-dependent dihydroxyacetone kinase phosphotransferase subunit DhaM,2,2,1.0,62,8,,,,375,375,375.0,OCAFGGHM_01538,GPENAHNM_00783
glpF_1~~~glpF_2,glpF_1;glpF_2,Glycerol uptake facilitator protein,2,3,1.5,62,7,,,,195,702,381.0,OCAFGGHM_01537,GPENAHNM_00784;GPENAHNM_00785
dhaL,dhaL,PTS-dependent dihydroxyacetone kinase ADP-binding subunit DhaL,2,2,1.0,62,6,,,,582,582,582.0,OCAFGGHM_01539,GPENAHNM_00782
group_507,,hypothetical protein,2,2,1.0,62,5,,,,537,537,537.0,OCAFGGHM_01541,GPENAHNM_00780
group_506,,hypothetical protein,2,2,1.0,62,4,,,,849,849,849.0,OCAFGGHM_01536,GPENAHNM_00786
glmS,glmS,Glutamine--fructose-6-phosphate aminotransferase [isomerizing],2,2,1.0,62,3,,,,1812,1812,1812.0,OCAFGGHM_01535,GPENAHNM_00787
group_505,,hypothetical protein,2,2,1.0,62,2,,,,204,216,210.0,OCAFGGHM_01542,GPENAHNM_00779
dhaK,dhaK,PTS-dependent dihydroxyacetone kinase dihydroxyacetone-binding subunit DhaK,2,2,1.0,62,1,,,,996,996,996.0,OCAFGGHM_01540,GPENAHNM_00781
rnj,rnj,Ribonuclease J,2,2,1.0,61,8,,,,1284,1284,1284.0,OCAFGGHM_01526,GPENAHNM_00848
lacF,lacF,Lactose transport system permease protein LacF,2,2,1.0,61,7,,,,867,867,867.0,OCAFGGHM_01528,GPENAHNM_00850
group_504,,hypothetical protein;Protein ADP-ribosyltransferase,2,2,1.0,61,6,,,,381,777,579.0,OCAFGGHM_01532,GPENAHNM_00854
smoH,smoH,Sulfoquinovosyl glycerol transport system permease protein SmoH,2,2,1.0,61,5,,,,825,825,825.0,OCAFGGHM_01527,GPENAHNM_00849
group_503,,hypothetical protein,2,2,1.0,61,4,,,,876,876,876.0,OCAFGGHM_01530,GPENAHNM_00852
group_502,uup_6,ATP-binding protein Uup,2,2,1.0,61,3,,,,1086,1086,1086.0,OCAFGGHM_01529,GPENAHNM_00851
polC_3~~~polC_2,polC_3;polC_2,DNA polymerase III PolC-type,2,2,1.0,61,2,,,,954,954,954.0,OCAFGGHM_01531,GPENAHNM_00853
group_501,,hypothetical protein,2,2,1.0,61,1,,,,1308,1308,1308.0,OCAFGGHM_01525,GPENAHNM_00847
citF,citF,Citrate lyase alpha chain,2,2,1.0,60,9,,,,1539,1539,1539.0,OCAFGGHM_01524,GPENAHNM_01015
citD,citD,Citrate lyase acyl carrier protein,2,2,1.0,60,8,,,,294,294,294.0,OCAFGGHM_01522,GPENAHNM_01017
citX,citX,Apo-citrate lyase phosphoribosyl-dephospho-CoA transferase,2,2,1.0,60,7,,,,534,540,537.0,OCAFGGHM_01516,GPENAHNM_01023
yjmC,yjmC,putative oxidoreductase YjmC,2,2,1.0,60,6,,,,1137,1137,1137.0,OCAFGGHM_01517,GPENAHNM_01022
ldh,ldh,L-lactate dehydrogenase,2,2,1.0,60,5,,,,924,924,924.0,OCAFGGHM_01518,GPENAHNM_01021
ydjP,ydjP,AB hydrolase superfamily protein YdjP,2,2,1.0,60,4,,,,792,792,792.0,OCAFGGHM_01519,GPENAHNM_01020
citC,citC,[Citrate [pro-3S]-lyase] ligase,2,2,1.0,60,3,,,,1056,1056,1056.0,OCAFGGHM_01521,GPENAHNM_01018
citE,citE,Citrate lyase subunit beta,2,2,1.0,60,2,,,,915,915,915.0,OCAFGGHM_01523,GPENAHNM_01016
sorC,sorC,Sorbitol operon regulator,2,2,1.0,60,1,,,,954,954,954.0,OCAFGGHM_01520,GPENAHNM_01019
group_500,,hypothetical protein,2,2,1.0,59,10,,,,1359,1359,1359.0,OCAFGGHM_01487,GPENAHNM_01013
group_499,,hypothetical protein,2,2,1.0,59,9,,,,375,375,375.0,OCAFGGHM_01490,GPENAHNM_01010
dtd,dtd,D-aminoacyl-tRNA deacylase,2,2,1.0,59,8,,,,441,441,441.0,OCAFGGHM_01492,GPENAHNM_01008
group_498,,hypothetical protein,2,2,1.0,59,7,,,,267,267,267.0,OCAFGGHM_01495,GPENAHNM_01005
relA,relA,GTP pyrophosphokinase,2,2,1.0,59,6,,,,2238,2238,2238.0,OCAFGGHM_01491,GPENAHNM_01009
group_497,,hypothetical protein,2,2,1.0,59,5,,,,126,333,229.5,OCAFGGHM_01496,GPENAHNM_01004
prmA,prmA,Ribosomal protein L11 methyltransferase,2,2,1.0,59,4,,,,945,945,945.0,OCAFGGHM_01489,GPENAHNM_01011
ybaK,ybaK,Cys-tRNA(Pro)/Cys-tRNA(Cys) deacylase YbaK,2,2,1.0,59,3,,,,507,507,507.0,OCAFGGHM_01488,GPENAHNM_01012
aspS,aspS,Aspartate--tRNA ligase,2,2,1.0,59,2,,,,1833,1833,1833.0,OCAFGGHM_01494,GPENAHNM_01006
hisS,hisS,Histidine--tRNA ligase,2,2,1.0,59,1,,,,1281,1281,1281.0,OCAFGGHM_01493,GPENAHNM_01007
bglC,bglC,Aryl-phospho-beta-D-glucosidase BglC,2,2,1.0,58,13,,,,1362,1362,1362.0,OCAFGGHM_01481,GPENAHNM_00365
rbsD,rbsD,D-ribose pyranase,2,2,1.0,58,12,,,,396,396,396.0,OCAFGGHM_01476,GPENAHNM_00370
rbsA,rbsA,Ribose import ATP-binding protein RbsA,2,2,1.0,58,11,,,,1479,1479,1479.0,OCAFGGHM_01477,GPENAHNM_00369
rbsC,rbsC,Ribose import permease protein RbsC,2,2,1.0,58,9,,,,957,957,957.0,OCAFGGHM_01478,GPENAHNM_00368
palQ~~~malL_1,palQ;malL_1,Palatinase;Oligo-16-glucosidase,2,2,1.0,58,8,,,,324,1662,993.0,OCAFGGHM_01486,GPENAHNM_00357
gmuC~~~licC_2,gmuC;licC_2,PTS system oligo-beta-mannoside-specific EIIC component;Lichenan permease IIC component,2,2,1.0,58,7,,,,645,1308,976.5,OCAFGGHM_01482,GPENAHNM_00364
rbsB_2,rbsB_2,Ribose import binding protein RbsB,2,2,1.0,58,6,,,,987,987,987.0,OCAFGGHM_01479,GPENAHNM_00367
hcaR~~~gltC_3,hcaR;gltC_3,Hca operon transcriptional activator HcaR;Transcriptional dual regulator GltC,2,2,1.0,58,5,,,,897,897,897.0,OCAFGGHM_01484,GPENAHNM_00359
ifcA~~~vprA_1,ifcA;vprA_1,putative fumarate reductase Ifc3;Vinyl phenol reductase,2,2,1.0,58,4,,,,1485,1485,1485.0,OCAFGGHM_01483,GPENAHNM_00360
gmuR_2,gmuR_2,HTH-type transcriptional regulator GmuR,2,2,1.0,58,3,,,,708,708,708.0,OCAFGGHM_01480,GPENAHNM_00366
rbsR_2,rbsR_2,Ribose operon repressor,2,2,1.0,58,2,,,,993,993,993.0,OCAFGGHM_01485,GPENAHNM_00358
yumC,yumC,Ferredoxin--NADP reductase 2,2,2,1.0,57,10,,,,726,726,726.0,OCAFGGHM_01474,GPENAHNM_00283
group_496,,hypothetical protein,2,2,1.0,57,9,,,,666,666,666.0,OCAFGGHM_01467,GPENAHNM_00290
arcD,arcD,Arginine/ornithine antiporter,2,2,1.0,57,8,,,,1461,1467,1464.0,OCAFGGHM_01465,GPENAHNM_00292
ypjQ,ypjQ,putative protein YpjQ,2,2,1.0,57,7,,,,522,522,522.0,OCAFGGHM_01473,GPENAHNM_00284
glyA,glyA,Serine hydroxymethyltransferase,2,2,1.0,57,6,,,,1236,1236,1236.0,OCAFGGHM_01471,GPENAHNM_00286
group_495,,hypothetical protein,2,2,1.0,57,5,,,,1380,1380,1380.0,OCAFGGHM_01470,GPENAHNM_00287
dedA,dedA,DedA family protein,2,2,1.0,57,4,,,,651,651,651.0,OCAFGGHM_01472,GPENAHNM_00285
uvrA_2~~~uvrA_1,uvrA_2;uvrA_1,UvrABC system protein A,2,2,1.0,57,3,,,,2520,2520,2520.0,OCAFGGHM_01468,GPENAHNM_00289
group_494,,hypothetical protein,2,2,1.0,57,2,,,,417,417,417.0,OCAFGGHM_01466,GPENAHNM_00291
group_493,,hypothetical protein,2,2,1.0,57,1,,,,486,486,486.0,OCAFGGHM_01469,GPENAHNM_00288
syfD,syfD,putative syringafactin export ATP-binding/permease protein SyfD,2,2,1.0,56,8,,,,1971,1971,1971.0,OCAFGGHM_01463,GPENAHNM_00825
betI_2,betI_2,HTH-type transcriptional regulator BetI,2,2,1.0,56,7,,,,579,579,579.0,OCAFGGHM_01464,GPENAHNM_00824
ygcS_1,ygcS_1,Inner membrane metabolite transport protein YgcS,2,2,1.0,56,6,,,,1362,1362,1362.0,OCAFGGHM_01460,GPENAHNM_00827
ygcS_2~~~ygcS_1,ygcS_2;ygcS_1,Inner membrane metabolite transport protein YgcS,2,2,1.0,56,5,,,,1296,1296,1296.0,OCAFGGHM_01461,GPENAHNM_00826
ysdC,ysdC,Putative aminopeptidase YsdC,2,2,1.0,56,3,,,,1083,1083,1083.0,OCAFGGHM_01459,GPENAHNM_00828
ykoE,ykoE,Putative HMP/thiamine permease protein YkoE,2,2,1.0,56,1,,,,570,570,570.0,OCAFGGHM_01458,GPENAHNM_00829
gtaB,gtaB,UTP--glucose-1-phosphate uridylyltransferase,2,2,1.0,55,13,,,,903,903,903.0,OCAFGGHM_01449,GPENAHNM_00460
bioH_3,bioH_3,Pimeloyl-[acyl-carrier protein] methyl ester esterase,2,2,1.0,55,12,,,,954,954,954.0,OCAFGGHM_01447,GPENAHNM_00462
mvaA,mvaA,3-hydroxy-3-methylglutaryl-coenzyme A reductase,2,2,1.0,55,11,,,,1227,1227,1227.0,OCAFGGHM_01445,GPENAHNM_00464
elaA,elaA,Protein ElaA,2,2,1.0,55,10,,,,435,435,435.0,OCAFGGHM_01454,GPENAHNM_00455
group_491,,hypothetical protein,2,2,1.0,55,9,,,,504,504,504.0,OCAFGGHM_01453,GPENAHNM_00456
map,map,Methionine aminopeptidase 1,2,2,1.0,55,8,,,,828,828,828.0,OCAFGGHM_01451,GPENAHNM_00458
thlA,thlA,Acetyl-CoA acetyltransferase,2,2,1.0,55,7,,,,1146,1146,1146.0,OCAFGGHM_01446,GPENAHNM_00463
group_490,,hypothetical protein,2,2,1.0,55,6,,,,861,861,861.0,OCAFGGHM_01450,GPENAHNM_00459
rlmCD,rlmCD,23S rRNA (uracil-C(5))-methyltransferase RlmCD,2,2,1.0,55,5,,,,1377,1377,1377.0,OCAFGGHM_01443,GPENAHNM_00466
group_489,,Flavodoxin,2,2,1.0,55,4,,,,447,447,447.0,OCAFGGHM_01452,GPENAHNM_00457
group_488,,hypothetical protein,2,2,1.0,55,3,,,,285,285,285.0,OCAFGGHM_01448,GPENAHNM_00461
mvaS,mvaS,Hydroxymethylglutaryl-CoA synthase,2,2,1.0,55,2,,,,1158,1158,1158.0,OCAFGGHM_01444,GPENAHNM_00465
group_487,,hypothetical protein,2,2,1.0,55,1,,,,441,441,441.0,OCAFGGHM_01455,GPENAHNM_00454
group_486,,hypothetical protein,2,2,1.0,54,12,,,,183,183,183.0,OCAFGGHM_01410,GPENAHNM_01286
group_485,,hypothetical protein,2,2,1.0,54,11,,,,279,279,279.0,OCAFGGHM_01412,GPENAHNM_01284
clpE_2,clpE_2,ATP-dependent Clp protease ATP-binding subunit ClpE,2,2,1.0,54,10,,,,2184,2184,2184.0,OCAFGGHM_01411,GPENAHNM_01285
ptsI,ptsI,Phosphoenolpyruvate-protein phosphotransferase,2,2,1.0,54,9,,,,1737,1737,1737.0,OCAFGGHM_01408,GPENAHNM_01288
group_484,,hypothetical protein,2,2,1.0,54,8,,,,768,864,816.0,OCAFGGHM_01405,GPENAHNM_01291
mecA,mecA,Adapter protein MecA 1,2,2,1.0,54,7,,,,681,681,681.0,OCAFGGHM_01406,GPENAHNM_01290
spx,spx,Global transcriptional regulator Spx,2,2,1.0,54,6,,,,399,399,399.0,OCAFGGHM_01407,GPENAHNM_01289
galE_2,galE_2,UDP-glucose 4-epimerase,2,2,1.0,54,5,,,,996,996,996.0,OCAFGGHM_01415,GPENAHNM_01281
ptsH,ptsH,Phosphocarrier protein HPr,2,2,1.0,54,4,,,,267,267,267.0,OCAFGGHM_01409,GPENAHNM_01287
galK_2,galK_2,Galactokinase,2,2,1.0,54,3,,,,1167,1167,1167.0,OCAFGGHM_01416,GPENAHNM_01280
galT,galT,Galactose-1-phosphate uridylyltransferase,2,2,1.0,54,2,,,,1461,1461,1461.0,OCAFGGHM_01414,GPENAHNM_01282
galM,galM,Aldose 1-epimerase,2,2,1.0,54,1,,,,1011,1011,1011.0,OCAFGGHM_01413,GPENAHNM_01283
metN,metN,Methionine import ATP-binding protein MetN,2,2,1.0,53,13,,,,1059,1059,1059.0,OCAFGGHM_01398,GPENAHNM_01030
csbB,csbB,Putative glycosyltransferase CsbB,2,2,1.0,53,12,,,,930,930,930.0,OCAFGGHM_01392,GPENAHNM_01036
group_483,,hypothetical protein,2,2,1.0,53,11,,,,588,600,594.0,OCAFGGHM_01395,GPENAHNM_01033
group_482,,hypothetical protein,2,2,1.0,53,10,,,,147,147,147.0,OCAFGGHM_01393,GPENAHNM_01035
mscL,mscL,Large-conductance mechanosensitive channel,2,2,1.0,53,9,,,,366,366,366.0,OCAFGGHM_01396,GPENAHNM_01032
group_481,,NADH:fumarate oxidoreductase,2,2,1.0,53,8,,,,1392,1392,1392.0,OCAFGGHM_01401,GPENAHNM_01027
dacA_3~~~dacA_2,dacA_3;dacA_2,D-alanyl-D-alanine carboxypeptidase DacA,2,2,1.0,53,7,,,,1098,1188,1143.0,OCAFGGHM_01404,GPENAHNM_01024
fumC,fumC,Fumarate hydratase class II,2,2,1.0,53,6,,,,1404,1404,1404.0,OCAFGGHM_01400,GPENAHNM_01028
yflS_3,yflS_3,Putative malate transporter YflS,2,2,1.0,53,5,,,,1455,1455,1455.0,OCAFGGHM_01403,GPENAHNM_01025
metP,metP,Methionine import system permease protein MetP,2,2,1.0,53,4,,,,702,702,702.0,OCAFGGHM_01399,GPENAHNM_01029
group_480,,hypothetical protein,2,2,1.0,53,3,,,,864,864,864.0,OCAFGGHM_01394,GPENAHNM_01034
yflS_2,yflS_2,Putative malate transporter YflS,2,2,1.0,53,2,,,,1422,1422,1422.0,OCAFGGHM_01402,GPENAHNM_01026
metQ,metQ,putative D-methionine-binding lipoprotein MetQ,2,2,1.0,53,1,,,,852,852,852.0,OCAFGGHM_01397,GPENAHNM_01031
rpoY,rpoY,DNA-directed RNA polymerase subunit epsilon,2,2,1.0,52,26,,,,225,225,225.0,OCAFGGHM_01386,GPENAHNM_00021
group_479,,hypothetical protein,2,2,1.0,52,25,,,,642,642,642.0,OCAFGGHM_01389,GPENAHNM_00024
coaD,coaD,Phosphopantetheine adenylyltransferase,2,2,1.0,52,24,,,,498,498,498.0,OCAFGGHM_01380,GPENAHNM_00015
rnj1,rnj1,Ribonuclease J 1,2,2,1.0,52,23,,,,1683,1683,1683.0,OCAFGGHM_01387,GPENAHNM_00022
pnbA_1,;pnbA_1,hypothetical protein;4-nitrobenzoate reductase,2,2,1.0,52,22,,,,162,648,405.0,OCAFGGHM_01431,GPENAHNM_00001
comEA,comEA,ComE operon protein 1,2,2,1.0,52,21,,,,651,651,651.0,OCAFGGHM_01378,GPENAHNM_00013
recD2,recD2,ATP-dependent RecD2 DNA helicase,2,2,1.0,52,20,,,,2355,2355,2355.0,OCAFGGHM_01388,GPENAHNM_00023
clpX,clpX,ATP-dependent Clp protease ATP-binding subunit ClpX,2,2,1.0,52,19,,,,1284,1284,1284.0,OCAFGGHM_01434,GPENAHNM_00004
comEC,;comEC,hypothetical protein;ComE operon protein 3,2,3,1.5,52,18,,,,633,2253,1500.0,OCAFGGHM_01442;OCAFGGHM_01377,GPENAHNM_00012
pspA_2,pspA_2,Phosphoserine phosphatase 1,2,2,1.0,52,17,,,,660,660,660.0,OCAFGGHM_01390,GPENAHNM_00025
rnj2,rnj2,Ribonuclease J 2,2,2,1.0,52,16,,,,1740,1740,1740.0,OCAFGGHM_01438,GPENAHNM_00008
ylbL,ylbL,putative protein YlbL,2,2,1.0,52,15,,,,1032,1032,1032.0,OCAFGGHM_01379,GPENAHNM_00014
engB,engB,putative GTP-binding protein EngB,2,2,1.0,52,14,,,,591,591,591.0,OCAFGGHM_01433,GPENAHNM_00003
tuf,tuf,Elongation factor Tu,2,2,1.0,52,13,,,,1191,1191,1191.0,OCAFGGHM_01436,GPENAHNM_00006
rpsT,rpsT,Small ribosomal subunit protein bS20,2,2,1.0,52,12,,,,252,252,252.0,OCAFGGHM_01440,GPENAHNM_00010
ftsW,ftsW,putative peptidoglycan glycosyltransferase FtsW,2,2,1.0,52,11,,,,1194,1194,1194.0,OCAFGGHM_01383,GPENAHNM_00018
tig,tig,Trigger factor,2,2,1.0,52,10,,,,1314,1314,1314.0,OCAFGGHM_01435,GPENAHNM_00005
bipA,bipA,Large ribosomal subunit assembly factor BipA,2,2,1.0,52,9,,,,1845,1845,1845.0,OCAFGGHM_01384,GPENAHNM_00019
oxyR_2~~~oxyR,oxyR_2;oxyR,DNA-binding transcriptional dual regulator OxyR,2,2,1.0,52,8,,,,888,888,888.0,OCAFGGHM_01391,GPENAHNM_00026
group_478,,hypothetical protein,2,2,1.0,52,7,,,,333,333,333.0,OCAFGGHM_01382,GPENAHNM_00017
rpsO,rpsO,Small ribosomal subunit protein uS15,2,2,1.0,52,6,,,,270,270,270.0,OCAFGGHM_01439,GPENAHNM_00009
group_477,,hypothetical protein,2,2,1.0,52,5,,,,834,834,834.0,OCAFGGHM_01437,GPENAHNM_00007
group_476,,hypothetical protein,2,2,1.0,52,4,,,,141,141,141.0,OCAFGGHM_01432,GPENAHNM_00002
rsmD,rsmD,Ribosomal RNA small subunit methyltransferase D,2,2,1.0,52,3,,,,552,552,552.0,OCAFGGHM_01381,GPENAHNM_00016
holA,holA,DNA polymerase III subunit delta,2,2,1.0,52,2,,,,987,987,987.0,OCAFGGHM_01441,GPENAHNM_00011
def2,def2,Peptide deformylase 2,2,2,1.0,52,1,,,,555,555,555.0,OCAFGGHM_01385,GPENAHNM_00020
group_475,,hypothetical protein,2,2,1.0,51,14,,,,852,924,888.0,OCAFGGHM_01364,GPENAHNM_00845
murK,murK,N-acetylmuramic acid/N-acetylglucosamine kinase,2,2,1.0,51,13,,,,900,900,900.0,OCAFGGHM_01365,GPENAHNM_00844
group_474,,hypothetical protein,2,2,1.0,51,12,,,,531,531,531.0,OCAFGGHM_01375,GPENAHNM_00834
group_473,,hypothetical protein,2,2,1.0,51,11,,,,225,1290,757.5,OCAFGGHM_01363,GPENAHNM_00846
group_472,,hypothetical protein,2,2,1.0,51,10,,,,852,852,852.0,OCAFGGHM_01372,GPENAHNM_00837
group_471,,hypothetical protein,2,2,1.0,51,9,,,,549,549,549.0,OCAFGGHM_01367,GPENAHNM_00842
group_470,,hypothetical protein,2,2,1.0,51,8,,,,498,498,498.0,OCAFGGHM_01371,GPENAHNM_00838
group_469,,hypothetical protein,2,2,1.0,51,7,,,,795,795,795.0,OCAFGGHM_01373,GPENAHNM_00836
group_468,,hypothetical protein,2,2,1.0,51,6,,,,981,981,981.0,OCAFGGHM_01369,GPENAHNM_00840
serS,serS,Serine--tRNA ligase,2,2,1.0,51,5,,,,1308,1308,1308.0,OCAFGGHM_01376,GPENAHNM_00833
gabD1,gabD1,Succinate-semialdehyde dehydrogenase [NADP(+)] 1,2,2,1.0,51,4,,,,1383,1383,1383.0,OCAFGGHM_01370,GPENAHNM_00839
group_467,,hypothetical protein,2,2,1.0,51,3,,,,3126,3126,3126.0,OCAFGGHM_01368,GPENAHNM_00841
group_466,,hypothetical protein,2,2,1.0,51,2,,,,606,606,606.0,OCAFGGHM_01374,GPENAHNM_00835
group_465,,hypothetical protein,2,2,1.0,51,1,,,,921,921,921.0,OCAFGGHM_01366,GPENAHNM_00843
trpS2,trpS2,Tryptophan--tRNA ligase 2,2,2,1.0,50,14,,,,1023,1023,1023.0,OCAFGGHM_01351,GPENAHNM_01534
dinB_2,dinB_2,DNA polymerase IV,2,2,1.0,50,13,,,,1272,1311,1291.5,OCAFGGHM_01347,GPENAHNM_01538
rnmV,rnmV,Ribonuclease M5,2,2,1.0,50,12,,,,564,564,564.0,OCAFGGHM_01357,GPENAHNM_01528
glmU,glmU,Bifunctional protein GlmU,2,2,1.0,50,11,,,,1386,1386,1386.0,OCAFGGHM_01361,GPENAHNM_01524
mgtB,mgtB,Magnesium-transporting ATPase P-type 1,2,2,1.0,50,10,,,,2685,2685,2685.0,OCAFGGHM_01354,GPENAHNM_01531
purR_1,purR_1,Purine biosynthesis transcriptional repressor PurR,2,2,1.0,50,9,,,,828,828,828.0,OCAFGGHM_01360,GPENAHNM_01525
group_464,,hypothetical protein,2,2,1.0,50,8,,,,357,357,357.0,OCAFGGHM_01348,GPENAHNM_01537
veg,veg,Protein Veg,2,2,1.0,50,7,,,,234,234,234.0,OCAFGGHM_01359,GPENAHNM_01526
dtd3,dtd3,D-aminoacyl-tRNA deacylase,2,2,1.0,50,6,,,,771,771,771.0,OCAFGGHM_01356,GPENAHNM_01529
tadA_3,tadA_3,tRNA-specific adenosine deaminase,2,2,1.0,50,5,,,,483,483,483.0,OCAFGGHM_01352,GPENAHNM_01533
group_463,,hypothetical protein,2,2,1.0,50,4,,,,537,537,537.0,OCAFGGHM_01353,GPENAHNM_01532
metG,metG,Methionine--tRNA ligase,2,2,1.0,50,3,,,,1986,1989,1987.5,OCAFGGHM_01355,GPENAHNM_01530
rsmA,rsmA,Ribosomal RNA small subunit methyltransferase A,2,2,1.0,50,2,,,,882,882,882.0,OCAFGGHM_01358,GPENAHNM_01527
group_462,,hypothetical protein,2,2,1.0,50,1,,,,663,672,667.5,OCAFGGHM_01349,GPENAHNM_01536
rluD_2~~~rluD_1,rluD_2;rluD_1,Ribosomal large subunit pseudouridine synthase D,2,2,1.0,49,10,,,,864,864,864.0,OCAFGGHM_01336,GPENAHNM_00694
def,def;,Peptide deformylase;hypothetical protein,2,2,1.0,49,9,,,,300,411,355.5,OCAFGGHM_01345,GPENAHNM_00702
ppsA,ppsA,Phosphoenolpyruvate synthase,2,2,1.0,49,8,,,,2385,2385,2385.0,OCAFGGHM_01346,GPENAHNM_00703
argS,argS,Arginine--tRNA ligase,2,2,1.0,49,7,,,,1677,1677,1677.0,OCAFGGHM_01338,GPENAHNM_00696
fba,fba,Fructose-bisphosphate aldolase,2,2,1.0,49,5,,,,912,912,912.0,OCAFGGHM_01337,GPENAHNM_00695
dacA_2,dacA_2,D-alanyl-D-alanine carboxypeptidase DacA,2,2,1.0,49,4,,,,1269,1269,1269.0,OCAFGGHM_01340,GPENAHNM_00697
nnrD,nnrD,ADP-dependent (S)-NAD(P)H-hydrate dehydratase,2,2,1.0,49,3,,,,846,846,846.0,OCAFGGHM_01341,GPENAHNM_00698
group_459,,hypothetical protein,2,2,1.0,49,2,,,,645,645,645.0,OCAFGGHM_01343,GPENAHNM_00700
smc_6,smc_6,Chromosome partition protein Smc,2,2,1.0,48,7,,,,3570,3570,3570.0,OCAFGGHM_01328,GPENAHNM_01102
rnc,rnc,Ribonuclease 3,2,2,1.0,48,6,,,,693,693,693.0,OCAFGGHM_01327,GPENAHNM_01103
oppA_2~~~oppA,oppA_2;oppA,Oligopeptide-binding protein OppA,2,2,1.0,48,5,,,,1761,1773,1767.0,OCAFGGHM_01326,GPENAHNM_01104
ftsY,ftsY,Signal recognition particle receptor FtsY,2,2,1.0,48,4,,,,1305,1305,1305.0,OCAFGGHM_01329,GPENAHNM_01101
pepDA_3,pepDA_3,Dipeptidase A,2,2,1.0,48,1,,,,1425,1425,1425.0,OCAFGGHM_01330,GPENAHNM_01100
licC_2,licC_2,Lichenan permease IIC component,2,2,1.0,47,12,,,,1284,1284,1284.0,OCAFGGHM_01315,GPENAHNM_01246
pyrAA,pyrAA,Carbamoyl phosphate synthase pyrimidine-specific small chain,2,2,1.0,47,11,,,,1059,1059,1059.0,OCAFGGHM_01321,GPENAHNM_01239
lspA,lspA,Lipoprotein signal peptidase,2,2,1.0,47,10,,,,459,459,459.0,OCAFGGHM_01319,GPENAHNM_01241
group_456,,hypothetical protein,2,2,1.0,47,9,,,,1893,1893,1893.0,OCAFGGHM_01316,GPENAHNM_01245
group_455,,hypothetical protein,2,2,1.0,47,8,,,,174,174,174.0,OCAFGGHM_01323,GPENAHNM_01237
fhs1,fhs1,Formate--tetrahydrofolate ligase 1,2,2,1.0,47,7,,,,1677,1677,1677.0,OCAFGGHM_01318,GPENAHNM_01242
lacG,lacG,6-phospho-beta-galactosidase,2,2,1.0,47,6,,,,1410,1410,1410.0,OCAFGGHM_01313,GPENAHNM_01249
pyrAB,pyrAB,Carbamoyl phosphate synthase pyrimidine-specific large chain,2,2,1.0,47,5,,,,3174,3174,3174.0,OCAFGGHM_01322,GPENAHNM_01238
lacE_1~~~lacE~~~lacE_2,lacE_1;lacE;lacE_2,PTS system lactose-specific EIICB component,2,3,1.5,47,4,,,,663,1713,1134.0,OCAFGGHM_01314,GPENAHNM_01248;GPENAHNM_01247
rluD_1~~~rluD_2,rluD_1;rluD_2,Ribosomal large subunit pseudouridine synthase D,2,2,1.0,47,3,,,,906,906,906.0,OCAFGGHM_01320,GPENAHNM_01240
group_454,,hypothetical protein,2,2,1.0,47,2,,,,348,348,348.0,OCAFGGHM_01317,GPENAHNM_01243
group_452,,hypothetical protein,2,2,1.0,46,3,,,,1248,1248,1248.0,OCAFGGHM_01312,GPENAHNM_00532
deoD,deoD,Purine nucleoside phosphorylase DeoD-type,2,2,1.0,46,2,,,,756,756,756.0,OCAFGGHM_01310,GPENAHNM_00530
glnA,glnA,Glutamine synthetase,2,2,1.0,46,1,,,,1338,1398,1368.0,OCAFGGHM_01311,GPENAHNM_00531
bmpA_4,bmpA_4,ABC transporter nucleoside-binding protein BmpA,2,2,1.0,45,1,,,,1083,1083,1083.0,OCAFGGHM_01309,GPENAHNM_01390
resD,resD,Transcriptional regulatory protein ResD,2,2,1.0,44,9,,,,723,723,723.0,OCAFGGHM_01300,GPENAHNM_00947
pepX,pepX,Xaa-Pro dipeptidyl-peptidase,2,2,1.0,44,7,,,,2379,2379,2379.0,OCAFGGHM_01306,GPENAHNM_00952
group_450,,hypothetical protein,2,2,1.0,44,6,,,,510,510,510.0,OCAFGGHM_01307,GPENAHNM_00953
yfcJ,yfcJ;,putative MFS-type transporter YfcJ;hypothetical protein,2,3,1.5,44,5,,,,486,1179,787.0,OCAFGGHM_01308,GPENAHNM_01388;GPENAHNM_00954
mgsR,mgsR,Regulatory protein MgsR,2,2,1.0,44,4,,,,357,357,357.0,OCAFGGHM_01305,GPENAHNM_00951
gmuF,gmuF,putative mannose-6-phosphate isomerase GmuF,2,2,1.0,44,3,,,,963,963,963.0,OCAFGGHM_01302,GPENAHNM_00949
group_449,,hypothetical protein,2,2,1.0,44,2,,,,393,393,393.0,OCAFGGHM_01301,GPENAHNM_00948
sasA_3~~~sasA_2,sasA_3;sasA_2,Adaptive-response sensory-kinase SasA,2,2,1.0,44,1,,,,1476,1476,1476.0,OCAFGGHM_01299,GPENAHNM_00946
group_448,,hypothetical protein,2,2,1.0,43,18,,,,576,576,576.0,OCAFGGHM_01287,GPENAHNM_01138
crtE,crtE,Geranylgeranyl pyrophosphate synthase,2,2,1.0,43,17,,,,867,867,867.0,OCAFGGHM_01297,GPENAHNM_01128
xseB,xseB,Exodeoxyribonuclease 7 small subunit,2,2,1.0,43,16,,,,243,243,243.0,OCAFGGHM_01296,GPENAHNM_01129
xseA,xseA,Exodeoxyribonuclease 7 large subunit,2,2,1.0,43,15,,,,1362,1362,1362.0,OCAFGGHM_01295,GPENAHNM_01130
folD,folD,Bifunctional protein FolD protein,2,2,1.0,43,14,,,,852,852,852.0,OCAFGGHM_01294,GPENAHNM_01131
group_447,,Iron-sulfur cluster assembly SufBD family protein,2,2,1.0,43,13,,,,1230,1230,1230.0,OCAFGGHM_01283,GPENAHNM_01142
rplU,rplU,Large ribosomal subunit protein bL21,2,2,1.0,43,12,,,,312,312,312.0,OCAFGGHM_01288,GPENAHNM_01137
iscU,iscU,Iron-sulfur cluster assembly scaffold protein IscU,2,2,1.0,43,11,,,,444,444,444.0,OCAFGGHM_01285,GPENAHNM_01140
sufC,sufC,Vegetative protein 296,2,2,1.0,43,10,,,,792,792,792.0,OCAFGGHM_01282,GPENAHNM_01143
nusB,nusB,Transcription antitermination protein NusB,2,2,1.0,43,9,,,,402,402,402.0,OCAFGGHM_01293,GPENAHNM_01132
tlyA,tlyA,Hemolysin A,2,2,1.0,43,8,,,,813,813,813.0,OCAFGGHM_01298,GPENAHNM_01127
sufS,sufS,Cysteine desulfurase SufS,2,2,1.0,43,7,,,,1194,1194,1194.0,OCAFGGHM_01284,GPENAHNM_01141
group_446,,Iron-sulfur cluster assembly SufBD family protein,2,2,1.0,43,6,,,,1404,1404,1404.0,OCAFGGHM_01286,GPENAHNM_01139
rpmA,rpmA,Large ribosomal subunit protein bL27,2,2,1.0,43,5,,,,300,300,300.0,OCAFGGHM_01289,GPENAHNM_01136
ypdF,ypdF,Aminopeptidase YpdF,2,2,1.0,43,3,,,,1107,1107,1107.0,OCAFGGHM_01290,GPENAHNM_01135
efp_2,efp_2,Elongation factor P,2,2,1.0,43,2,,,,570,570,570.0,OCAFGGHM_01291,GPENAHNM_01134
group_445,,hypothetical protein,2,2,1.0,43,1,,,,447,447,447.0,OCAFGGHM_01292,GPENAHNM_01133
aimA,aimA,Glutamate/serine transporter AimA,2,2,1.0,42,19,,,,1596,1596,1596.0,OCAFGGHM_01242,GPENAHNM_01189
secG,secG,putative protein-export membrane protein SecG,2,2,1.0,42,18,,,,234,234,234.0,OCAFGGHM_01250,GPENAHNM_01182
group_444,,hypothetical protein,2,3,1.5,42,17,,,,270,1194,578.0,OCAFGGHM_01238,GPENAHNM_01194;GPENAHNM_01193
rnr,rnr,Ribonuclease R,2,2,1.0,42,16,,,,2325,2325,2325.0,OCAFGGHM_01251,GPENAHNM_01181
gap,gap,Glyceraldehyde-3-phosphate dehydrogenase,2,2,1.0,42,15,,,,1017,1017,1017.0,OCAFGGHM_01246,GPENAHNM_01186
ycaM_3,ycaM_3,Inner membrane transporter YcaM,2,2,1.0,42,14,,,,1425,1425,1425.0,OCAFGGHM_01241,GPENAHNM_01190
group_443,,hypothetical protein,2,2,1.0,42,13,,,,516,516,516.0,OCAFGGHM_01253,GPENAHNM_01179
cggR,cggR,Central glycolytic genes regulator,2,2,1.0,42,12,,,,1032,1032,1032.0,OCAFGGHM_01245,GPENAHNM_01187
clpP,clpP,ATP-dependent Clp protease proteolytic subunit,2,2,1.0,42,11,,,,582,582,582.0,OCAFGGHM_01239,GPENAHNM_01192
eno2,eno2,Enolase 2,2,2,1.0,42,10,,,,1299,1299,1299.0,OCAFGGHM_01249,GPENAHNM_01183
perR,perR,Peroxide-responsive repressor PerR,2,2,1.0,42,9,,,,453,453,453.0,OCAFGGHM_01240,GPENAHNM_01191
smpB,smpB,SsrA-binding protein,2,2,1.0,42,7,,,,456,456,456.0,OCAFGGHM_01252,GPENAHNM_01180
pgk,pgk,Phosphoglycerate kinase,2,2,1.0,42,6,,,,1212,1212,1212.0,OCAFGGHM_01247,GPENAHNM_01185
tpiA,tpiA,Triosephosphate isomerase,2,2,1.0,42,5,,,,756,756,756.0,OCAFGGHM_01248,GPENAHNM_01184
ung,ung,Uracil-DNA glycosylase,2,2,1.0,42,3,,,,690,690,690.0,OCAFGGHM_01254,GPENAHNM_01178
ldhA,ldhA,D-2-hydroxyacid dehydrogenase (NAD(+)),2,2,1.0,42,1,,,,993,993,993.0,OCAFGGHM_01237,GPENAHNM_01195
whiA,whiA,putative cell division protein WhiA,2,2,1.0,41,1,,,,939,939,939.0,OCAFGGHM_01235,GPENAHNM_01197
group_440,,hypothetical protein,2,2,1.0,40,18,,,,801,801,801.0,OCAFGGHM_01234,GPENAHNM_01277
group_439,,hypothetical protein,2,2,1.0,40,17,,,,801,801,801.0,OCAFGGHM_01229,GPENAHNM_01272
group_438,,hypothetical protein,2,2,1.0,40,16,,,,930,930,930.0,OCAFGGHM_01231,GPENAHNM_01274
group_437,,hypothetical protein,2,2,1.0,40,15,,,,1293,1293,1293.0,OCAFGGHM_01221,GPENAHNM_01264
nrdD,nrdD,Anaerobic ribonucleoside-triphosphate reductase,2,2,1.0,40,14,,,,2211,2211,2211.0,OCAFGGHM_01224,GPENAHNM_01267
group_436,,Putative universal stress protein,2,2,1.0,40,13,,,,483,483,483.0,OCAFGGHM_01233,GPENAHNM_01276
group_435,,hypothetical protein,2,2,1.0,40,12,,,,90,90,90.0,OCAFGGHM_01232,GPENAHNM_01275
kup,kup,Low affinity potassium transport system protein Kup,2,2,1.0,40,11,,,,2043,2043,2043.0,OCAFGGHM_01218,GPENAHNM_01261
group_434,,hypothetical protein,2,2,1.0,40,10,,,,717,717,717.0,OCAFGGHM_01223,GPENAHNM_01266
glnQ_1,glnQ_1,Glutamine transport ATP-binding protein GlnQ,2,2,1.0,40,9,,,,774,774,774.0,OCAFGGHM_01230,GPENAHNM_01273
group_433,,hypothetical protein,2,2,1.0,40,8,,,,1377,1377,1377.0,OCAFGGHM_01226,GPENAHNM_01269
phnE,phnE,Phosphate-import permease protein PhnE,2,2,1.0,40,7,,,,813,813,813.0,OCAFGGHM_01228,GPENAHNM_01271
pepO_2,pepO_2,Neutral endopeptidase,2,2,1.0,40,6,,,,1944,1944,1944.0,OCAFGGHM_01219,GPENAHNM_01262
group_432,,hypothetical protein,2,2,1.0,40,5,,,,405,405,405.0,OCAFGGHM_01217,GPENAHNM_01260
asnB,asnB,Asparagine synthetase [glutamine-hydrolyzing] 1,2,2,1.0,40,4,,,,1950,1950,1950.0,OCAFGGHM_01225,GPENAHNM_01268
mdtH,mdtH,Multidrug resistance protein MdtH,2,2,1.0,40,3,,,,1215,1215,1215.0,OCAFGGHM_01220,GPENAHNM_01263
group_431,,hypothetical protein,2,2,1.0,40,2,,,,567,567,567.0,OCAFGGHM_01222,GPENAHNM_01265
group_430,,hypothetical protein,2,2,1.0,40,1,,,,486,486,486.0,OCAFGGHM_01227,GPENAHNM_01270
gtfA,gtfA,Sucrose phosphorylase,2,2,1.0,39,2,,,,1446,1446,1446.0,OCAFGGHM_01203,GPENAHNM_00276
rbsR_1,rbsR_1,Ribose operon repressor,2,2,1.0,39,1,,,,951,951,951.0,OCAFGGHM_01204,GPENAHNM_00277
group_429,,putative protein,2,2,1.0,38,22,,,,363,363,363.0,OCAFGGHM_01193,GPENAHNM_01113
plsX,plsX,Phosphate acyltransferase,2,2,1.0,38,21,,,,1005,1005,1005.0,OCAFGGHM_01196,GPENAHNM_01110
group_428,,putative protein,2,2,1.0,38,20,,,,1656,1656,1656.0,OCAFGGHM_01194,GPENAHNM_01112
rsmB,rsmB,Ribosomal RNA small subunit methyltransferase B,2,2,1.0,38,19,,,,1314,1314,1314.0,OCAFGGHM_01186,GPENAHNM_01120
recN,recN,DNA repair protein RecN,2,2,1.0,38,18,,,,1686,1686,1686.0,OCAFGGHM_01180,GPENAHNM_01126
oppD,oppD,Oligopeptide transport ATP-binding protein OppD,2,2,1.0,38,17,,,,1017,1017,1017.0,OCAFGGHM_01198,GPENAHNM_01108
group_427,,hypothetical protein,2,2,1.0,38,16,,,,306,306,306.0,OCAFGGHM_01181,GPENAHNM_01125
acpP,acpP,Acyl carrier protein,2,2,1.0,38,15,,,,240,240,240.0,OCAFGGHM_01197,GPENAHNM_01109
priA,priA,Replication restart protein PriA,2,2,1.0,38,14,,,,2394,2394,2394.0,OCAFGGHM_01184,GPENAHNM_01122
rpe,rpe,Ribulose-phosphate 3-epimerase,2,2,1.0,38,13,,,,663,663,663.0,OCAFGGHM_01190,GPENAHNM_01116
oppF_2~~~oppF_1~~~oppF,oppF_2;oppF_1;oppF,Oligopeptide transport ATP-binding protein OppF,2,3,1.5,38,12,,,,267,969,653.0,OCAFGGHM_01199;OCAFGGHM_01200,GPENAHNM_01107
fmt,fmt,Methionyl-tRNA formyltransferase,2,2,1.0,38,11,,,,945,945,945.0,OCAFGGHM_01185,GPENAHNM_01121
group_426,,Putative protein phosphatase 2C-type,2,2,1.0,38,10,,,,750,750,750.0,OCAFGGHM_01187,GPENAHNM_01119
rpmB,rpmB,Large ribosomal subunit protein bL28,2,2,1.0,38,9,,,,186,186,186.0,OCAFGGHM_01192,GPENAHNM_01114
thiN,thiN,Thiamine pyrophosphokinase,2,2,1.0,38,8,,,,675,675,675.0,OCAFGGHM_01191,GPENAHNM_01115
oppB,oppB,Oligopeptide transport system permease protein OppB,2,2,1.0,38,7,,,,960,960,960.0,OCAFGGHM_01201,GPENAHNM_01106
rsgA,rsgA,Small ribosomal subunit biogenesis GTPase RsgA,2,2,1.0,38,6,,,,888,888,888.0,OCAFGGHM_01189,GPENAHNM_01117
gmk_2,gmk_2,Guanylate kinase,2,2,1.0,38,5,,,,615,615,615.0,OCAFGGHM_01182,GPENAHNM_01124
prkC,prkC,Serine/threonine-protein kinase PrkC,2,2,1.0,38,4,,,,1995,1995,1995.0,OCAFGGHM_01188,GPENAHNM_01118
recG,recG,ATP-dependent DNA helicase RecG,2,2,1.0,38,3,,,,2025,2025,2025.0,OCAFGGHM_01195,GPENAHNM_01111
rpoZ,rpoZ,DNA-directed RNA polymerase subunit omega,2,2,1.0,38,2,,,,219,219,219.0,OCAFGGHM_01183,GPENAHNM_01123
oppC,oppC,Oligopeptide transport system permease protein OppC,2,2,1.0,38,1,,,,915,915,915.0,OCAFGGHM_01202,GPENAHNM_01105
btuD_1~~~potA,btuD_1;potA,Vitamin B12 import ATP-binding protein BtuD;Spermidine/putrescine import ATP-binding protein PotA,2,3,1.5,37,30,,,,330,1101,726.0,OCAFGGHM_01154,GPENAHNM_01172;GPENAHNM_01173
polC_2~~~polC_4,polC_2;polC_4,DNA polymerase III PolC-type,2,2,1.0,37,29,,,,534,534,534.0,OCAFGGHM_01152,GPENAHNM_01175
ycaM_2,ycaM_2,Inner membrane transporter YcaM,2,2,1.0,37,28,,,,1638,1638,1638.0,OCAFGGHM_01173,GPENAHNM_01153
group_425,,hypothetical protein,2,2,1.0,37,27,,,,1002,1002,1002.0,OCAFGGHM_01175,GPENAHNM_01151
potC,potC,Spermidine/putrescine transport system permease protein PotC,2,2,1.0,37,26,,,,810,810,810.0,OCAFGGHM_01156,GPENAHNM_01170
group_424,,hypothetical protein,2,2,1.0,37,25,,,,432,432,432.0,OCAFGGHM_01177,GPENAHNM_01149
group_423,,putative transcriptional regulatory protein,2,2,1.0,37,24,,,,729,729,729.0,OCAFGGHM_01170,GPENAHNM_01156
group_422,,Putative phosphatase,2,2,1.0,37,23,,,,810,810,810.0,OCAFGGHM_01161,GPENAHNM_01165
fimA,fimA,Metal ABC transporter substrate-binding lipoprotein FimA,2,2,1.0,37,22,,,,879,879,879.0,OCAFGGHM_01172,GPENAHNM_01154
potB,potB,Spermidine/putrescine transport system permease protein PotB,2,2,1.0,37,21,,,,813,813,813.0,OCAFGGHM_01155,GPENAHNM_01171
pta,pta,Phosphate acetyltransferase,2,2,1.0,37,20,,,,333,978,655.5,OCAFGGHM_01150,GPENAHNM_01177
comGC,comGC,Competence protein ComGC,2,2,1.0,37,19,,,,330,330,330.0,OCAFGGHM_01176,GPENAHNM_01150
potD,potD,Spermidine/putrescine-binding periplasmic protein,2,2,1.0,37,18,,,,1074,1074,1074.0,OCAFGGHM_01157,GPENAHNM_01169
fluC1,fluC1,Fluoride-specific ion channel FluC 1,2,2,1.0,37,17,,,,384,384,384.0,OCAFGGHM_01166,GPENAHNM_01160
copA,copA,Copper-exporting P-type ATPase,2,2,1.0,37,16,,,,1908,1908,1908.0,OCAFGGHM_01165,GPENAHNM_01161
group_421,,hypothetical protein,2,2,1.0,37,15,,,,492,492,492.0,OCAFGGHM_01179,GPENAHNM_01147
yfkJ,yfkJ,Low molecular weight protein-tyrosine-phosphatase YfkJ,2,2,1.0,37,14,,,,468,468,468.0,OCAFGGHM_01169,GPENAHNM_01157
fluC2,fluC2,Fluoride-specific ion channel FluC 2,2,2,1.0,37,13,,,,336,336,336.0,OCAFGGHM_01167,GPENAHNM_01159
group_420,,hypothetical protein,2,2,1.0,37,12,,,,369,369,369.0,OCAFGGHM_01164,GPENAHNM_01162
glmM,glmM,Phosphoglucosamine mutase,2,2,1.0,37,11,,,,1353,1353,1353.0,OCAFGGHM_01160,GPENAHNM_01166
cdaR,cdaR,CdaA regulatory protein CdaR,2,2,1.0,37,10,,,,969,969,969.0,OCAFGGHM_01159,GPENAHNM_01167
group_419,,hypothetical protein,2,2,1.0,37,9,,,,213,213,213.0,OCAFGGHM_01178,GPENAHNM_01148
group_418,,Putative phosphatase,2,2,1.0,37,8,,,,834,834,834.0,OCAFGGHM_01162,GPENAHNM_01164
dacA_1,dacA_1,Diadenylate cyclase,2,2,1.0,37,7,,,,843,843,843.0,OCAFGGHM_01158,GPENAHNM_01168
tsaE,tsaE,tRNA threonylcarbamoyladenosine biosynthesis protein TsaE,2,2,1.0,37,6,,,,477,477,477.0,OCAFGGHM_01151,GPENAHNM_01176
group_417,,hypothetical protein,2,2,1.0,37,5,,,,708,708,708.0,OCAFGGHM_01168,GPENAHNM_01158
comGA,comGA,Competence protein ComGA,2,2,1.0,37,4,,,,984,984,984.0,OCAFGGHM_01174,GPENAHNM_01152
copY,copY,Transcriptional repressor CopY,2,2,1.0,37,3,,,,441,444,442.5,OCAFGGHM_01163,GPENAHNM_01163
murB,murB,UDP-N-acetylenolpyruvoylglucosamine reductase,2,2,1.0,37,2,,,,912,912,912.0,OCAFGGHM_01153,GPENAHNM_01174
group_416,,hypothetical protein,2,2,1.0,37,1,,,,516,522,519.0,OCAFGGHM_01171,GPENAHNM_01155
udk,udk,Uridine kinase,2,2,1.0,36,36,,,,636,636,636.0,OCAFGGHM_01131,GPENAHNM_00426
guaB,guaB,Inosine-5'-monophosphate dehydrogenase,2,2,1.0,36,35,,,,1140,1140,1140.0,OCAFGGHM_01146,GPENAHNM_00410
pyrP,pyrP,Uracil permease,2,2,1.0,36,34,,,,1263,1263,1263.0,OCAFGGHM_01143,GPENAHNM_00413
gltT,gltT,Proton/sodium-glutamate symport protein,2,2,1.0,36,33,,,,1266,1266,1266.0,OCAFGGHM_01144,GPENAHNM_00412
arnT,arnT,Undecaprenyl phosphate-alpha-4-amino-4-deoxy-L-arabinose arabinosyl transferase,2,2,1.0,36,32,,,,2244,2244,2244.0,OCAFGGHM_01133,GPENAHNM_00424
group_415,,hypothetical protein,2,2,1.0,36,31,,,,717,717,717.0,OCAFGGHM_01142,GPENAHNM_00414
rbsKrbiA,rbsK/rbiA,Bifunctional ribokinase/ribose-5-phosphate isomerase A,2,2,1.0,36,30,,,,924,924,924.0,OCAFGGHM_01423,GPENAHNM_00438
rihC,rihC,Non-specific ribonucleoside hydrolase RihC,2,2,1.0,36,29,,,,924,924,924.0,OCAFGGHM_01421,GPENAHNM_00440
ebh_2~~~hylA,ebh_2;hylA,Extracellular matrix-binding protein ebh;Polysaccharide lyase 8 family protein HylA,2,2,1.0,36,28,,,,1398,2844,2121.0,OCAFGGHM_01149,GPENAHNM_00407
phoU,phoU,Phosphate-specific transport system accessory protein PhoU,2,2,1.0,36,27,,,,720,720,720.0,OCAFGGHM_01137,GPENAHNM_00419
group_414,,Adenine deaminase,2,2,1.0,36,26,,,,1014,1014,1014.0,OCAFGGHM_01145,GPENAHNM_00411
pnbA,pnbA,4-nitrobenzoate reductase,2,2,1.0,36,25,,,,657,657,657.0,OCAFGGHM_01418,GPENAHNM_00443
xpkA,xpkA,Xylulose-5-phosphate phosphoketolase,2,2,1.0,36,24,,,,2370,2370,2370.0,OCAFGGHM_01419,GPENAHNM_00442
pstS1,pstS1,Phosphate-binding protein PstS 1,2,2,1.0,36,23,,,,867,867,867.0,OCAFGGHM_01141,GPENAHNM_00415
group_413,gmuR_1,HTH-type transcriptional regulator GmuR,2,2,1.0,36,22,,,,726,726,726.0,OCAFGGHM_01420,GPENAHNM_00441
group_412,,hypothetical protein,2,2,1.0,36,21,,,,807,807,807.0,OCAFGGHM_01424,GPENAHNM_00437
group_411,,putative ABC transporter ATP-binding protein,2,2,1.0,36,20,,,,1737,1737,1737.0,OCAFGGHM_01622,GPENAHNM_00428
bcaP_2,bcaP_2,Branched-chain amino acid permease BcaP,2,2,1.0,36,19,,,,1440,1440,1440.0,OCAFGGHM_01135,GPENAHNM_00421
group_410,,hypothetical protein,2,2,1.0,36,18,,,,1296,1296,1296.0,OCAFGGHM_01425,GPENAHNM_00436
group_409,,putative ABC transporter ATP-binding protein,2,2,1.0,36,17,,,,1758,1758,1758.0,OCAFGGHM_01623,GPENAHNM_00429
glnP,glnP,putative glutamine ABC transporter permease protein GlnP,2,2,1.0,36,16,,,,663,663,663.0,OCAFGGHM_01428,GPENAHNM_00433
paiA_2,paiA_2,Spermidine/spermine N(1)-acetyltransferase,2,2,1.0,36,15,,,,522,522,522.0,OCAFGGHM_01148,GPENAHNM_00408
group_408,,hypothetical protein,2,2,1.0,36,14,,,,1050,1050,1050.0,OCAFGGHM_01427,GPENAHNM_00434
glnQ_2,glnQ_2,Glutamine transport ATP-binding protein GlnQ,2,2,1.0,36,13,,,,741,741,741.0,OCAFGGHM_01624,GPENAHNM_00430
pstA,pstA,Phosphate transport system permease protein PstA,2,2,1.0,36,12,,,,882,882,882.0,OCAFGGHM_01139,GPENAHNM_00417
pucI,pucI,Allantoin permease,2,2,1.0,36,11,,,,1320,1320,1320.0,OCAFGGHM_01147,GPENAHNM_00409
group_407,,hypothetical protein,2,3,1.5,36,10,,,,123,447,270.0,OCAFGGHM_01130;OCAFGGHM_01621,GPENAHNM_00427
glnH,glnH,ABC transporter glutamine-binding protein GlnH,2,2,1.0,36,9,,,,828,828,828.0,OCAFGGHM_01625,GPENAHNM_00431
yjeM_1,yjeM_1,Inner membrane transporter YjeM,2,2,1.0,36,8,,,,1488,1488,1488.0,OCAFGGHM_01136,GPENAHNM_00420
pstB3,pstB3,Phosphate import ATP-binding protein PstB 3,2,2,1.0,36,7,,,,753,753,753.0,OCAFGGHM_01138,GPENAHNM_00418
ykoT,ykoT,putative glycosyltransferase YkoT,2,2,1.0,36,6,,,,960,960,960.0,OCAFGGHM_01132,GPENAHNM_00425
group_406,,hypothetical protein,2,2,1.0,36,5,,,,900,900,900.0,OCAFGGHM_01140,GPENAHNM_00416
rpiA,rpiA,Ribose-5-phosphate isomerase A,2,2,1.0,36,4,,,,693,693,693.0,OCAFGGHM_01422,GPENAHNM_00439
mdtG~~~sbnD_2~~~sbnD_1,mdtG;sbnD_2;sbnD_1,Multidrug resistance protein MdtG;Staphyloferrin B transporter,2,3,1.5,36,3,,,,207,1212,797.0,OCAFGGHM_01134,GPENAHNM_00422;GPENAHNM_00423
glnM_2~~~glnM_1~~~glnM,glnM_2;glnM_1;glnM,putative glutamine ABC transporter permease protein GlnM,2,3,1.5,36,2,,,,294,639,410.0,OCAFGGHM_01429;OCAFGGHM_01626,GPENAHNM_00432
group_405,,hypothetical protein,2,2,1.0,36,1,,,,624,624,624.0,OCAFGGHM_01426,GPENAHNM_00435
thrP_2,thrP_2,Threonine/serine transporter ThrP,2,2,1.0,35,20,,,,1383,1383,1383.0,OCAFGGHM_01127,GPENAHNM_01041
dnaJ,dnaJ,Chaperone protein DnaJ,2,2,1.0,35,19,,,,1137,1137,1137.0,OCAFGGHM_01114,GPENAHNM_01054
strA,strA,Sortase A,2,2,1.0,35,18,,,,711,711,711.0,OCAFGGHM_01116,GPENAHNM_01052
truB,truB,tRNA pseudouridine synthase B,2,2,1.0,35,17,,,,630,888,759.0,OCAFGGHM_01109,GPENAHNM_01059
thrP_1,thrP_1,Threonine/serine transporter ThrP,2,2,1.0,35,16,,,,1401,1401,1401.0,OCAFGGHM_01126,GPENAHNM_01042
recJ,recJ,Single-stranded-DNA-specific exonuclease RecJ,2,2,1.0,35,15,,,,2262,2262,2262.0,OCAFGGHM_01117,GPENAHNM_01051
kdpB,kdpB,Potassium-transporting ATPase ATP-binding subunit,2,2,1.0,35,14,,,,2277,2277,2277.0,OCAFGGHM_01119,GPENAHNM_01049
group_404,,hypothetical protein,2,2,1.0,35,13,,,,510,510,510.0,OCAFGGHM_01120,GPENAHNM_01048
grpE,grpE,Protein GrpE,2,2,1.0,35,12,,,,582,582,582.0,OCAFGGHM_01112,GPENAHNM_01056
ribCF,ribCF,Bifunctional riboflavin kinase/FMN adenylyltransferase,2,2,1.0,35,11,,,,939,939,939.0,OCAFGGHM_01110,GPENAHNM_01058
hrcA,hrcA,Heat-inducible transcription repressor HrcA,2,2,1.0,35,10,,,,1044,1044,1044.0,OCAFGGHM_01111,GPENAHNM_01057
apt,apt,Adenine phosphoribosyltransferase,2,2,1.0,35,9,,,,528,528,528.0,OCAFGGHM_01118,GPENAHNM_01050
group_403,lepA_2,Elongation factor 4,2,2,1.0,35,8,,,,1839,1839,1839.0,OCAFGGHM_01115,GPENAHNM_01053
dnaK,dnaK,Chaperone protein DnaK,2,2,1.0,35,7,,,,1851,1851,1851.0,OCAFGGHM_01113,GPENAHNM_01055
qmcA,qmcA,Protein QmcA,2,2,1.0,35,6,,,,867,873,870.0,OCAFGGHM_01128,GPENAHNM_01040
group_402,,hypothetical protein,2,2,1.0,35,5,,,,1539,1539,1539.0,OCAFGGHM_01124,GPENAHNM_01044
group_401,,DegV domain-containing protein,2,2,1.0,35,4,,,,831,831,831.0,OCAFGGHM_01121,GPENAHNM_01047
ydfK,ydfK,putative membrane protein YdfK,2,2,1.0,35,3,,,,687,687,687.0,OCAFGGHM_01125,GPENAHNM_01043
group_400,,hypothetical protein,2,2,1.0,35,2,,,,570,570,570.0,OCAFGGHM_01122,GPENAHNM_01046
thyA,thyA,Thymidylate synthase,2,2,1.0,35,1,,,,957,957,957.0,OCAFGGHM_01129,GPENAHNM_01039
frr,frr,Ribosome-recycling factor,2,2,1.0,34,38,,,,558,558,558.0,OCAFGGHM_01097,GPENAHNM_01071
rasP,rasP,Regulator of sigma-W protease RasP,2,2,1.0,34,37,,,,1254,1254,1254.0,OCAFGGHM_01094,GPENAHNM_01068
rbfA,rbfA,Ribosome-binding factor A,2,2,1.0,34,36,,,,357,357,357.0,OCAFGGHM_01086,GPENAHNM_01060
group_399,,hypothetical protein,2,2,1.0,34,35,,,,132,132,132.0,OCAFGGHM_01266,GPENAHNM_01086
group_398,,hypothetical protein,2,2,1.0,34,34,,,,333,333,333.0,OCAFGGHM_01265,GPENAHNM_01087
uppS,uppS,Ditranspolycis-undecaprenyl-diphosphate synthase ((2E6E)-farnesyl-diphosphate specific),2,2,1.0,34,33,,,,714,714,714.0,OCAFGGHM_01096,GPENAHNM_01070
pcp,pcp,Pyrrolidone-carboxylate peptidase,2,2,1.0,34,32,,,,648,648,648.0,OCAFGGHM_01267,GPENAHNM_01085
proS,proS,Proline--tRNA ligase,2,2,1.0,34,31,,,,1698,1698,1698.0,OCAFGGHM_01093,GPENAHNM_01067
yfiC,yfiC,tRNA1(Val) (adenine(37)-N6)-methyltransferase,2,2,1.0,34,30,,,,1011,1011,1011.0,OCAFGGHM_01101,GPENAHNM_01075
group_397,,hypothetical protein,2,2,1.0,34,29,,,,234,234,234.0,OCAFGGHM_01256,GPENAHNM_01096
rimP,rimP,Ribosome maturation factor RimP,2,2,1.0,34,28,,,,510,510,510.0,OCAFGGHM_01091,GPENAHNM_01065
group_396,,hypothetical protein,2,2,1.0,34,27,,,,1980,1980,1980.0,OCAFGGHM_01263,GPENAHNM_01089
rimM,rimM,Ribosome maturation factor RimM,2,2,1.0,34,26,,,,513,513,513.0,OCAFGGHM_01260,GPENAHNM_01092
ffh,ffh,Signal recognition particle protein,2,2,1.0,34,25,,,,1428,1428,1428.0,OCAFGGHM_01258,GPENAHNM_01094
pyrH,pyrH,Uridylate kinase,2,2,1.0,34,24,,,,726,726,726.0,OCAFGGHM_01098,GPENAHNM_01072
group_395,,hypothetical protein,2,2,1.0,34,23,,,,807,807,807.0,OCAFGGHM_01095,GPENAHNM_01069
trmD,trmD,tRNA (guanine-N(1)-)-methyltransferase,2,2,1.0,34,22,,,,732,732,732.0,OCAFGGHM_01261,GPENAHNM_01091
tsf,tsf,Elongation factor Ts,2,2,1.0,34,21,,,,876,876,876.0,OCAFGGHM_01099,GPENAHNM_01073
yheH,yheH,putative multidrug resistance ABC transporter ATP-binding/permease protein YheH,2,2,1.0,34,20,,,,1785,1785,1785.0,OCAFGGHM_01103,GPENAHNM_01077
scrB,scrB,Sucrose-6-phosphate hydrolase,2,2,1.0,34,19,,,,1452,1452,1452.0,OCAFGGHM_01269,GPENAHNM_01083
group_394,,hypothetical protein,2,2,1.0,34,18,,,,249,249,249.0,OCAFGGHM_01106,GPENAHNM_01080
comA_2,;comA_2,hypothetical protein;Transport/processing ATP-binding protein ComA,2,2,1.0,34,17,,,,180,1587,883.5,OCAFGGHM_01255,GPENAHNM_01097
group_393,,hypothetical protein,2,2,1.0,34,16,,,,276,297,286.5,OCAFGGHM_01089,GPENAHNM_01063
lepA_2,lepA_2,Elongation factor 4,2,2,1.0,34,15,,,,2703,2703,2703.0,OCAFGGHM_01087,GPENAHNM_01061
yheI,yheI,putative multidrug resistance ABC transporter ATP-binding/permease protein YheI,2,2,1.0,34,14,,,,1596,1755,1675.5,OCAFGGHM_01104,GPENAHNM_01078
rpsP,rpsP,Small ribosomal subunit protein bS16,2,2,1.0,34,13,,,,273,273,273.0,OCAFGGHM_01259,GPENAHNM_01093
scrA_1,scrA_1,PTS system sucrose-specific EIIBCA component,2,2,1.0,34,12,,,,1947,1947,1947.0,OCAFGGHM_01270,GPENAHNM_01082
plsC,plsC,1-acyl-sn-glycerol-3-phosphate acyltransferase,2,2,1.0,34,11,,,,615,615,615.0,OCAFGGHM_01102,GPENAHNM_01076
group_392,,hypothetical protein,2,2,1.0,34,10,,,,336,336,336.0,OCAFGGHM_01257,GPENAHNM_01095
lexA_3,lexA_3,LexA repressor,2,2,1.0,34,9,,,,636,636,636.0,OCAFGGHM_01107,GPENAHNM_01081
bceA_2~~~bceA_1,bceA_2;bceA_1,Bacitracin export ATP-binding protein BceA,2,2,1.0,34,8,,,,669,669,669.0,OCAFGGHM_01264,GPENAHNM_01088
nusA,nusA,Transcription termination/antitermination protein NusA,2,2,1.0,34,7,,,,1107,1107,1107.0,OCAFGGHM_01090,GPENAHNM_01064
group_391,polC_1,DNA polymerase III PolC-type,2,2,1.0,34,6,,,,4320,4320,4320.0,OCAFGGHM_01092,GPENAHNM_01066
rulQ,rulQ,RNA-binding protein YlxQ,2,2,1.0,34,5,,,,312,312,312.0,OCAFGGHM_01088,GPENAHNM_01062
rplS,rplS,Large ribosomal subunit protein bL19,2,2,1.0,34,4,,,,348,348,348.0,OCAFGGHM_01262,GPENAHNM_01090
degA_3,degA_3,HTH-type transcriptional regulator DegA,2,2,1.0,34,3,,,,981,981,981.0,OCAFGGHM_01268,GPENAHNM_01084
group_390,,hypothetical protein,2,2,1.0,34,2,,,,222,222,222.0,OCAFGGHM_01105,GPENAHNM_01079
rpsB,rpsB,Small ribosomal subunit protein uS2,2,2,1.0,34,1,,,,783,783,783.0,OCAFGGHM_01100,GPENAHNM_01074
group_388,,hypothetical protein,2,2,1.0,33,10,,,,384,384,384.0,OCAFGGHM_01084,GPENAHNM_00857
iolS,iolS,Aldo-keto reductase IolS,2,2,1.0,33,9,,,,939,939,939.0,OCAFGGHM_01083,GPENAHNM_00858
group_387,,hypothetical protein,2,2,1.0,33,8,,,,321,450,385.5,OCAFGGHM_01079,GPENAHNM_00866
group_386,,Gamma-resorcylate decarboxylase;hypothetical protein,2,2,1.0,33,7,,,,912,912,912.0,OCAFGGHM_01081,GPENAHNM_00860
group_384,,hypothetical protein,2,2,1.0,33,5,,,,753,753,753.0,OCAFGGHM_01080,GPENAHNM_00865
group_383,,hypothetical protein,2,2,1.0,33,4,,,,1068,1074,1071.0,OCAFGGHM_01085,GPENAHNM_00856
msbA_2,msbA_2,ATP-dependent lipid A-core flippase,2,2,1.0,33,3,,,,1581,1581,1581.0,OCAFGGHM_01078,GPENAHNM_00867
adhR,adhR,HTH-type transcriptional regulator AdhR,2,2,1.0,33,2,,,,408,408,408.0,OCAFGGHM_01082,GPENAHNM_00859
bceB,bceB,Bacitracin export permease protein BceB,2,2,1.0,32,18,,,,1800,1800,1800.0,OCAFGGHM_01067,GPENAHNM_01326
trcR,trcR,Transcriptional regulatory protein TrcR,2,2,1.0,32,17,,,,672,672,672.0,OCAFGGHM_01073,GPENAHNM_01320
ndkA,ndkA,Nucleoside diphosphate kinase,2,2,1.0,32,16,,,,450,450,450.0,OCAFGGHM_01068,GPENAHNM_01325
bceA_1,bceA_1,Bacitracin export ATP-binding protein BceA,2,2,1.0,32,15,,,,750,750,750.0,OCAFGGHM_01066,GPENAHNM_01327
group_382,,hypothetical protein,2,2,1.0,32,14,,,,675,675,675.0,OCAFGGHM_01070,GPENAHNM_01323
fpaP,fpaP,Proline iminopeptidase,2,2,1.0,32,13,,,,912,912,912.0,OCAFGGHM_01077,GPENAHNM_01316
efp_1~~~efp_2,efp_1;efp_2,Elongation factor P,2,2,1.0,32,11,,,,504,561,532.5,OCAFGGHM_01076,GPENAHNM_01317
group_380,,hypothetical protein,2,2,1.0,32,10,,,,291,291,291.0,OCAFGGHM_01061,GPENAHNM_01332
ywaC,ywaC,GTP pyrophosphokinase YwaC,2,2,1.0,32,9,,,,615,615,615.0,OCAFGGHM_01072,GPENAHNM_01321
helD,helD,DNA helicase IV,2,2,1.0,32,8,,,,2295,2295,2295.0,OCAFGGHM_01071,GPENAHNM_01322
cobC,cobC,Adenosylcobalamin/alpha-ribazole phosphatase,2,2,1.0,32,7,,,,651,651,651.0,OCAFGGHM_01069,GPENAHNM_01324
hflX,hflX,GTPase HflX,2,2,1.0,32,6,,,,1272,1272,1272.0,OCAFGGHM_01065,GPENAHNM_01328
group_379,,hypothetical protein,2,2,1.0,32,5,,,,1251,1251,1251.0,OCAFGGHM_01064,GPENAHNM_01329
gmk_1~~~gmk_2,gmk_1;gmk_2,Guanylate kinase,2,2,1.0,32,4,,,,558,558,558.0,OCAFGGHM_01062,GPENAHNM_01331
sasA_2,sasA_2,Adaptive-response sensory-kinase SasA,2,2,1.0,32,2,,,,1251,1251,1251.0,OCAFGGHM_01074,GPENAHNM_01319
coaA,coaA,Pantothenate kinase,2,2,1.0,32,1,,,,915,915,915.0,OCAFGGHM_01075,GPENAHNM_01318
group_376,,hypothetical protein,2,2,1.0,30,1,,,,627,627,627.0,OCAFGGHM_01059,GPENAHNM_01413
galK_1,galK_1,Galactokinase,2,2,1.0,29,23,,,,915,915,915.0,OCAFGGHM_01057,GPENAHNM_00970
ytrA,ytrA,HTH-type transcriptional repressor YtrA,2,2,1.0,29,22,,,,369,369,369.0,OCAFGGHM_01043,GPENAHNM_00984
group_375,,GTP cyclohydrolase 1 type 2,2,2,1.0,29,21,,,,798,798,798.0,OCAFGGHM_01041,GPENAHNM_00986
group_374,,hypothetical protein,2,2,1.0,29,20,,,,723,723,723.0,OCAFGGHM_01051,GPENAHNM_00976
fni,fni,Isopentenyl-diphosphate delta-isomerase,2,2,1.0,29,19,,,,1023,1023,1023.0,OCAFGGHM_01054,GPENAHNM_00973
spsB,spsB,Signal peptidase IB,2,2,1.0,29,18,,,,579,579,579.0,OCAFGGHM_01050,GPENAHNM_00977
dnaG,dnaG,DNA primase,2,2,1.0,29,17,,,,1788,1788,1788.0,OCAFGGHM_01038,GPENAHNM_00989
group_373,,hypothetical protein,2,2,1.0,29,16,,,,186,186,186.0,OCAFGGHM_01049,GPENAHNM_00978
glyQ,glyQ,Glycine--tRNA ligase alpha subunit,2,2,1.0,29,15,,,,771,918,844.5,OCAFGGHM_01036,GPENAHNM_00991
group_372,,hypothetical protein,2,2,1.0,29,14,,,,813,813,813.0,OCAFGGHM_01045,GPENAHNM_00982
group_371,,hypothetical protein,2,2,1.0,29,13,,,,963,963,963.0,OCAFGGHM_01056,GPENAHNM_00971
group_370,,Phosphomevalonate kinase,2,2,1.0,29,12,,,,1089,1089,1089.0,OCAFGGHM_01055,GPENAHNM_00972
addB,addB,ATP-dependent helicase/deoxyribonuclease subunit B,2,2,1.0,29,11,,,,3456,3456,3456.0,OCAFGGHM_01058,GPENAHNM_00969
sigA,sigA,RNA polymerase sigma factor SigA,2,2,1.0,29,10,,,,1095,1095,1095.0,OCAFGGHM_01039,GPENAHNM_00988
group_369,,hypothetical protein,2,2,1.0,29,9,,,,759,759,759.0,OCAFGGHM_01047,GPENAHNM_00980
group_368,,hypothetical protein,2,2,1.0,29,8,,,,687,687,687.0,OCAFGGHM_01048,GPENAHNM_00979
group_367,,hypothetical protein,2,2,1.0,29,7,,,,798,798,798.0,OCAFGGHM_01046,GPENAHNM_00981
rsmF,rsmF;,Ribosomal RNA small subunit methyltransferase F;hypothetical protein,2,3,1.5,29,6,,,,969,2346,1567.0,OCAFGGHM_01052,GPENAHNM_00974;GPENAHNM_00975
trmK,trmK,tRNA (adenine(22)-N(1))-methyltransferase,2,2,1.0,29,5,,,,690,690,690.0,OCAFGGHM_01040,GPENAHNM_00987
pepT_1,pepT_1,Peptidase T,2,2,1.0,29,3,,,,1239,1239,1239.0,OCAFGGHM_01042,GPENAHNM_00985
glyS,glyS,Glycine--tRNA ligase beta subunit,2,2,1.0,29,2,,,,2067,2067,2067.0,OCAFGGHM_01037,GPENAHNM_00990
albC,albC,Putative ABC transporter ATP-binding protein AlbC,2,2,1.0,29,1,,,,702,702,702.0,OCAFGGHM_01044,GPENAHNM_00983
group_365,,hypothetical protein,2,2,1.0,28,33,,,,915,915,915.0,OCAFGGHM_00975,GPENAHNM_00657
sorA_1,sorA_1,PTS system sorbose-specific EIIC component,2,2,1.0,28,32,,,,852,852,852.0,OCAFGGHM_00986,GPENAHNM_00667
group_364,,Putative phosphatase,2,2,1.0,28,31,,,,789,789,789.0,OCAFGGHM_00989,GPENAHNM_00670
lipI~~~nlhH,lipI;nlhH,Esterase LipI;Carboxylesterase NlhH,2,2,1.0,28,30,,,,885,885,885.0,OCAFGGHM_00976,GPENAHNM_00658
yfbR,yfbR,5'-deoxynucleotidase YfbR,2,2,1.0,28,29,,,,642,642,642.0,OCAFGGHM_00974,GPENAHNM_00656
norB,norB,Quinolone resistance protein NorB,2,2,1.0,28,28,,,,1392,1392,1392.0,OCAFGGHM_00980,GPENAHNM_00662
group_363,,hypothetical protein,2,2,1.0,28,27,,,,1266,1266,1266.0,OCAFGGHM_00995,GPENAHNM_00677
group_362,,hypothetical protein,2,2,1.0,28,26,,,,300,300,300.0,OCAFGGHM_00984,GPENAHNM_00665
levE_2,levE_2,PTS system fructose-specific EIIB component,2,2,1.0,28,25,,,,504,504,504.0,OCAFGGHM_00987,GPENAHNM_00668
group_361,,hypothetical protein,2,2,1.0,28,24,,,,114,114,114.0,OCAFGGHM_00972,GPENAHNM_00654
mltF,mltF,Membrane-bound lytic murein transglycosylase F,2,2,1.0,28,23,,,,1605,1605,1605.0,OCAFGGHM_00998,GPENAHNM_00173
group_360,,hypothetical protein,2,3,1.5,28,22,,,,117,1317,876.0,OCAFGGHM_00991,GPENAHNM_00672;GPENAHNM_00673
group_359,,hypothetical protein,2,2,1.0,28,21,,,,1272,1272,1272.0,OCAFGGHM_00993,GPENAHNM_00675
group_358,,hypothetical protein,2,2,1.0,28,20,,,,171,171,171.0,OCAFGGHM_00982,GPENAHNM_00664
lldD~~~hmo,lldD;hmo,L-lactate dehydrogenase;4-hydroxymandelate oxidase,2,2,1.0,28,19,,,,1008,1008,1008.0,OCAFGGHM_00994,GPENAHNM_00676
tadA_2,tadA_2,tRNA-specific adenosine deaminase,2,2,1.0,28,18,,,,453,453,453.0,OCAFGGHM_00981,GPENAHNM_00663
rihA_3,rihA_3,Pyrimidine-specific ribonucleoside hydrolase RihA,2,2,1.0,28,17,,,,951,951,951.0,OCAFGGHM_00979,GPENAHNM_00661
artM,artM,Arginine transport ATP-binding protein ArtM,2,2,1.0,28,16,,,,747,747,747.0,OCAFGGHM_00997,GPENAHNM_00174
lnrK,lnrK,Transcriptional regulatory protein LnrK,2,2,1.0,28,15,,,,672,672,672.0,OCAFGGHM_00992,GPENAHNM_00674
yurK,yurK,putative HTH-type transcriptional regulator YurK,2,2,1.0,28,14,,,,747,747,747.0,OCAFGGHM_00977,GPENAHNM_00659
group_357,,hypothetical protein,2,2,1.0,28,13,,,,135,135,135.0,OCAFGGHM_00973,GPENAHNM_00655
group_356,,hypothetical protein,2,2,1.0,28,12,,,,402,402,402.0,OCAFGGHM_00971,GPENAHNM_00653
group_355,,hypothetical protein,2,2,1.0,28,11,,,,363,363,363.0,OCAFGGHM_01000,GPENAHNM_00171
rbsB_1,rbsB_1,Ribose import binding protein RbsB,2,2,1.0,28,10,,,,963,963,963.0,OCAFGGHM_00990,GPENAHNM_00671
group_354,,Putative 3-methyladenine DNA glycosylase,2,2,1.0,28,9,,,,642,642,642.0,OCAFGGHM_00999,GPENAHNM_00172
manZ_2,manZ_2,PTS system mannose-specific EIID component,2,2,1.0,28,8,,,,837,837,837.0,OCAFGGHM_00985,GPENAHNM_00666
group_353,,hypothetical protein,2,2,1.0,28,7,,,,438,438,438.0,OCAFGGHM_00988,GPENAHNM_00669
group_352,,hypothetical protein,2,2,1.0,28,6,,,,843,843,843.0,OCAFGGHM_00996,GPENAHNM_00175
group_351,,hypothetical protein,2,2,1.0,28,5,,,,477,477,477.0,OCAFGGHM_01002,GPENAHNM_00169
cobB,cobB,NAD-dependent protein deacetylase,2,2,1.0,28,4,,,,696,696,696.0,OCAFGGHM_01001,GPENAHNM_00170
ybiR,ybiR,Inner membrane protein YbiR,2,2,1.0,28,2,,,,1119,1119,1119.0,OCAFGGHM_00970,GPENAHNM_00652
rbsK,rbsK,Ribokinase,2,2,1.0,28,1,,,,912,912,912.0,OCAFGGHM_00978,GPENAHNM_00660
tagK,tagK,D-tagatose-1-phosphate kinase,2,2,1.0,27,24,,,,915,915,915.0,OCAFGGHM_00952,GPENAHNM_00875
ybjI,ybjI,5-amino-6-(5-phospho-D-ribitylamino)uracil phosphatase YbjI,2,2,1.0,27,23,,,,789,789,789.0,OCAFGGHM_00950,GPENAHNM_00873
group_349,,putative ABC transporter ATP-binding protein,2,3,1.5,27,22,,,,513,1842,1232.0,OCAFGGHM_00959;OCAFGGHM_00958,GPENAHNM_00881
znuB,znuB,High-affinity zinc uptake system membrane protein ZnuB,2,2,1.0,27,21,,,,792,792,792.0,OCAFGGHM_00948,GPENAHNM_00871
apbE,apbE,FAD:protein FMN transferase,2,2,1.0,27,20,,,,495,930,712.5,OCAFGGHM_00969,GPENAHNM_00892
rsmG,rsmG,Ribosomal RNA small subunit methyltransferase G,2,2,1.0,27,19,,,,720,720,720.0,OCAFGGHM_00967,GPENAHNM_00890
rcsC,rcsC,Sensor histidine kinase RcsC,2,2,1.0,27,18,,,,1164,1164,1164.0,OCAFGGHM_00956,GPENAHNM_00879
znuC,znuC,Zinc import ATP-binding protein ZnuC,2,2,1.0,27,17,,,,657,657,657.0,OCAFGGHM_00949,GPENAHNM_00872
pepF1,pepF1,Oligoendopeptidase F plasmid,2,2,1.0,27,16,,,,1788,1788,1788.0,OCAFGGHM_00945,GPENAHNM_00868
group_348,,hypothetical protein,2,2,1.0,27,15,,,,531,531,531.0,OCAFGGHM_00968,GPENAHNM_00891
group_347,,hypothetical protein,2,2,1.0,27,14,,,,261,261,261.0,OCAFGGHM_00963,GPENAHNM_00886
group_346,,Aspartate racemase,2,2,1.0,27,13,,,,753,753,753.0,OCAFGGHM_00954,GPENAHNM_00877
glcR,glcR,HTH-type transcriptional repressor GlcR,2,2,1.0,27,12,,,,756,756,756.0,OCAFGGHM_00953,GPENAHNM_00876
glcA_1,glcA_1,Glycolate permease GlcA,2,2,1.0,27,11,,,,1524,1524,1524.0,OCAFGGHM_00946,GPENAHNM_00869
vanR,vanR,Regulatory protein VanR,2,2,1.0,27,10,,,,687,687,687.0,OCAFGGHM_00957,GPENAHNM_00880
glcA_2,glcA_2,Glycolate permease GlcA,2,2,1.0,27,9,,,,1536,1536,1536.0,OCAFGGHM_00947,GPENAHNM_00870
fruA,fruA,PTS system fructose-specific EIIABC component,2,2,1.0,27,8,,,,1965,1965,1965.0,OCAFGGHM_00951,GPENAHNM_00874
ychF,ychF,Ribosome-binding ATPase YchF,2,2,1.0,27,7,,,,1101,1101,1101.0,OCAFGGHM_00962,GPENAHNM_00885
group_345,,hypothetical protein,2,2,1.0,27,6,,,,765,765,765.0,OCAFGGHM_00961,GPENAHNM_00884
noc,noc,Nucleoid occlusion protein,2,2,1.0,27,5,,,,843,843,843.0,OCAFGGHM_00966,GPENAHNM_00889
murE,murE,UDP-N-acetylmuramoyl-L-alanyl-D-glutamate--L-lysine ligase,2,2,1.0,27,4,,,,1551,1551,1551.0,OCAFGGHM_00955,GPENAHNM_00878
spo0J,spo0J,Stage 0 sporulation protein J,2,2,1.0,27,3,,,,909,909,909.0,OCAFGGHM_00964,GPENAHNM_00887
group_344,,putative ABC transporter ATP-binding protein,2,3,1.5,27,2,,,,681,1710,1105.0,OCAFGGHM_00960,GPENAHNM_00883;GPENAHNM_00882
soj,soj,Sporulation initiation inhibitor protein Soj,2,2,1.0,27,1,,,,780,780,780.0,OCAFGGHM_00965,GPENAHNM_00888
tagU,tagU,Polyisoprenyl-teichoic acid--peptidoglycan teichoic acid transferase TagU,2,2,1.0,26,2,,,,1209,1209,1209.0,OCAFGGHM_00944,GPENAHNM_01391
mco,mco,Multicopper oxidase mco,2,2,1.0,26,1,,,,1566,1566,1566.0,OCAFGGHM_00943,GPENAHNM_01392
brpA,brpA,Biofilm regulatory protein A,2,2,1.0,25,20,,,,1146,1146,1146.0,OCAFGGHM_00931,GPENAHNM_01549
clahy,cla-hy,Linoleate hydratase,2,2,1.0,25,19,,,,1692,1692,1692.0,OCAFGGHM_00923,GPENAHNM_01543
plsY_2,plsY_2,Glycerol-3-phosphate acyltransferase,2,2,1.0,25,18,,,,618,618,618.0,OCAFGGHM_00930,GPENAHNM_01548
group_343,,hypothetical protein,2,2,1.0,25,17,,,,1788,1788,1788.0,OCAFGGHM_00941,GPENAHNM_01559
group_342,,hypothetical protein,2,2,1.0,25,16,,,,2544,2544,2544.0,OCAFGGHM_00933,GPENAHNM_01551
group_338,,hypothetical protein,2,2,1.0,25,12,,,,606,606,606.0,OCAFGGHM_00940,GPENAHNM_01558
yjjB,yjjB,succinate transporter subunit YjjB,2,2,1.0,25,11,,,,462,462,462.0,OCAFGGHM_00936,GPENAHNM_01554
group_337,,hypothetical protein,2,2,1.0,25,10,,,,369,369,369.0,OCAFGGHM_00939,GPENAHNM_01557
group_336,,hypothetical protein,2,2,1.0,25,9,,,,558,558,558.0,OCAFGGHM_00935,GPENAHNM_01553
tyrS,tyrS,Tyrosine--tRNA ligase,2,2,1.0,25,8,,,,1263,1263,1263.0,OCAFGGHM_00925,GPENAHNM_01545
yheS,yheS,putative ATP-binding protein YheS,2,2,1.0,25,7,,,,1542,1542,1542.0,OCAFGGHM_00938,GPENAHNM_01556
gpmA_3,gpmA_3,23-bisphosphoglycerate-dependent phosphoglycerate mutase,2,2,1.0,25,6,,,,693,693,693.0,OCAFGGHM_00932,GPENAHNM_01550
yjjP,yjjP,putative succinate transporter subunit YjjP,2,2,1.0,25,5,,,,768,768,768.0,OCAFGGHM_00937,GPENAHNM_01555
group_334,,putative ABC transporter ATP-binding protein,2,2,1.0,25,3,,,,702,702,702.0,OCAFGGHM_00934,GPENAHNM_01552
group_333,,hypothetical protein,2,2,1.0,25,2,,,,918,945,931.5,OCAFGGHM_00929,GPENAHNM_01547
pepE,pepE,Aminopeptidase E,2,2,1.0,24,1,,,,1317,1317,1317.0,OCAFGGHM_00922,GPENAHNM_01541
group_331,,hypothetical protein,2,2,1.0,23,32,,,,738,738,738.0,OCAFGGHM_00897,GPENAHNM_00551
dnaI,dnaI,Replicative helicase loader DnaI,2,2,1.0,23,31,,,,915,915,915.0,OCAFGGHM_00916,GPENAHNM_00568
rplT,rplT,Large ribosomal subunit protein bL20,2,2,1.0,23,30,,,,357,357,357.0,OCAFGGHM_00911,GPENAHNM_00563
mutM,mutM,Formamidopyrimidine-DNA glycosylase,2,2,1.0,23,29,,,,828,828,828.0,OCAFGGHM_00920,GPENAHNM_00572
tmcAL,tmcAL,tRNA(Met) cytidine acetate ligase,2,2,1.0,23,28,,,,1047,1155,1101.0,OCAFGGHM_00902,GPENAHNM_00556
arlR,arlR,Response regulator ArlR,2,2,1.0,23,27,,,,723,723,723.0,OCAFGGHM_00900,GPENAHNM_00554
pheT_1,pheT_1,Phenylalanine--tRNA ligase beta subunit,2,2,1.0,23,26,,,,2409,2409,2409.0,OCAFGGHM_00889,GPENAHNM_00543
coaE,coaE,Dephospho-CoA kinase,2,2,1.0,23,25,,,,615,615,615.0,OCAFGGHM_00919,GPENAHNM_00571
dnaB_2,dnaB_2,Replicative helicase loading/DNA remodeling protein DnaB,2,2,1.0,23,24,,,,1344,1344,1344.0,OCAFGGHM_00917,GPENAHNM_00569
pheS,pheS,Phenylalanine--tRNA ligase alpha subunit,2,2,1.0,23,23,,,,1050,1050,1050.0,OCAFGGHM_00890,GPENAHNM_00544
desK,desK,Sensor histidine kinase DesK,2,2,1.0,23,22,,,,1104,1104,1104.0,OCAFGGHM_00896,GPENAHNM_00550
gph,gph,Phosphoglycolate phosphatase,2,2,1.0,23,21,,,,531,531,531.0,OCAFGGHM_00907,GPENAHNM_00561
group_330,,Bis(5'-nucleosyl)-tetraphosphatase symmetrical,2,2,1.0,23,20,,,,609,609,609.0,OCAFGGHM_00904,GPENAHNM_00558
desR,desR,Transcriptional regulatory protein DesR,2,2,1.0,23,19,,,,606,606,606.0,OCAFGGHM_00895,GPENAHNM_00549
thrS,thrS,Threonine--tRNA ligase,2,2,1.0,23,18,,,,1932,1932,1932.0,OCAFGGHM_00914,GPENAHNM_00566
uup_4~~~uup_2,uup_4;uup_2,ATP-binding protein Uup,2,2,1.0,23,17,,,,870,870,870.0,OCAFGGHM_00898,GPENAHNM_00552
adhE_3~~~adhE_2~~~adhE_1~~~adhE,adhE_3;adhE_2;adhE_1;adhE,Aldehyde-alcohol dehydrogenase,2,4,2.0,23,16,,,,402,2598,1268.25,OCAFGGHM_00908;OCAFGGHM_00909;OCAFGGHM_00910,GPENAHNM_00562
group_329,,hypothetical protein,2,2,1.0,23,15,,,,546,546,546.0,OCAFGGHM_00901,GPENAHNM_00555
nrdR,nrdR,Transcriptional repressor NrdR,2,2,1.0,23,14,,,,468,468,468.0,OCAFGGHM_00918,GPENAHNM_00570
rpmI,rpmI,Large ribosomal subunit protein bL35,2,2,1.0,23,13,,,,201,201,201.0,OCAFGGHM_00912,GPENAHNM_00564
yccX,yccX,Acylphosphatase,2,2,1.0,23,12,,,,276,276,276.0,OCAFGGHM_00893,GPENAHNM_00547
pepO_1,pepO_1,Neutral endopeptidase,2,2,1.0,23,11,,,,1956,1956,1956.0,OCAFGGHM_00915,GPENAHNM_00567
misCB,misCB,Membrane protein insertase MisCB,2,2,1.0,23,10,,,,975,975,975.0,OCAFGGHM_00894,GPENAHNM_00548
infC,infC,Translation initiation factor IF-3,2,2,1.0,23,9,,,,477,477,477.0,OCAFGGHM_00913,GPENAHNM_00565
yqeH,yqeH,putative protein YqeH,2,2,1.0,23,8,,,,1110,1110,1110.0,OCAFGGHM_00906,GPENAHNM_00560
rlmP,rlmP,23S rRNA (guanosine(2553)-2'-O)-methyltransferase RlmP,2,2,1.0,23,7,,,,768,768,768.0,OCAFGGHM_00892,GPENAHNM_00546
greA_1,greA_1,Transcription elongation factor GreA,2,2,1.0,23,6,,,,477,477,477.0,OCAFGGHM_00888,GPENAHNM_00542
sasA_1,sasA_1,Adaptive-response sensory-kinase SasA,2,2,1.0,23,5,,,,1569,1569,1569.0,OCAFGGHM_00899,GPENAHNM_00553
rsfS,rsfS,Ribosomal silencing factor RsfS,2,2,1.0,23,4,,,,348,348,348.0,OCAFGGHM_00903,GPENAHNM_00557
nadD,nadD,Nicotinate-nucleotide adenylyltransferase,2,2,1.0,23,3,,,,630,630,630.0,OCAFGGHM_00905,GPENAHNM_00559
yodB,yodB,HTH-type transcriptional regulator YodB,2,2,1.0,23,2,,,,351,351,351.0,OCAFGGHM_00891,GPENAHNM_00545
polA,polA,DNA polymerase I,2,2,1.0,23,1,,,,2151,2658,2404.5,OCAFGGHM_00921,GPENAHNM_00573
pbpB,pbpB,Penicillin-binding protein 2B,2,2,1.0,22,30,,,,2163,2163,2163.0,OCAFGGHM_00866,GPENAHNM_00048
group_328,,hypothetical protein,2,2,1.0,22,29,,,,825,825,825.0,OCAFGGHM_00875,GPENAHNM_00039
divIB,divIB,Cell division protein DivIB,2,2,1.0,22,28,,,,855,855,855.0,OCAFGGHM_00870,GPENAHNM_00044
mreC,mreC,Cell shape-determining protein MreC,2,2,1.0,22,27,,,,858,858,858.0,OCAFGGHM_00859,GPENAHNM_00055
mraZ,mraZ,Transcriptional regulator MraZ,2,2,1.0,22,26,,,,432,432,432.0,OCAFGGHM_00863,GPENAHNM_00051
nudF,nudF,ADP-ribose pyrophosphatase,2,2,1.0,22,25,,,,567,567,567.0,OCAFGGHM_00879,GPENAHNM_00035
group_327,,hypothetical protein,2,2,1.0,22,24,,,,279,279,279.0,OCAFGGHM_00880,GPENAHNM_00034
iscS_2,iscS_2,Cysteine desulfurase IscS,2,2,1.0,22,23,,,,1164,1164,1164.0,OCAFGGHM_00882,GPENAHNM_00032
group_326,,hypothetical protein,2,2,1.0,22,22,,,,8019,9027,8523.0,OCAFGGHM_00885,GPENAHNM_00029
ftsL,ftsL,Cell division protein FtsL,2,2,1.0,22,21,,,,375,375,375.0,OCAFGGHM_00865,GPENAHNM_00049
group_325,,hypothetical protein,2,2,1.0,22,20,,,,309,309,309.0,OCAFGGHM_00886,GPENAHNM_00028
mtnN,mtnN,5'-methylthioadenosine/S-adenosylhomocysteine nucleosidase,2,2,1.0,22,19,,,,690,690,690.0,OCAFGGHM_00881,GPENAHNM_00033
mreB,mreB,Cell shape-determining protein MreB,2,2,1.0,22,18,,,,762,1005,883.5,OCAFGGHM_00858,GPENAHNM_00056
group_324,,hypothetical protein,2,2,1.0,22,17,,,,288,288,288.0,OCAFGGHM_00874,GPENAHNM_00040
group_323,,(R)-mandelonitrile lyase,2,2,1.0,22,16,,,,399,399,399.0,OCAFGGHM_00887,GPENAHNM_00027
rsmH,rsmH,Ribosomal RNA small subunit methyltransferase H,2,2,1.0,22,15,,,,954,954,954.0,OCAFGGHM_00864,GPENAHNM_00050
group_322,,hypothetical protein,2,2,1.0,22,14,,,,330,330,330.0,OCAFGGHM_00862,GPENAHNM_00052
ftsZ,ftsZ,Cell division protein FtsZ,2,2,1.0,22,13,,,,1326,1374,1350.0,OCAFGGHM_00872,GPENAHNM_00042
ileS,ileS,isoleucine--tRNA ligase IleS,2,2,1.0,22,12,,,,2793,2793,2793.0,OCAFGGHM_00877,GPENAHNM_00037
sepF,sepF,Cell division protein SepF,2,2,1.0,22,11,,,,462,462,462.0,OCAFGGHM_00873,GPENAHNM_00041
mraY,mraY,Phospho-N-acetylmuramoyl-pentapeptide-transferase,2,2,1.0,22,10,,,,960,960,960.0,OCAFGGHM_00867,GPENAHNM_00047
group_321,,hypothetical protein,2,2,1.0,22,9,,,,336,336,336.0,OCAFGGHM_00883,GPENAHNM_00031
ftsA,ftsA,Cell division protein FtsA,2,2,1.0,22,8,,,,1371,1371,1371.0,OCAFGGHM_00871,GPENAHNM_00043
murG,murG,UDP-N-acetylglucosamine--N-acetylmuramyl-(pentapeptide) pyrophosphoryl-undecaprenol N-acetylglucosamine transferase,2,2,1.0,22,7,,,,1113,1113,1113.0,OCAFGGHM_00869,GPENAHNM_00045
gpsB_2~~~gpsB_1,gpsB_2;gpsB_1,Cell cycle adapter protein GpsB,2,2,1.0,22,6,,,,723,732,727.5,OCAFGGHM_00876,GPENAHNM_00038
murD,murD,UDP-N-acetylmuramoylalanine--D-glutamate ligase,2,2,1.0,22,5,,,,1371,1371,1371.0,OCAFGGHM_00868,GPENAHNM_00046
group_320,,hypothetical protein,2,2,1.0,22,4,,,,120,120,120.0,OCAFGGHM_00861,GPENAHNM_00053
group_319,,hypothetical protein,2,2,1.0,22,3,,,,546,546,546.0,OCAFGGHM_00860,GPENAHNM_00054
mnmA,mnmA,tRNA-specific 2-thiouridylase MnmA,2,2,1.0,22,2,,,,1128,1128,1128.0,OCAFGGHM_00884,GPENAHNM_00030
cspA,cspA,Cold shock-like protein CspA,2,2,1.0,22,1,,,,222,222,222.0,OCAFGGHM_00878,GPENAHNM_00036
levE_1,levE_1,PTS system fructose-specific EIIB component,2,2,1.0,21,28,,,,489,489,489.0,OCAFGGHM_00851,GPENAHNM_00386
gatC_1,;gatC_1,hypothetical protein;PTS system galactitol-specific EIIC component,2,4,2.0,21,27,,,,258,1380,582.75,OCAFGGHM_01729;OCAFGGHM_00857;OCAFGGHM_00856,GPENAHNM_00381
dgoD,dgoD,D-galactonate dehydratase,2,2,1.0,21,26,,,,1146,1146,1146.0,OCAFGGHM_01730,GPENAHNM_00380
degA_1,degA_1,HTH-type transcriptional regulator DegA,2,2,1.0,21,25,,,,1005,1005,1005.0,OCAFGGHM_00847,GPENAHNM_00390
group_318,,hypothetical protein,2,2,1.0,21,24,,,,432,432,432.0,OCAFGGHM_00850,GPENAHNM_00387
group_317,,hypothetical protein,2,2,1.0,21,23,,,,1674,1674,1674.0,OCAFGGHM_00849,GPENAHNM_00388
yflS_1,yflS_1,Putative malate transporter YflS,2,2,1.0,21,22,,,,1395,1455,1425.0,OCAFGGHM_00846,GPENAHNM_00391
group_316,,Aspartate aminotransferase,2,2,1.0,21,21,,,,1176,1176,1176.0,OCAFGGHM_00841,GPENAHNM_00395
group_315,,hypothetical protein,2,2,1.0,21,20,,,,1836,2049,1942.5,OCAFGGHM_00852,GPENAHNM_00385
group_314,,hypothetical protein,2,2,1.0,21,19,,,,447,480,463.5,OCAFGGHM_01731,GPENAHNM_00379
tal,tal,Transaldolase,2,2,1.0,21,18,,,,726,726,726.0,OCAFGGHM_00848,GPENAHNM_00389
group_313,,hypothetical protein,2,2,1.0,21,17,,,,444,444,444.0,OCAFGGHM_00839,GPENAHNM_00397
adh,adh,Alcohol dehydrogenase,2,2,1.0,21,16,,,,1035,1035,1035.0,OCAFGGHM_00840,GPENAHNM_00396
cysL,cysL,HTH-type transcriptional regulator CysL,2,2,1.0,21,15,,,,879,879,879.0,OCAFGGHM_00844,GPENAHNM_00393
glf,glf,UDP-galactopyranose mutase,2,2,1.0,21,13,,,,1107,1107,1107.0,OCAFGGHM_00834,GPENAHNM_00404
group_311,,hypothetical protein,2,2,1.0,21,12,,,,180,180,180.0,OCAFGGHM_00845,GPENAHNM_00392
group_310,,hypothetical protein,2,2,1.0,21,11,,,,3621,4113,3867.0,OCAFGGHM_00835,GPENAHNM_00403
group_309,,hypothetical protein,2,2,1.0,21,10,,,,216,228,222.0,OCAFGGHM_00838,GPENAHNM_00400
kdgA,kdgA,2-dehydro-3-deoxy-phosphogluconate aldolase,2,2,1.0,21,9,,,,612,612,612.0,OCAFGGHM_00853,GPENAHNM_00384
group_308,,hypothetical protein,2,2,1.0,21,8,,,,465,465,465.0,OCAFGGHM_00854,GPENAHNM_00383
group_307,,hypothetical protein,2,2,1.0,21,7,,,,273,273,273.0,OCAFGGHM_00836,1_refound_4
group_306,,hypothetical protein,2,2,1.0,21,6,,,,837,837,837.0,OCAFGGHM_00837,GPENAHNM_00402
gatB_2,gatB_2,PTS system galactitol-specific EIIB component,2,2,1.0,21,5,,,,282,282,282.0,OCAFGGHM_00855,GPENAHNM_00382
group_304,,hypothetical protein,2,3,1.5,21,1,,,,438,1728,1008.0,OCAFGGHM_00843;OCAFGGHM_00842,GPENAHNM_00394
agaC,agaC,N-acetylgalactosamine permease IIC component 1,2,2,1.0,20,14,,,,783,783,783.0,OCAFGGHM_00777,GPENAHNM_01309
manZ_1,manZ_1,PTS system mannose-specific EIID component,2,2,1.0,20,13,,,,801,801,801.0,OCAFGGHM_00778,GPENAHNM_01308
group_303,,hypothetical protein,2,2,1.0,20,12,,,,93,93,93.0,OCAFGGHM_00774,GPENAHNM_01313
ctpE,ctpE,Calcium-transporting ATPase CtpE,2,2,1.0,20,9,,,,2409,2409,2409.0,OCAFGGHM_00779,GPENAHNM_01302
asnA,asnA,Aspartate--ammonia ligase,2,2,1.0,20,8,,,,1008,1008,1008.0,OCAFGGHM_00780,GPENAHNM_01301
yokD_2,yokD_2;,SPbeta prophage-derived aminoglycoside N(3')-acetyltransferase-like protein YokD;hypothetical protein,2,3,1.5,20,5,,,,156,810,530.0,OCAFGGHM_00775,GPENAHNM_01312;GPENAHNM_01311
group_299,rihA_2,Pyrimidine-specific ribonucleoside hydrolase RihA,2,2,1.0,20,4,,,,939,939,939.0,OCAFGGHM_00773,GPENAHNM_01314
bcaP_1,bcaP_1,Branched-chain amino acid permease BcaP,2,2,1.0,20,3,,,,1380,1380,1380.0,OCAFGGHM_00772,GPENAHNM_01315
manX_1,manX_1,PTS system mannose-specific EIIAB component,2,2,1.0,20,2,,,,915,915,915.0,OCAFGGHM_00776,GPENAHNM_01310
ypiA,ypiA,TPR repeat-containing protein YpiA,2,2,1.0,19,29,,,,1251,1251,1251.0,OCAFGGHM_00743,GPENAHNM_00206
rluB,rluB,Ribosomal large subunit pseudouridine synthase B,2,2,1.0,19,28,,,,714,714,714.0,OCAFGGHM_00750,GPENAHNM_00199
group_298,,putative oxidoreductase,2,2,1.0,19,27,,,,795,795,795.0,OCAFGGHM_00765,GPENAHNM_00184
group_297,,hypothetical protein,2,2,1.0,19,26,,,,324,384,354.0,OCAFGGHM_00760,GPENAHNM_00189
group_296,,hypothetical protein,2,2,1.0,19,25,,,,345,3126,1735.5,OCAFGGHM_00771,GPENAHNM_00178
rnz,rnz,Ribonuclease Z,2,2,1.0,19,24,,,,930,930,930.0,OCAFGGHM_00766,GPENAHNM_00183
group_295,,hypothetical protein,2,2,1.0,19,23,,,,480,558,519.0,OCAFGGHM_00748,GPENAHNM_00201
scpA,scpA,Segregation and condensation protein A,2,2,1.0,19,22,,,,729,729,729.0,OCAFGGHM_00752,GPENAHNM_00197
ribU,ribU,Riboflavin transporter RibU,2,2,1.0,19,21,,,,528,573,550.5,OCAFGGHM_00749,GPENAHNM_00200
pyk,pyk,Pyruvate kinase,2,2,1.0,19,20,,,,1770,1770,1770.0,OCAFGGHM_00756,GPENAHNM_00193
obg,obg,GTPase Obg,2,2,1.0,19,19,,,,1299,1299,1299.0,OCAFGGHM_00768,GPENAHNM_00181
uvrC,uvrC,UvrABC system protein C,2,2,1.0,19,18,,,,1803,1803,1803.0,OCAFGGHM_00769,GPENAHNM_00180
cmk,cmk,Cytidylate kinase,2,2,1.0,19,17,,,,666,666,666.0,OCAFGGHM_00747,GPENAHNM_00202
cvfB,cvfB,Conserved virulence factor B,2,2,1.0,19,16,,,,879,879,879.0,OCAFGGHM_00755,GPENAHNM_00194
scpB,scpB,Segregation and condensation protein B,2,2,1.0,19,15,,,,600,600,600.0,OCAFGGHM_00751,GPENAHNM_00198
der,der,GTPase Der,2,2,1.0,19,14,,,,1311,1311,1311.0,OCAFGGHM_00745,GPENAHNM_00204
group_294,,hypothetical protein,2,2,1.0,19,13,,,,261,261,261.0,OCAFGGHM_00764,GPENAHNM_00185
rpmF,rpmF,Large ribosomal subunit protein bL32,2,2,1.0,19,12,,,,186,186,186.0,OCAFGGHM_00763,GPENAHNM_00186
group_293,,hypothetical protein,2,2,1.0,19,11,,,,333,333,333.0,OCAFGGHM_00761,GPENAHNM_00188
group_292,,hypothetical protein,2,2,1.0,19,10,,,,612,612,612.0,OCAFGGHM_00770,GPENAHNM_00179
rps1,rps1,Small ribosomal subunit protein bS1,2,2,1.0,19,9,,,,1209,1209,1209.0,OCAFGGHM_00746,GPENAHNM_00203
oatA,oatA,Peptidoglycan O-acetyltransferase OatA,2,2,1.0,19,8,,,,1917,1917,1917.0,OCAFGGHM_00767,GPENAHNM_00182
pfkA,pfkA,ATP-dependent 6-phosphofructokinase,2,2,1.0,19,7,,,,960,960,960.0,OCAFGGHM_00757,GPENAHNM_00192
dnaE,dnaE,DNA polymerase III subunit alpha,2,2,1.0,19,6,,,,3120,3120,3120.0,OCAFGGHM_00758,GPENAHNM_00191
hup,hup,DNA-binding protein HU,2,2,1.0,19,5,,,,276,276,276.0,OCAFGGHM_00744,GPENAHNM_00205
group_291,,hypothetical protein,2,2,1.0,19,4,,,,204,204,204.0,OCAFGGHM_00759,GPENAHNM_00190
ribT,ribT,Protein RibT,2,2,1.0,19,3,,,,339,339,339.0,OCAFGGHM_00753,GPENAHNM_00196
xerD_2,xerD_2,Tyrosine recombinase XerD,2,2,1.0,19,2,,,,903,903,903.0,OCAFGGHM_00754,GPENAHNM_00195
cpdB,cpdB,2'3'-cyclic-nucleotide 2'-phosphodiesterase/3'-nucleotidase,2,2,1.0,19,1,,,,1566,1566,1566.0,OCAFGGHM_00762,GPENAHNM_00187
prfB,prfB,Peptide chain release factor 2,2,2,1.0,18,33,,,,999,999,999.0,OCAFGGHM_00718,GPENAHNM_01208
rny,rny,Ribonuclease Y,2,2,1.0,18,32,,,,1632,1632,1632.0,OCAFGGHM_00725,GPENAHNM_01215
pgsA,pgsA,CDP-diacylglycerol--glycerol-3-phosphate 3-phosphatidyltransferase,2,2,1.0,18,31,,,,564,564,564.0,OCAFGGHM_00727,GPENAHNM_01217
lgt,lgt,Phosphatidylglycerol--prolipoprotein diacylglyceryl transferase,2,2,1.0,18,30,,,,834,834,834.0,OCAFGGHM_00715,GPENAHNM_01205
comFA,comFA,Competence protein ComFA,2,2,1.0,18,29,,,,1281,1281,1281.0,OCAFGGHM_00722,GPENAHNM_01212
trxB,trxB,Thioredoxin reductase,2,2,1.0,18,28,,,,927,927,927.0,OCAFGGHM_00713,GPENAHNM_01203
pgl,pgl,6-phosphogluconolactonase,2,2,1.0,18,27,,,,1023,1023,1023.0,OCAFGGHM_00737,GPENAHNM_01227
group_290,,hypothetical protein,2,2,1.0,18,26,,,,306,306,306.0,OCAFGGHM_00717,GPENAHNM_01207
pgcA,pgcA,Phosphoglucomutase,2,2,1.0,18,25,,,,1725,1725,1725.0,OCAFGGHM_00712,GPENAHNM_01202
spoIIIE,spoIIIE,DNA translocase SpoIIIE,2,2,1.0,18,24,,,,2391,2391,2391.0,OCAFGGHM_00732,GPENAHNM_01222
gpsA,gpsA,Glycerol-3-phosphate dehydrogenase [NAD(P)+],2,2,1.0,18,23,,,,1023,1023,1023.0,OCAFGGHM_00714,GPENAHNM_01204
secA,secA,Protein translocase subunit SecA,2,2,1.0,18,22,,,,2403,2403,2403.0,OCAFGGHM_00719,GPENAHNM_01209
tagO,tagO,putative undecaprenyl-phosphate N-acetylglucosaminyl 1-phosphate transferase,2,2,1.0,18,21,,,,1170,1170,1170.0,OCAFGGHM_00724,GPENAHNM_01214
fabG,fabG,3-oxoacyl-[acyl-carrier-protein] reductase FabG,2,2,1.0,18,20,,,,729,729,729.0,OCAFGGHM_00729,GPENAHNM_01219
group_289,,hypothetical protein,2,2,1.0,18,19,,,,1236,1236,1236.0,OCAFGGHM_00730,GPENAHNM_01220
yigZ,yigZ,IMPACT family member YigZ,2,2,1.0,18,18,,,,663,663,663.0,OCAFGGHM_00723,GPENAHNM_01213
yvcJ,yvcJ,Nucleotide-binding protein YvcJ,2,2,1.0,18,17,,,,876,876,876.0,OCAFGGHM_00709,GPENAHNM_01199
group_288,,Putative gluconeogenesis factor,2,2,1.0,18,16,,,,1038,1038,1038.0,OCAFGGHM_00708,GPENAHNM_01198
hprK,hprK,HPr kinase/phosphorylase,2,2,1.0,18,15,,,,942,942,942.0,OCAFGGHM_00716,GPENAHNM_01206
comFC,comFC,Competence protein ComFC,2,2,1.0,18,14,,,,678,678,678.0,OCAFGGHM_00721,GPENAHNM_01211
group_287,,hypothetical protein,2,2,1.0,18,13,,,,396,396,396.0,OCAFGGHM_00733,GPENAHNM_01223
pacL,pacL,Calcium-transporting ATPase,2,2,1.0,18,12,,,,2745,2745,2745.0,OCAFGGHM_00736,GPENAHNM_01226
group_286,,hypothetical protein,2,2,1.0,18,11,,,,1065,1065,1065.0,OCAFGGHM_00728,GPENAHNM_01218
group_285,,Putative transport protein,2,2,1.0,18,10,,,,1206,1206,1206.0,OCAFGGHM_00735,GPENAHNM_01225
uvrA_1,uvrA_1,UvrABC system protein A,2,2,1.0,18,9,,,,2841,2841,2841.0,OCAFGGHM_00710,GPENAHNM_01200
recA,recA,Protein RecA,2,2,1.0,18,8,,,,1083,1083,1083.0,OCAFGGHM_00726,GPENAHNM_01216
uppP,uppP,Undecaprenyl-diphosphatase,2,2,1.0,18,7,,,,831,831,831.0,OCAFGGHM_00738,GPENAHNM_01228
group_284,,hypothetical protein,2,2,1.0,18,6,,,,1212,1212,1212.0,OCAFGGHM_00731,GPENAHNM_01221
cspR,cspR,Putative tRNA (cytidine(34)-2'-O)-methyltransferase,2,2,1.0,18,5,,,,558,558,558.0,OCAFGGHM_00734,GPENAHNM_01224
hpf,hpf,Ribosome hibernation promotion factor,2,2,1.0,18,4,,,,546,546,546.0,OCAFGGHM_00720,GPENAHNM_01210
group_283,,hypothetical protein,2,2,1.0,18,3,,,,192,192,192.0,OCAFGGHM_00739,GPENAHNM_01229
uvrB_2,uvrB_2,UvrABC system protein B,2,2,1.0,18,2,,,,2046,2046,2046.0,OCAFGGHM_00711,GPENAHNM_01201
group_282,,hypothetical protein,2,2,1.0,18,1,,,,918,3333,2125.5,OCAFGGHM_00740,GPENAHNM_01230
group_281,,hypothetical protein,2,2,1.0,17,36,,,,738,774,756.0,OCAFGGHM_00703,GPENAHNM_00727
dagK,dagK,Diacylglycerol kinase,2,2,1.0,17,34,,,,918,918,918.0,OCAFGGHM_00676,GPENAHNM_00759
pspB,;pspB,hypothetical protein;Putative phosphoserine phosphatase 2,2,2,1.0,17,33,,,,468,570,519.0,OCAFGGHM_00702,GPENAHNM_00728
group_278,,Protein SprT-like protein,2,2,1.0,17,31,,,,417,444,430.5,OCAFGGHM_00686,GPENAHNM_00749
group_277,,hypothetical protein,2,2,1.0,17,30,,,,645,645,645.0,OCAFGGHM_00683,GPENAHNM_00752
group_276,,hypothetical protein,2,2,1.0,17,29,,,,1266,1266,1266.0,OCAFGGHM_00675,GPENAHNM_00760
pcrA,pcrA,ATP-dependent DNA helicase PcrA,2,2,1.0,17,27,,,,2265,2265,2265.0,OCAFGGHM_00682,GPENAHNM_00753
yerH,yerH,putative lipoprotein YerH,2,2,1.0,17,26,,,,1149,1149,1149.0,OCAFGGHM_00680,GPENAHNM_00755
gatC,gatC,Glutamyl-tRNA(Gln) amidotransferase subunit C,2,2,1.0,17,25,,,,303,303,303.0,OCAFGGHM_00679,GPENAHNM_00756
group_274,,L-2-hydroxyisocaproate dehydrogenase,2,2,1.0,17,24,,,,873,873,873.0,OCAFGGHM_00700,GPENAHNM_00730
panT,panT,Pantothenate transporter PanT,2,2,1.0,17,23,,,,582,582,582.0,OCAFGGHM_00684,GPENAHNM_00751
gatB_1,gatB_1,Aspartyl/glutamyl-tRNA(Asn/Gln) amidotransferase subunit B,2,2,1.0,17,21,,,,1431,1431,1431.0,OCAFGGHM_00677,GPENAHNM_00758
gatA,gatA,Glutamyl-tRNA(Gln) amidotransferase subunit A,2,2,1.0,17,19,,,,1440,1440,1440.0,OCAFGGHM_00678,GPENAHNM_00757
group_271,,hypothetical protein,2,2,1.0,17,18,,,,696,699,697.5,OCAFGGHM_00690,GPENAHNM_00741
bshA,bshA,N-acetyl-alpha-D-glucosaminyl L-malate synthase,2,2,1.0,17,17,,,,1089,1101,1095.0,OCAFGGHM_00691,GPENAHNM_00739
tagA,tagA,N-acetylglucosaminyldiphosphoundecaprenol N-acetyl-beta-D-mannosaminyltransferase,2,2,1.0,17,16,,,,735,735,735.0,OCAFGGHM_00692,GPENAHNM_00738
tagD,tagD,Glycerol-3-phosphate cytidylyltransferase,2,2,1.0,17,15,,,,387,387,387.0,OCAFGGHM_00695,GPENAHNM_00735
rfbX,rfbX,Putative O-antigen transporter,2,2,1.0,17,14,,,,1434,1434,1434.0,OCAFGGHM_00693,GPENAHNM_00737
ycaM_1,ycaM_1,Inner membrane transporter YcaM,2,2,1.0,17,13,,,,1464,1464,1464.0,OCAFGGHM_00673,GPENAHNM_00762
group_270,,Calcium-transporting ATPase 1,2,2,1.0,17,12,,,,2640,2640,2640.0,OCAFGGHM_00687,GPENAHNM_00747
pncB2,pncB2,Nicotinate phosphoribosyltransferase pncB2,2,2,1.0,17,11,,,,1476,1476,1476.0,OCAFGGHM_00689,GPENAHNM_00745
qacC,qacC,Quaternary ammonium compound-resistance protein QacC,2,2,1.0,17,9,,,,306,309,307.5,OCAFGGHM_00704,GPENAHNM_00726
odcI,odcI,Inducible ornithine decarboxylase,2,2,1.0,17,8,,,,2091,2091,2091.0,OCAFGGHM_00674,GPENAHNM_00761
nadE,nadE,NH(3)-dependent NAD(+) synthetase,2,2,1.0,17,7,,,,831,831,831.0,OCAFGGHM_00688,GPENAHNM_00746
ligA,ligA,DNA ligase,2,2,1.0,17,4,,,,2010,2010,2010.0,OCAFGGHM_00681,GPENAHNM_00754
group_267,,hypothetical protein,2,2,1.0,17,3,,,,1113,1113,1113.0,OCAFGGHM_00697,GPENAHNM_00733
nagR,nagR,HTH-type transcriptional repressor NagR,2,2,1.0,17,2,,,,702,702,702.0,OCAFGGHM_00696,GPENAHNM_00734
cycA,cycA,D-serine/D-alanine/glycine transporter,2,2,1.0,17,1,,,,1380,1380,1380.0,OCAFGGHM_00707,GPENAHNM_00723
ybhL,ybhL,Inner membrane protein YbhL,2,2,1.0,16,8,,,,708,708,708.0,OCAFGGHM_00668,GPENAHNM_00216
group_266,,putative RNA methyltransferase,2,2,1.0,16,7,,,,1446,1446,1446.0,OCAFGGHM_00666,GPENAHNM_00219
nhaC,nhaC,Na(+)/H(+) antiporter NhaC,2,2,1.0,16,6,,,,1368,1368,1368.0,OCAFGGHM_00667,GPENAHNM_00218
group_264,,hypothetical protein,2,2,1.0,16,4,,,,438,2577,1507.5,OCAFGGHM_00664,GPENAHNM_00221
patB,patB,Cystathionine beta-lyase PatB,2,2,1.0,16,3,,,,1164,1164,1164.0,OCAFGGHM_00670,GPENAHNM_00214
group_263,,hypothetical protein,2,2,1.0,16,2,,,,858,858,858.0,OCAFGGHM_00669,GPENAHNM_00215
group_262,,hypothetical protein,2,2,1.0,16,1,,,,456,597,526.5,OCAFGGHM_00665,GPENAHNM_00220
lemA,lemA,Protein LemA,2,2,1.0,15,42,,,,561,561,561.0,OCAFGGHM_00663,GPENAHNM_00651
group_261,,D-lactate dehydrogenase,2,2,1.0,15,41,,,,1002,1002,1002.0,OCAFGGHM_00625,GPENAHNM_00928
group_260,,hypothetical protein,2,2,1.0,15,40,,,,1257,1263,1260.0,OCAFGGHM_00619,GPENAHNM_00935
ykoD,ykoD,Putative HMP/thiamine import ATP-binding protein YkoD,2,2,1.0,15,39,,,,1395,1395,1395.0,OCAFGGHM_00655,GPENAHNM_00643
group_259,,hypothetical protein,2,3,1.5,15,38,,,,138,873,580.0,OCAFGGHM_00620,GPENAHNM_00933;GPENAHNM_00934
group_258,,hypothetical protein,2,3,1.5,15,37,,,,228,846,497.0,OCAFGGHM_00652;OCAFGGHM_00651,GPENAHNM_00641
walR,walR,Transcriptional regulatory protein WalR,2,2,1.0,15,36,,,,714,714,714.0,OCAFGGHM_00638,GPENAHNM_00629
group_257,,hypothetical protein,2,2,1.0,15,35,,,,717,717,717.0,OCAFGGHM_00649,GPENAHNM_00639
walJ,walJ,Exodeoxyribonuclease WalJ,2,2,1.0,15,34,,,,798,798,798.0,OCAFGGHM_00642,GPENAHNM_00633
argP,argP,HTH-type transcriptional regulator ArgP,2,2,1.0,15,33,,,,924,924,924.0,OCAFGGHM_00631,GPENAHNM_00922
glpF_1,glpF_1,Glycerol uptake facilitator protein,2,2,1.0,15,32,,,,720,720,720.0,OCAFGGHM_00624,GPENAHNM_00929
htrA,htrA,Serine protease Do-like HtrA,2,2,1.0,15,31,,,,1281,1281,1281.0,OCAFGGHM_00643,GPENAHNM_00634
yxdL,yxdL,ABC transporter ATP-binding protein YxdL,2,2,1.0,15,30,,,,660,660,660.0,OCAFGGHM_00621,GPENAHNM_00932
group_256,,hypothetical protein,2,2,1.0,15,29,,,,129,129,129.0,OCAFGGHM_00646,GPENAHNM_00636
ribBA,ribBA,Riboflavin biosynthesis protein RibBA,2,2,1.0,15,28,,,,1176,1176,1176.0,OCAFGGHM_00627,GPENAHNM_00926
ribH,ribH,67-dimethyl-8-ribityllumazine synthase,2,2,1.0,15,27,,,,465,483,474.0,OCAFGGHM_00626,GPENAHNM_00927
group_255,,hypothetical protein,2,2,1.0,15,26,,,,663,663,663.0,OCAFGGHM_00659,GPENAHNM_00647
group_254,,hypothetical protein,2,3,1.5,15,25,,,,477,1200,790.0,OCAFGGHM_00635,GPENAHNM_00918;GPENAHNM_00626
sufT,sufT,Fe-S protein maturation auxiliary factor SufT,2,2,1.0,15,24,,,,315,315,315.0,OCAFGGHM_00661,GPENAHNM_00649
rhaS_2,rhaS_2,HTH-type transcriptional activator RhaS,2,2,1.0,15,23,,,,942,942,942.0,OCAFGGHM_00657,GPENAHNM_00645
group_253,,hypothetical protein,2,2,1.0,15,22,,,,1803,1803,1803.0,OCAFGGHM_00658,GPENAHNM_00646
group_252,,hypothetical protein,2,2,1.0,15,21,,,,813,813,813.0,OCAFGGHM_00641,GPENAHNM_00632
group_251,,hypothetical protein,2,2,1.0,15,20,,,,738,738,738.0,OCAFGGHM_00648,GPENAHNM_00638
htpX,htpX,Protease HtpX,2,2,1.0,15,19,,,,897,897,897.0,OCAFGGHM_00662,GPENAHNM_00650
mdtP,mdtP,Multidrug transporter protein MdtP,2,2,1.0,15,18,,,,1473,1473,1473.0,OCAFGGHM_00656,GPENAHNM_00644
urdA_2,urdA_2,Urocanate reductase,2,2,1.0,15,17,,,,1848,1848,1848.0,OCAFGGHM_00632,GPENAHNM_00921
rlmH,rlmH,Ribosomal RNA large subunit methyltransferase H,2,2,1.0,15,16,,,,531,531,531.0,OCAFGGHM_00645,GPENAHNM_00635
walK,walK,Sensor histidine kinase WalK,2,2,1.0,15,15,,,,1863,1863,1863.0,OCAFGGHM_00639,GPENAHNM_00630
ribE,ribE,Riboflavin synthase,2,2,1.0,15,14,,,,606,606,606.0,OCAFGGHM_00628,GPENAHNM_00925
ribD,ribD,Riboflavin biosynthesis protein RibD,2,2,1.0,15,13,,,,1056,1056,1056.0,OCAFGGHM_00629,GPENAHNM_00924
sdhA,sdhA,L-serine dehydratase alpha chain,2,2,1.0,15,12,,,,807,882,844.5,OCAFGGHM_00660,GPENAHNM_00648
group_250,,hypothetical protein,2,2,1.0,15,11,,,,657,660,658.5,OCAFGGHM_00654,GPENAHNM_00642
nrgA,nrgA,Ammonium transporter,2,2,1.0,15,10,,,,1215,1215,1215.0,OCAFGGHM_00636,GPENAHNM_00627
group_249,,hypothetical protein,2,2,1.0,15,9,,,,1353,1353,1353.0,OCAFGGHM_00640,GPENAHNM_00631
group_247,,hypothetical protein,2,2,1.0,15,7,,,,231,231,231.0,OCAFGGHM_00633,GPENAHNM_00920
msbA_1,msbA_1,ATP-dependent lipid A-core flippase,2,2,1.0,15,6,,,,1572,1572,1572.0,OCAFGGHM_00650,GPENAHNM_00640
natA,natA,ABC transporter ATP-binding protein NatA,2,2,1.0,15,5,,,,771,771,771.0,OCAFGGHM_00647,GPENAHNM_00637
group_246,,hypothetical protein,2,2,1.0,15,4,,,,123,123,123.0,OCAFGGHM_00644,1_refound_3
group_245,,hypothetical protein,2,2,1.0,15,3,,,,2073,2085,2079.0,OCAFGGHM_00622,GPENAHNM_00931
group_244,,hypothetical protein,2,2,1.0,15,2,,,,849,849,849.0,OCAFGGHM_00623,GPENAHNM_00930
brnQ,brnQ,Branched-chain amino acid permease BrnQ,2,2,1.0,15,1,,,,1380,1380,1380.0,OCAFGGHM_00630,GPENAHNM_00923
group_243,,hypothetical protein,2,2,1.0,14,7,,,,327,327,327.0,OCAFGGHM_00618,GPENAHNM_00936
group_242,,hypothetical protein,2,2,1.0,14,6,,,,807,807,807.0,OCAFGGHM_00612,GPENAHNM_00942
metB,metB,Cystathionine gamma-synthase,2,2,1.0,14,5,,,,1143,1143,1143.0,OCAFGGHM_00613,GPENAHNM_00941
uvrB_1,uvrB_1,UvrABC system protein B,2,2,1.0,14,4,,,,2811,2811,2811.0,OCAFGGHM_00615,GPENAHNM_00939
group_241,,hypothetical protein,2,2,1.0,14,3,,,,714,714,714.0,OCAFGGHM_00617,GPENAHNM_00937
exoA,exoA,Exodeoxyribonuclease,2,2,1.0,14,2,,,,828,828,828.0,OCAFGGHM_00614,GPENAHNM_00940
group_240,,Aldo-keto reductase/MSMEI_2347,2,2,1.0,14,1,,,,858,858,858.0,OCAFGGHM_00616,GPENAHNM_00938
dnaN,dnaN,Beta sliding clamp,2,2,1.0,13,46,,,,1131,1131,1131.0,OCAFGGHM_00580,GPENAHNM_00499
mnmE,mnmE,tRNA modification GTPase MnmE,2,2,1.0,13,45,,,,1383,1383,1383.0,OCAFGGHM_00575,GPENAHNM_00504
rpsF,rpsF,Small ribosomal subunit protein bS6,2,2,1.0,13,44,,,,294,294,294.0,OCAFGGHM_00585,GPENAHNM_00494
rpmH,rpmH,Large ribosomal subunit protein bL34,2,2,1.0,13,43,,,,141,141,141.0,OCAFGGHM_00578,GPENAHNM_00501
group_239,,hypothetical protein,2,2,1.0,13,42,,,,708,708,708.0,OCAFGGHM_00592,GPENAHNM_00487
misCA,misCA,Membrane protein insertase MisCA,2,2,1.0,13,40,,,,858,858,858.0,OCAFGGHM_00576,GPENAHNM_00503
yofA,yofA;,HTH-type transcriptional regulator YofA;hypothetical protein,2,2,1.0,13,37,,,,531,741,636.0,OCAFGGHM_00611,GPENAHNM_00473
group_235,,hypothetical protein,2,2,1.0,13,35,,,,1149,1149,1149.0,OCAFGGHM_00591,GPENAHNM_00488
rnpA,rnpA,Ribonuclease P protein component,2,2,1.0,13,32,,,,369,369,369.0,OCAFGGHM_00577,GPENAHNM_00502
rpsR,rpsR,Small ribosomal subunit protein bS18,2,2,1.0,13,30,,,,237,237,237.0,OCAFGGHM_00587,GPENAHNM_00492
ssb_2,ssb_2,Single-stranded DNA-binding protein,2,2,1.0,13,26,,,,516,516,516.0,OCAFGGHM_00586,GPENAHNM_00493
gyrA,gyrA,DNA gyrase subunit A GyrA,2,2,1.0,13,25,,,,2478,2478,2478.0,OCAFGGHM_00584,GPENAHNM_00495
pox5,pox5,Pyruvate oxidase,2,2,1.0,13,20,,,,1809,1809,1809.0,OCAFGGHM_00573,GPENAHNM_00506
rplI,rplI,Large ribosomal subunit protein bL9,2,2,1.0,13,17,,,,453,453,453.0,OCAFGGHM_00589,GPENAHNM_00490
group_224,,hypothetical protein,2,2,1.0,13,15,,,,330,330,330.0,OCAFGGHM_00608,GPENAHNM_00476
group_223,,hypothetical protein,2,2,1.0,13,14,,,,399,399,399.0,OCAFGGHM_00610,GPENAHNM_00474
mnmG,mnmG,tRNA uridine 5-carboxymethylaminomethyl modification enzyme MnmG,2,2,1.0,13,13,,,,1905,1905,1905.0,OCAFGGHM_00574,GPENAHNM_00505
gyrB,gyrB,DNA gyrase subunit B,2,2,1.0,13,12,,,,1956,1956,1956.0,OCAFGGHM_00583,GPENAHNM_00496
group_221,licC_1,Lichenan permease IIC component,2,2,1.0,13,10,,,,1362,1362,1362.0,OCAFGGHM_00607,GPENAHNM_00477
dnaB_1,dnaB_1,Replicative DNA helicase DnaB,2,2,1.0,13,9,,,,1368,1368,1368.0,OCAFGGHM_00590,GPENAHNM_00489
gdpP,gdpP,Cyclic-di-AMP phosphodiesterase GdpP,2,2,1.0,13,8,,,,2019,2019,2019.0,OCAFGGHM_00588,GPENAHNM_00491
dnaA,dnaA,Chromosomal replication initiator protein DnaA,2,2,1.0,13,7,,,,1368,1368,1368.0,OCAFGGHM_00579,GPENAHNM_00500
group_217,,hypothetical protein,2,2,1.0,13,3,,,,216,216,216.0,OCAFGGHM_00581,GPENAHNM_00498
recF,recF,DNA replication and repair protein RecF,2,2,1.0,13,2,,,,1125,1125,1125.0,OCAFGGHM_00582,GPENAHNM_00497
group_216,,hypothetical protein,2,2,1.0,13,1,,,,633,633,633.0,OCAFGGHM_00609,GPENAHNM_00475
ccpA,ccpA,Catabolite control protein A,2,2,1.0,12,52,,,,996,996,996.0,OCAFGGHM_00537,GPENAHNM_00262
group_215,,hypothetical protein,2,2,1.0,12,51,,,,558,558,558.0,OCAFGGHM_00532,GPENAHNM_00267
groEL,groEL,Chaperonin GroEL,2,2,1.0,12,50,,,,1626,1626,1626.0,OCAFGGHM_00569,GPENAHNM_00226
mggB,mggB,Mannosylglucosyl-3-phosphoglycerate phosphatase,2,2,1.0,12,49,,,,1389,1389,1389.0,OCAFGGHM_00533,GPENAHNM_00266
rex,rex,Redox-sensing transcriptional repressor Rex,2,2,1.0,12,48,,,,642,642,642.0,OCAFGGHM_00571,GPENAHNM_00224
group_213,,hypothetical protein,2,2,1.0,12,46,,,,858,858,858.0,OCAFGGHM_00568,GPENAHNM_00227
pepV,pepV,Beta-Ala-Xaa dipeptidase,2,2,1.0,12,45,,,,1407,1407,1407.0,OCAFGGHM_00536,GPENAHNM_00263
ruvB,ruvB,Holliday junction branch migration complex subunit RuvB,2,2,1.0,12,43,,,,1014,1014,1014.0,OCAFGGHM_00557,GPENAHNM_00240
mutSB,mutSB,Putative endonuclease MutS2,2,2,1.0,12,42,,,,2361,2361,2361.0,OCAFGGHM_00547,GPENAHNM_00250
group_211,,hypothetical protein,2,2,1.0,12,41,,,,375,375,375.0,OCAFGGHM_00556,GPENAHNM_00241
ruvA,ruvA,Holliday junction branch migration complex subunit RuvA,2,2,1.0,12,39,,,,582,582,582.0,OCAFGGHM_00558,GPENAHNM_00239
ykuT,ykuT,putative MscS family protein YkuT,2,2,1.0,12,38,,,,822,822,822.0,OCAFGGHM_00541,GPENAHNM_00257
trxA,trxA,Thioredoxin,2,2,1.0,12,37,,,,312,312,312.0,OCAFGGHM_00546,GPENAHNM_00252
group_209,,hypothetical protein,2,2,1.0,12,36,,,,315,315,315.0,OCAFGGHM_00548,GPENAHNM_00249
zwf,zwf,Glucose-6-phosphate 1-dehydrogenase,2,2,1.0,12,35,,,,1449,1449,1449.0,OCAFGGHM_00555,GPENAHNM_00242
yrrK,yrrK,Putative pre-16S rRNA nuclease,2,2,1.0,12,34,,,,447,447,447.0,OCAFGGHM_00549,GPENAHNM_00248
group_208,,hypothetical protein,2,2,1.0,12,33,,,,318,318,318.0,OCAFGGHM_00534,GPENAHNM_00265
mutS,mutS,DNA mismatch repair protein MutS,2,2,1.0,12,32,,,,2583,2583,2583.0,OCAFGGHM_00560,GPENAHNM_00237
group_207,,putative tautomerase.1,2,2,1.0,12,31,,,,180,180,180.0,OCAFGGHM_00542,GPENAHNM_00256
alaS,alaS,Alanine--tRNA ligase,2,2,1.0,12,30,,,,2637,2637,2637.0,OCAFGGHM_00551,GPENAHNM_00246
group_206,,hypothetical protein,2,2,1.0,12,29,,,,258,258,258.0,OCAFGGHM_00550,GPENAHNM_00247
murI,murI,Glutamate racemase,2,2,1.0,12,28,,,,798,798,798.0,OCAFGGHM_00544,GPENAHNM_00254
mutL,mutL,DNA mismatch repair protein MutL,2,2,1.0,12,26,,,,1869,1869,1869.0,OCAFGGHM_00559,GPENAHNM_00238
yslB,yslB,putative protein YslB,2,2,1.0,12,25,,,,396,396,396.0,OCAFGGHM_00545,GPENAHNM_00253
ettA~~~yheS_1,ettA;yheS_1,Energy-dependent translational throttle protein EttA;putative ATP-binding protein YheS,2,3,1.5,12,24,,,,705,1911,1280.0,OCAFGGHM_00572,GPENAHNM_00223;GPENAHNM_00222
group_203,,hypothetical protein,2,2,1.0,12,21,,,,330,330,330.0,OCAFGGHM_00539,GPENAHNM_00259
nrnA,nrnA,putative bifunctional oligoribonuclease and PAP phosphatase NrnA,2,2,1.0,12,20,,,,960,960,960.0,OCAFGGHM_00553,GPENAHNM_00244
group_200,,hypothetical protein,2,2,1.0,12,17,,,,834,837,835.5,OCAFGGHM_00567,GPENAHNM_00229
group_198,,dITP/XTP pyrophosphatase,2,2,1.0,12,12,,,,618,618,618.0,OCAFGGHM_00543,GPENAHNM_00255
cshB,cshB,DEAD-box ATP-dependent RNA helicase CshB,2,2,1.0,12,11,,,,1359,1359,1359.0,OCAFGGHM_00552,GPENAHNM_00245
group_197,,hypothetical protein,2,2,1.0,12,10,,,,537,606,571.5,OCAFGGHM_00530,GPENAHNM_00269
yutF,yutF,5'-nucleotidase YutF,2,2,1.0,12,8,,,,765,765,765.0,OCAFGGHM_00531,GPENAHNM_00268
uup_3,uup_3,ATP-binding protein Uup,2,2,1.0,12,7,,,,1566,1566,1566.0,OCAFGGHM_00566,GPENAHNM_00230
groES,groES,Co-chaperonin GroES,2,2,1.0,12,6,,,,285,285,285.0,OCAFGGHM_00570,GPENAHNM_00225
pepQ,pepQ,Xaa-Pro dipeptidase,2,2,1.0,12,5,,,,1113,1113,1113.0,OCAFGGHM_00538,GPENAHNM_00261
dinB_1,dinB_1,DNA polymerase IV,2,2,1.0,12,4,,,,1116,1116,1116.0,OCAFGGHM_00554,GPENAHNM_00243
group_194,,hypothetical protein,2,2,1.0,12,2,,,,426,426,426.0,OCAFGGHM_00540,GPENAHNM_00258
group_193,,hypothetical protein,2,2,1.0,12,1,,,,1380,1380,1380.0,OCAFGGHM_00535,GPENAHNM_00264
degV,degV,Protein DegV,2,2,1.0,11,16,,,,885,900,892.5,OCAFGGHM_00529,GPENAHNM_00909
clpY,clpY,ATP-dependent protease ATPase subunit ClpY,2,2,1.0,11,15,,,,1383,1383,1383.0,OCAFGGHM_00519,GPENAHNM_00900
plsY_1,plsY_1,Glycerol-3-phosphate acyltransferase,2,2,1.0,11,14,,,,621,621,621.0,OCAFGGHM_00521,GPENAHNM_00902
trmFO,trmFO,Methylenetetrahydrofolate--tRNA-(uracil-5-)-methyltransferase TrmFO,2,2,1.0,11,13,,,,1320,1320,1320.0,OCAFGGHM_00516,GPENAHNM_00897
lacX,lacX,Protein LacX plasmid,2,2,1.0,11,12,,,,885,885,885.0,OCAFGGHM_00520,GPENAHNM_00901
ppaC,ppaC,putative manganese-dependent inorganic pyrophosphatase,2,2,1.0,11,11,,,,936,936,936.0,OCAFGGHM_00524,GPENAHNM_00905
group_192,,Putative bifunctional phosphatase/peptidyl-prolyl cis-trans isomerase;Putative peptidyl-prolyl cis-trans isomerase,2,3,1.5,11,10,,,,258,603,382.0,OCAFGGHM_00526;OCAFGGHM_00525,GPENAHNM_00906
dprA,dprA,DNA processing protein DprA,2,2,1.0,11,9,,,,843,843,843.0,OCAFGGHM_00514,GPENAHNM_00895
parC,parC,DNA topoisomerase IV subunit A ParC,2,2,1.0,11,8,,,,2481,2481,2481.0,OCAFGGHM_00523,GPENAHNM_00904
xerC_2,xerC_2,Tyrosine recombinase XerC,2,2,1.0,11,7,,,,909,909,909.0,OCAFGGHM_00517,GPENAHNM_00898
group_191,,hypothetical protein,2,2,1.0,11,6,,,,894,894,894.0,OCAFGGHM_00513,GPENAHNM_00894
rqcH,rqcH,Rqc2 RqcH,2,2,1.0,11,5,,,,1689,1689,1689.0,OCAFGGHM_00527,GPENAHNM_00907
parE,parE,DNA topoisomerase IV subunit B ParE,2,2,1.0,11,4,,,,1944,1944,1944.0,OCAFGGHM_00522,GPENAHNM_00903
hslV,hslV,ATP-dependent protease subunit HslV,2,2,1.0,11,3,,,,531,531,531.0,OCAFGGHM_00518,GPENAHNM_00899
topA_2,topA_2,DNA topoisomerase 1,2,2,1.0,11,2,,,,2088,2088,2088.0,OCAFGGHM_00515,GPENAHNM_00896
group_190,,hypothetical protein,2,2,1.0,11,1,,,,414,414,414.0,OCAFGGHM_00528,GPENAHNM_00908
npr,npr,NADH peroxidase,2,2,1.0,10,14,,,,1371,1371,1371.0,OCAFGGHM_00501,GPENAHNM_01362
rnhB,rnhB,Ribonuclease HII,2,2,1.0,10,13,,,,759,759,759.0,OCAFGGHM_00511,GPENAHNM_01354
group_189,,hypothetical protein,2,2,1.0,10,12,,,,225,225,225.0,OCAFGGHM_00507,GPENAHNM_01357
group_188,,Acetyltransferase,2,2,1.0,10,11,,,,429,429,429.0,OCAFGGHM_00512,GPENAHNM_01353
group_187,,hypothetical protein,2,2,1.0,10,10,,,,906,906,906.0,OCAFGGHM_00502,GPENAHNM_01361
group_186,,hypothetical protein,2,2,1.0,10,9,,,,1062,1062,1062.0,OCAFGGHM_00500,GPENAHNM_01364
rbgA,rbgA,Ribosome biogenesis GTPase A,2,2,1.0,10,8,,,,843,843,843.0,OCAFGGHM_00510,GPENAHNM_01355
group_185,,DegV domain-containing protein,2,2,1.0,10,7,,,,843,843,843.0,OCAFGGHM_00506,GPENAHNM_01358
group_184,,hypothetical protein,2,2,1.0,10,6,,,,666,666,666.0,OCAFGGHM_00505,GPENAHNM_01359
cca,cca,CCA-adding enzyme,2,2,1.0,10,4,,,,1191,1191,1191.0,OCAFGGHM_00503,GPENAHNM_01360
nhaK,nhaK;,Sodium potassium lithium and rubidium/H(+) antiporter;hypothetical protein,2,3,1.5,10,3,,,,750,1596,1041.0,OCAFGGHM_00508;OCAFGGHM_00509,GPENAHNM_01356
smc_4,smc_4;,Chromosome partition protein Smc;hypothetical protein,2,2,1.0,10,1,,,,210,3588,1899.0,OCAFGGHM_00499,GPENAHNM_01365
dnaD,dnaD,Replicative helicase loading/DNA remodeling protein DnaD,2,2,1.0,8,14,,,,636,636,636.0,OCAFGGHM_00486,GPENAHNM_00964
group_179,,hypothetical protein,2,2,1.0,8,13,,,,492,492,492.0,OCAFGGHM_00484,GPENAHNM_00966
recU,recU,Holliday junction resolvase RecU,2,2,1.0,8,12,,,,621,621,621.0,OCAFGGHM_00490,GPENAHNM_00960
yokD_1,yokD_1,SPbeta prophage-derived aminoglycoside N(3')-acetyltransferase-like protein YokD,2,2,1.0,8,11,,,,810,810,810.0,OCAFGGHM_00488,GPENAHNM_00962
dinG,dinG,3'-5' exonuclease DinG,2,2,1.0,8,10,,,,2811,2811,2811.0,OCAFGGHM_00483,GPENAHNM_00967
asnS,asnS,Asparagine--tRNA ligase,2,2,1.0,8,9,,,,1299,1299,1299.0,OCAFGGHM_00485,GPENAHNM_00965
addA,addA,ATP-dependent helicase/nuclease subunit A,2,2,1.0,8,8,,,,1341,3561,2451.0,OCAFGGHM_00482,GPENAHNM_00968
coaBC~~~undec1A,coaBC;undec1A,Coenzyme A biosynthesis bifunctional protein CoaBC;Cysteine/Cysteine sulfinic acid decarboxylase,2,2,1.0,8,7,,,,1191,1191,1191.0,OCAFGGHM_00495,GPENAHNM_00955
group_178,,hypothetical protein,2,2,1.0,8,6,,,,567,567,567.0,OCAFGGHM_00491,GPENAHNM_00959
cpdA,cpdA,3'5'-cyclic adenosine monophosphate phosphodiesterase CpdA,2,2,1.0,8,5,,,,1245,1245,1245.0,OCAFGGHM_00494,GPENAHNM_00956
gpsB_1,gpsB_1,Cell cycle protein GpsB,2,2,1.0,8,4,,,,426,426,426.0,OCAFGGHM_00492,GPENAHNM_00958
ponA,ponA,Penicillin-binding protein 1A,2,2,1.0,8,3,,,,2337,2337,2337.0,OCAFGGHM_00489,GPENAHNM_00961
ypsC,ypsC,Putative RNA methyltransferase YpsC,2,2,1.0,8,2,,,,1128,1128,1128.0,OCAFGGHM_00493,GPENAHNM_00957
nth,nth,Endonuclease III,2,2,1.0,8,1,,,,654,654,654.0,OCAFGGHM_00487,GPENAHNM_00963
group_177,,hypothetical protein,2,2,1.0,7,68,,,,705,705,705.0,OCAFGGHM_00477,GPENAHNM_00167
urdA_1,urdA_1,Urocanate reductase,2,2,1.0,7,64,,,,1710,1710,1710.0,OCAFGGHM_00441,GPENAHNM_00118
ydiM_1,ydiM_1,Inner membrane transport protein YdiM,2,2,1.0,7,63,,,,1200,1200,1200.0,OCAFGGHM_00438,GPENAHNM_00115
crr,crr,PTS system glucose-specific EIIA component,2,2,1.0,7,62,,,,483,483,483.0,OCAFGGHM_00446,GPENAHNM_00121
gltC_2,gltC_2,Transcriptional dual regulator GltC,2,2,1.0,7,61,,,,921,921,921.0,OCAFGGHM_00440,GPENAHNM_00117
yhjX,;yhjX,L-lactate transporter;hypothetical protein;putative MFS-type transporter YhjX,2,3,1.5,7,60,,,,408,1212,805.0,OCAFGGHM_00445;OCAFGGHM_00444,GPENAHNM_00120
alx,alx,Putative membrane-bound redox modulator Alx,2,2,1.0,7,59,,,,765,765,765.0,OCAFGGHM_00474,GPENAHNM_00164
group_172,,hypothetical protein,2,2,1.0,7,54,,,,924,924,924.0,OCAFGGHM_00476,GPENAHNM_00166
group_171,,hypothetical protein,2,2,1.0,7,53,,,,720,720,720.0,OCAFGGHM_00463,GPENAHNM_00151
aroE,aroE,Shikimate dehydrogenase (NADP(+)),2,2,1.0,7,52,,,,924,924,924.0,OCAFGGHM_00439,GPENAHNM_00116
agaA_1,agaA_1,N-acetylgalactosamine-6-phosphate deacetylase,2,2,1.0,7,51,,,,1161,1161,1161.0,OCAFGGHM_00459,GPENAHNM_00147
bioH_2,bioH_2,Pimeloyl-[acyl-carrier protein] methyl ester esterase,2,2,1.0,7,50,,,,657,657,657.0,OCAFGGHM_00471,GPENAHNM_00161
glvR,glvR,HTH-type transcriptional regulator GlvR,2,2,1.0,7,49,,,,723,723,723.0,OCAFGGHM_00448,GPENAHNM_00123
group_170,,hypothetical protein,2,2,1.0,7,48,,,,375,375,375.0,OCAFGGHM_00470,GPENAHNM_00160
group_169,,hypothetical protein,2,2,1.0,7,47,,,,2979,2979,2979.0,OCAFGGHM_00460,GPENAHNM_00148
bglK_2~~~bglK_1,bglK_2;bglK_1,Beta-glucoside kinase,2,2,1.0,7,45,,,,912,912,912.0,OCAFGGHM_00451,GPENAHNM_00128
gmuE,gmuE,Putative fructokinase,2,2,1.0,7,44,,,,876,876,876.0,OCAFGGHM_00443,GPENAHNM_00119
epsJ,epsJ,putative glycosyltransferase EpsJ,2,2,1.0,7,41,,,,813,813,813.0,OCAFGGHM_00472,GPENAHNM_00162
malP_2,malP_2,PTS system maltose-specific EIICB component,2,2,1.0,7,40,,,,1839,1839,1839.0,OCAFGGHM_00449,GPENAHNM_00124
pepDA_2~~~pepDA_1,pepDA_2;pepDA_1,Dipeptidase A,2,2,1.0,7,38,,,,642,1413,1027.5,OCAFGGHM_00425,GPENAHNM_00103
hrtA,hrtA,Putative hemin import ATP-binding protein HrtA,2,2,1.0,7,37,,,,675,675,675.0,OCAFGGHM_00426,GPENAHNM_00104
group_166,,putative ABC transporter permease,2,2,1.0,7,35,,,,1059,1059,1059.0,OCAFGGHM_00427,GPENAHNM_00105
group_165,,hypothetical protein,2,2,1.0,7,34,,,,525,630,577.5,OCAFGGHM_00428,GPENAHNM_00106
pspA_1~~~pspA_2,pspA_1;pspA_2,Phosphoserine phosphatase 1,2,2,1.0,7,33,,,,600,600,600.0,OCAFGGHM_00429,GPENAHNM_00107
bioH_1,bioH_1,Pimeloyl-[acyl-carrier protein] methyl ester esterase,2,2,1.0,7,32,,,,753,753,753.0,OCAFGGHM_00430,GPENAHNM_00108
yaaA,yaaA;,DNA-binding and peroxide stress resistance protein YaaA;hypothetical protein,2,3,1.5,7,31,,,,303,762,471.0,OCAFGGHM_00432;OCAFGGHM_00431,GPENAHNM_00109
aes,aes,Acetyl esterase,2,2,1.0,7,30,,,,885,885,885.0,OCAFGGHM_00453,GPENAHNM_00141
group_164,,hypothetical protein,2,2,1.0,7,29,,,,663,663,663.0,OCAFGGHM_00433,GPENAHNM_00110
bglA,bglA,6-phospho-beta-glucosidase BglA,2,2,1.0,7,28,,,,1488,1488,1488.0,OCAFGGHM_00456,GPENAHNM_00144
pepN,pepN,Aminopeptidase N,2,2,1.0,7,27,,,,2538,2538,2538.0,OCAFGGHM_00434,GPENAHNM_00111
group_163,,hypothetical protein,2,2,1.0,7,26,,,,1500,1500,1500.0,OCAFGGHM_00465,GPENAHNM_00153
group_162,,hypothetical protein,2,2,1.0,7,25,,,,1215,1215,1215.0,OCAFGGHM_00435,GPENAHNM_00112
clsA~~~cls,clsA;cls,Major cardiolipin synthase ClsA;Cardiolipin synthase,2,2,1.0,7,24,,,,1458,1458,1458.0,OCAFGGHM_00478,GPENAHNM_00168
ypuA,ypuA,putative protein YpuA,2,2,1.0,7,23,,,,960,960,960.0,OCAFGGHM_00473,GPENAHNM_00163
ddlA,ddlA,D-alanine--D-alanine ligase A,2,2,1.0,7,22,,,,1086,1086,1086.0,OCAFGGHM_00464,GPENAHNM_00152
betI_1,betI_1,HTH-type transcriptional regulator BetI,2,2,1.0,7,21,,,,687,687,687.0,OCAFGGHM_00468,GPENAHNM_00158
simA,simA,6-phospho-alpha-glucosidase 1,2,2,1.0,7,20,,,,1344,1344,1344.0,OCAFGGHM_00450,GPENAHNM_00125
group_161,,hypothetical protein,2,2,1.0,7,19,,,,834,834,834.0,OCAFGGHM_00467,GPENAHNM_00157
group_160,,hypothetical protein,2,2,1.0,7,18,,,,756,756,756.0,OCAFGGHM_00461,GPENAHNM_00149
group_159,,hypothetical protein,2,2,1.0,7,17,,,,1098,1098,1098.0,OCAFGGHM_00462,GPENAHNM_00150
group_158,,hypothetical protein,2,2,1.0,7,16,,,,492,492,492.0,OCAFGGHM_00447,GPENAHNM_00122
gltC_1,gltC_1,Transcriptional dual regulator GltC,2,2,1.0,7,13,,,,882,882,882.0,OCAFGGHM_00436,GPENAHNM_00113
licT_1,licT_1,Transcription antiterminator LicT,2,2,1.0,7,12,,,,834,834,834.0,OCAFGGHM_00458,GPENAHNM_00146
bglF,bglF,PTS system beta-glucoside-specific EIIBCA component,2,2,1.0,7,11,,,,1968,1968,1968.0,OCAFGGHM_00457,GPENAHNM_00145
rnhA,rnhA,Ribonuclease H,2,2,1.0,7,8,,,,768,768,768.0,OCAFGGHM_00475,GPENAHNM_00165
group_156,,hypothetical protein,2,2,1.0,7,7,,,,246,273,259.5,OCAFGGHM_00466,GPENAHNM_00156
prs_2,prs_2,Ribose-phosphate pyrophosphokinase,2,2,1.0,7,6,,,,987,987,987.0,OCAFGGHM_00469,GPENAHNM_00159
aroD,aroD,3-dehydroquinate dehydratase,2,2,1.0,7,5,,,,759,759,759.0,OCAFGGHM_00437,GPENAHNM_00114
rhaS_1,rhaS_1,HTH-type transcriptional activator RhaS,2,2,1.0,7,2,,,,861,861,861.0,OCAFGGHM_00454,GPENAHNM_00142
group_154,,hypothetical protein,2,2,1.0,7,1,,,,1194,1200,1197.0,OCAFGGHM_00452,GPENAHNM_00140
guaD,guaD,Guanine deaminase,2,2,1.0,6,18,,,,1356,1356,1356.0,OCAFGGHM_00415,GPENAHNM_00813
group_153,,hypothetical protein,2,2,1.0,6,17,,,,669,669,669.0,OCAFGGHM_00416,GPENAHNM_00814
metK,metK,S-adenosylmethionine synthase,2,2,1.0,6,16,,,,1194,1194,1194.0,OCAFGGHM_00408,GPENAHNM_00806
group_152,,Nucleobase transporter PlUacP,2,2,1.0,6,15,,,,1194,1323,1258.5,OCAFGGHM_00414,GPENAHNM_00812
group_151,,hypothetical protein,2,2,1.0,6,14,,,,444,444,444.0,OCAFGGHM_00419,GPENAHNM_00817
leuS,leuS,Leucine--tRNA ligase,2,2,1.0,6,13,,,,2415,2415,2415.0,OCAFGGHM_00411,GPENAHNM_00809
group_150,,hypothetical protein,2,2,1.0,6,12,,,,558,558,558.0,OCAFGGHM_00417,GPENAHNM_00815
murJ,murJ,Lipid II flippase MurJ,2,2,1.0,6,11,,,,1647,1647,1647.0,OCAFGGHM_00412,GPENAHNM_00810
group_149,,hypothetical protein,2,2,1.0,6,10,,,,393,651,522.0,OCAFGGHM_00410,GPENAHNM_00808
tcyB,tcyB,L-cystine transport system permease protein TcyB,2,2,1.0,6,8,,,,678,678,678.0,OCAFGGHM_00422,GPENAHNM_00820
tcyN,tcyN,L-cystine transport system ATP-binding protein TcyN,2,2,1.0,6,7,,,,735,735,735.0,OCAFGGHM_00421,GPENAHNM_00819
bmr3,bmr3,Multidrug resistance protein 3,2,2,1.0,6,6,,,,1446,1446,1446.0,OCAFGGHM_00409,GPENAHNM_00807
group_146,,hypothetical protein,2,2,1.0,6,4,,,,861,861,861.0,OCAFGGHM_00413,GPENAHNM_00811
group_144,,hypothetical protein,2,2,1.0,6,2,,,,633,633,633.0,OCAFGGHM_00420,GPENAHNM_00818
paiA_1~~~paiA_2,paiA_1;paiA_2,Spermidine/spermine N(1)-acetyltransferase,2,2,1.0,6,1,,,,522,522,522.0,OCAFGGHM_00418,GPENAHNM_00816
group_142,,D-aspartate ligase,2,2,1.0,5,91,,,,1266,1266,1266.0,OCAFGGHM_00262,GPENAHNM_00096
prmC,prmC,Release factor glutamine methyltransferase,2,2,1.0,5,90,,,,843,843,843.0,OCAFGGHM_00328,GPENAHNM_00084
rarA,rarA,Replication-associated recombination protein A,2,2,1.0,5,87,,,,1299,1299,1299.0,OCAFGGHM_00345,GPENAHNM_00067
amiE,amiE,N-acetylmuramyl-L-alanine amidase,2,2,1.0,5,85,,,,1008,1008,1008.0,OCAFGGHM_00324,GPENAHNM_00088
tdk,tdk,Thymidine kinase,2,2,1.0,5,83,,,,606,606,606.0,OCAFGGHM_00326,GPENAHNM_00086
pgi,pgi,Glucose-6-phosphate isomerase,2,2,1.0,5,81,,,,1338,1338,1338.0,OCAFGGHM_00265,GPENAHNM_00093
rpsD,rpsD,Small ribosomal subunit protein uS4,2,2,1.0,5,80,,,,612,612,612.0,OCAFGGHM_00347,GPENAHNM_00065
ribZ,ribZ,Riboflavin transporter RibZ,2,2,1.0,5,79,,,,1350,1350,1350.0,OCAFGGHM_00266,GPENAHNM_00092
murT,murT,Lipid II isoglutaminyl synthase (glutamine-hydrolyzing) subunit MurT,2,2,1.0,5,77,,,,1356,1356,1356.0,OCAFGGHM_00325,GPENAHNM_00087
group_135,,hypothetical protein,2,2,1.0,5,76,,,,624,624,624.0,OCAFGGHM_00355,GPENAHNM_00057
upp,upp,Uracil phosphoribosyltransferase,2,2,1.0,5,73,,,,630,630,630.0,OCAFGGHM_00330,GPENAHNM_00082
atpD,atpD,ATP synthase subunit beta,2,2,1.0,5,66,,,,1443,1443,1443.0,OCAFGGHM_00337,GPENAHNM_00075
rsuA,rsuA,Ribosomal small subunit pseudouridine synthase A,2,2,1.0,5,63,,,,705,705,705.0,OCAFGGHM_00351,GPENAHNM_00061
atpH_2~~~atpH_1,atpH_2;atpH_1,ATP synthase subunit delta,2,2,1.0,5,62,,,,549,549,549.0,OCAFGGHM_00334,GPENAHNM_00078
group_124,,hypothetical protein,2,2,1.0,5,61,,,,621,621,621.0,OCAFGGHM_00264,GPENAHNM_00094
group_122,,Phosphorylated carbohydrates phosphatase,2,2,1.0,5,59,,,,681,681,681.0,OCAFGGHM_00354,GPENAHNM_00058
atpA,atpA,ATP synthase subunit alpha,2,2,1.0,5,58,,,,1515,1515,1515.0,OCAFGGHM_00335,GPENAHNM_00077
atpG,atpG,ATP synthase gamma chain,2,2,1.0,5,56,,,,963,963,963.0,OCAFGGHM_00336,GPENAHNM_00076
mbl,mbl,Cell shape-determining protein Mbl,2,2,1.0,5,51,,,,990,990,990.0,OCAFGGHM_00340,GPENAHNM_00072
ywlC,ywlC,Threonylcarbamoyl-AMP synthase,2,2,1.0,5,49,,,,1002,1002,1002.0,OCAFGGHM_00329,GPENAHNM_00083
atpB,atpB,ATP synthase subunit a,2,2,1.0,5,46,,,,717,717,717.0,OCAFGGHM_00331,GPENAHNM_00081
group_111,,Putative universal stress protein,2,2,1.0,5,43,,,,441,441,441.0,OCAFGGHM_00344,GPENAHNM_00068
ezrA,ezrA,Septation ring formation regulator EzrA,2,2,1.0,5,41,,,,1734,1734,1734.0,OCAFGGHM_00348,GPENAHNM_00064
atpC,atpC,ATP synthase epsilon chain,2,2,1.0,5,40,,,,444,444,444.0,OCAFGGHM_00338,GPENAHNM_00074
prfA,prfA,Peptide chain release factor 1,2,2,1.0,5,32,,,,1089,1089,1089.0,OCAFGGHM_00327,GPENAHNM_00085
yueI,yueI,putative protein YueI,2,2,1.0,5,31,,,,468,468,468.0,OCAFGGHM_00346,GPENAHNM_00066
atpH_1,atpH_1,ATP synthase subunit c,2,2,1.0,5,26,,,,216,216,216.0,OCAFGGHM_00332,GPENAHNM_00080
group_95,,hypothetical protein,2,2,1.0,5,21,,,,228,228,228.0,OCAFGGHM_00342,GPENAHNM_00070
ltaS2_1,ltaS2_1,Lipoteichoic acid synthase 2,2,2,1.0,5,20,,,,2199,2199,2199.0,OCAFGGHM_00263,GPENAHNM_00095
valS,valS,Valine--tRNA ligase,2,2,1.0,5,19,,,,2640,2640,2640.0,OCAFGGHM_00352,GPENAHNM_00060
iscS_1,iscS_1,Cysteine desulfurase IscS,2,2,1.0,5,15,,,,1155,1155,1155.0,OCAFGGHM_00349,GPENAHNM_00063
group_92,,hypothetical protein,2,2,1.0,5,14,,,,237,237,237.0,OCAFGGHM_00339,GPENAHNM_00073
atpF,atpF,ATP synthase subunit b,2,2,1.0,5,13,,,,510,510,510.0,OCAFGGHM_00333,GPENAHNM_00079
group_91,,hypothetical protein,2,2,1.0,5,12,,,,240,240,240.0,OCAFGGHM_00267,GPENAHNM_00091
rodA,rodA,Peptidoglycan glycosyltransferase RodA,2,2,1.0,5,8,,,,1191,1191,1191.0,OCAFGGHM_00343,GPENAHNM_00069
fpgS,fpgS,Folylpolyglutamate synthase,2,2,1.0,5,7,,,,1257,1257,1257.0,OCAFGGHM_00353,GPENAHNM_00059
thiI,thiI,putative tRNA sulfurtransferase,2,2,1.0,5,6,,,,1215,1215,1215.0,OCAFGGHM_00350,GPENAHNM_00062
group_83,,Putative membrane protein insertion efficiency factor,2,2,1.0,5,1,,,,288,288,288.0,OCAFGGHM_00341,GPENAHNM_00071
group_82,,hypothetical protein,2,3,1.5,4,43,,,,135,903,597.0,OCAFGGHM_00201;OCAFGGHM_00200,GPENAHNM_00609
mleS,mleS,Malolactic enzyme,2,2,1.0,4,42,,,,1623,1623,1623.0,OCAFGGHM_00185,GPENAHNM_00624
ganQ,ganQ,Galactooligosaccharides transport system permease protein GanQ,2,2,1.0,4,41,,,,858,858,858.0,OCAFGGHM_00223,GPENAHNM_00587
group_81,,hypothetical protein,2,2,1.0,4,40,,,,1146,1146,1146.0,OCAFGGHM_00186,GPENAHNM_00623
malP_1,malP_1,Maltose phosphorylase,2,2,1.0,4,39,,,,2268,2268,2268.0,OCAFGGHM_00217,GPENAHNM_00593
group_80,,putative transporter,2,2,1.0,4,38,,,,1410,1410,1410.0,OCAFGGHM_00205,GPENAHNM_00605
bbmA,bbmA,Intracellular maltogenic amylase,2,2,1.0,4,37,,,,1707,1707,1707.0,OCAFGGHM_00216,GPENAHNM_00594
yedJ,yedJ,putative protein YedJ,2,2,1.0,4,36,,,,651,651,651.0,OCAFGGHM_00203,GPENAHNM_00607
group_79,,hypothetical protein,2,2,1.0,4,35,,,,162,162,162.0,OCAFGGHM_00188,GPENAHNM_00621
purA,purA,Adenylosuccinate synthetase,2,2,1.0,4,34,,,,1293,1293,1293.0,OCAFGGHM_00208,GPENAHNM_00602
group_78,,hypothetical protein,2,2,1.0,4,33,,,,300,300,300.0,OCAFGGHM_00187,GPENAHNM_00622
purB,purB,Adenylosuccinate lyase,2,2,1.0,4,32,,,,1296,1296,1296.0,OCAFGGHM_00209,GPENAHNM_00601
group_77,,hypothetical protein,2,2,1.0,4,31,,,,231,231,231.0,OCAFGGHM_00197,GPENAHNM_00612
group_76,,Putative glutamine amidotransferase,2,2,1.0,4,30,,,,732,732,732.0,OCAFGGHM_00204,GPENAHNM_00606
oxyR_1,oxyR_1,DNA-binding transcriptional dual regulator OxyR,2,2,1.0,4,29,,,,876,876,876.0,OCAFGGHM_00184,GPENAHNM_00625
group_75,,hypothetical protein,2,2,1.0,4,28,,,,1185,1185,1185.0,OCAFGGHM_00196,GPENAHNM_00613
thiD,thiD,Hydroxymethylpyrimidine/phosphomethylpyrimidine kinase,2,2,1.0,4,27,,,,813,813,813.0,OCAFGGHM_00211,GPENAHNM_00599
dltC1,dltC1,D-alanyl carrier protein 1,2,2,1.0,4,26,,,,252,252,252.0,OCAFGGHM_00191,GPENAHNM_00618
guaC,guaC,GMP reductase,2,2,1.0,4,25,,,,993,993,993.0,OCAFGGHM_00207,GPENAHNM_00603
yfeW,yfeW,Putative D-alanyl-D-alanine carboxypeptidase,2,2,1.0,4,24,,,,933,933,933.0,OCAFGGHM_00193,GPENAHNM_00616
cytR,cytR,HTH-type transcriptional repressor CytR,2,2,1.0,4,23,,,,951,951,951.0,OCAFGGHM_00214,GPENAHNM_00596
group_74,,hypothetical protein,2,2,1.0,4,22,,,,1185,1185,1185.0,OCAFGGHM_00195,GPENAHNM_00614
dltD,dltD,Protein DltD,2,2,1.0,4,21,,,,1317,1317,1317.0,OCAFGGHM_00192,GPENAHNM_00617
yvdM,yvdM,Beta-phosphoglucomutase,2,2,1.0,4,20,,,,672,672,672.0,OCAFGGHM_00218,GPENAHNM_00592
glpK,glpK,Glycerol kinase,2,2,1.0,4,19,,,,1497,1497,1497.0,OCAFGGHM_00212,GPENAHNM_00598
group_73,,hypothetical protein,2,2,1.0,4,18,,,,831,831,831.0,OCAFGGHM_00224,GPENAHNM_00586
malX,malX,Maltooligosaccharide ABC transporter solute-binding lipoprotein,2,2,1.0,4,17,,,,1212,1212,1212.0,OCAFGGHM_00221,GPENAHNM_00589
dltA,dltA,D-alanine--D-alanyl carrier protein ligase,2,2,1.0,4,16,,,,1509,1509,1509.0,OCAFGGHM_00189,GPENAHNM_00620
group_72,,hypothetical protein,2,2,1.0,4,15,,,,834,834,834.0,OCAFGGHM_00227,GPENAHNM_00583
group_71,,hypothetical protein,2,2,1.0,4,14,,,,1218,1218,1218.0,OCAFGGHM_00225,GPENAHNM_00585
gatD,gatD,Lipid II isoglutaminyl synthase (glutamine-hydrolyzing) subunit GatD,2,2,1.0,4,13,,,,687,687,687.0,OCAFGGHM_00210,GPENAHNM_00600
malL_1~~~malL_2,malL_1;malL_2,Oligo-16-glucosidase,2,2,1.0,4,12,,,,1644,1644,1644.0,OCAFGGHM_00215,GPENAHNM_00595
group_70,,hypothetical protein,2,2,1.0,4,11,,,,978,1200,1089.0,OCAFGGHM_00199,GPENAHNM_00610
ganP,ganP,Galactooligosaccharides transport system permease protein GanP,2,2,1.0,4,10,,,,1359,1359,1359.0,OCAFGGHM_00222,GPENAHNM_00588
group_69,,hypothetical protein,2,2,1.0,4,9,,,,765,765,765.0,OCAFGGHM_00213,GPENAHNM_00597
dltB,dltB,Teichoic acid D-alanyltransferase,2,2,1.0,4,8,,,,1230,1230,1230.0,OCAFGGHM_00190,GPENAHNM_00619
msmX_1,msmX_1,Oligosaccharides import ATP-binding protein MsmX,2,2,1.0,4,7,,,,1110,1110,1110.0,OCAFGGHM_00219,GPENAHNM_00591
clpE_1,clpE_1,ATP-dependent Clp protease ATP-binding subunit ClpE,2,2,1.0,4,6,,,,2040,2040,2040.0,OCAFGGHM_00202,GPENAHNM_00608
yicL,yicL,putative inner membrane transporter YicL,2,2,1.0,4,5,,,,909,909,909.0,OCAFGGHM_00206,GPENAHNM_00604
sbnD_1,sbnD_1,Staphyloferrin B transporter,2,2,1.0,4,4,,,,1242,1242,1242.0,OCAFGGHM_00226,GPENAHNM_00584
galE_1,galE_1,UDP-glucose 4-epimerase,2,2,1.0,4,3,,,,990,990,990.0,OCAFGGHM_00194,GPENAHNM_00615
dexB,dexB,Glucan 16-alpha-glucosidase,2,2,1.0,4,1,,,,1590,1590,1590.0,OCAFGGHM_00220,GPENAHNM_00590
gnd,gnd,6-phosphogluconate dehydrogenase decarboxylating,2,2,1.0,3,23,,,,1389,1389,1389.0,OCAFGGHM_00161,GPENAHNM_00507
nupB,nupB,Nucleoside ABC transporter permease protein NupB,2,2,1.0,3,22,,,,1146,1146,1146.0,OCAFGGHM_00173,GPENAHNM_00519
napA,napA,Na(+)/H(+) antiporter,2,2,1.0,3,21,,,,1158,1158,1158.0,OCAFGGHM_00181,GPENAHNM_00527
nagB,nagB,Glucosamine-6-phosphate deaminase,2,2,1.0,3,20,,,,720,720,720.0,OCAFGGHM_00171,GPENAHNM_00517
group_67,,Deoxyadenosine kinase,2,2,1.0,3,19,,,,651,651,651.0,OCAFGGHM_00170,GPENAHNM_00516
phnD2,phnD2,putative ABC transporter phosphonate/phosphite binding protein PhnD2,2,2,1.0,3,18,,,,927,927,927.0,OCAFGGHM_00178,GPENAHNM_00524
group_66,,hypothetical protein,2,2,1.0,3,17,,,,1086,1086,1086.0,OCAFGGHM_00180,GPENAHNM_00526
uup_2~~~comA_1,uup_2;comA_1,ATP-binding protein Uup;Transport/processing ATP-binding protein ComA,2,2,1.0,3,16,,,,1587,1587,1587.0,OCAFGGHM_00167,GPENAHNM_00513
ptxB,ptxB,putative phosphite transport system-binding protein PtxB,2,2,1.0,3,15,,,,939,939,939.0,OCAFGGHM_00179,GPENAHNM_00525
pbuG_2,pbuG_2,Guanine/hypoxanthine permease PbuG,2,2,1.0,3,14,,,,1308,1308,1308.0,OCAFGGHM_00165,GPENAHNM_00511
pbuG_1,pbuG_1,Guanine/hypoxanthine permease PbuG,2,2,1.0,3,13,,,,1311,1311,1311.0,OCAFGGHM_00164,GPENAHNM_00510
ziaA,ziaA,Zinc-transporting ATPase,2,2,1.0,3,12,,,,1857,1857,1857.0,OCAFGGHM_00182,GPENAHNM_00528
group_65,,Deoxyguanosine kinase,2,2,1.0,3,11,,,,672,672,672.0,OCAFGGHM_00169,GPENAHNM_00515
bmpA_2,bmpA_2,ABC transporter nucleoside-binding protein BmpA,2,2,1.0,3,10,,,,1074,1074,1074.0,OCAFGGHM_00176,GPENAHNM_00522
nupC,nupC,Nucleoside ABC transporter permease protein NupC,2,2,1.0,3,9,,,,957,957,957.0,OCAFGGHM_00172,GPENAHNM_00518
vmlR,vmlR,Ribosome protection protein VmlR,2,2,1.0,3,8,,,,1497,1497,1497.0,OCAFGGHM_00168,GPENAHNM_00514
bmpA_3,bmpA_3,ABC transporter nucleoside-binding protein BmpA,2,2,1.0,3,7,,,,1080,1080,1080.0,OCAFGGHM_00177,GPENAHNM_00523
bmpA_1,bmpA_1,ABC transporter nucleoside-binding protein BmpA,2,2,1.0,3,6,,,,786,1089,937.5,OCAFGGHM_00175,GPENAHNM_00521
group_64,,hypothetical protein,2,2,1.0,3,5,,,,960,960,960.0,OCAFGGHM_00162,GPENAHNM_00508
darB,darB,Cyclic di-AMP receptor B,2,2,1.0,3,4,,,,468,468,468.0,OCAFGGHM_00183,GPENAHNM_00529
nupA,nupA,Nucleoside import ATP-binding protein NupA,2,2,1.0,3,3,,,,1536,1536,1536.0,OCAFGGHM_00174,GPENAHNM_00520
group_63,,L-lactate oxidase,2,2,1.0,3,2,,,,1227,1227,1227.0,OCAFGGHM_00166,GPENAHNM_00512
clcA,clcA,H(+)/Cl(-) exchange transporter ClcA,2,2,1.0,3,1,,,,1548,1548,1548.0,OCAFGGHM_00163,GPENAHNM_00509
nusG,nusG,Transcription termination/antitermination protein NusG,2,2,1.0,2,60,,,,558,558,558.0,OCAFGGHM_00126,GPENAHNM_00333
yabA,yabA,Replication initiation control protein YabA,2,2,1.0,2,59,,,,357,357,357.0,OCAFGGHM_00142,GPENAHNM_00317
rplL,rplL,Large ribosomal subunit protein bL12,2,2,1.0,2,58,,,,363,363,363.0,OCAFGGHM_00132,GPENAHNM_00327
bglK_1,bglK_1,Beta-glucoside kinase,2,2,1.0,2,56,,,,921,921,921.0,OCAFGGHM_00130,GPENAHNM_00329
group_61,,hypothetical protein,2,2,1.0,2,55,,,,579,579,579.0,OCAFGGHM_00145,GPENAHNM_00314
steT_1,steT_1,Serine/threonine exchanger SteT,2,2,1.0,2,54,,,,1326,1326,1326.0,OCAFGGHM_00155,GPENAHNM_00304
group_60,,hypothetical protein,2,2,1.0,2,53,,,,507,507,507.0,OCAFGGHM_00153,GPENAHNM_00306
group_59,,hypothetical protein,2,2,1.0,2,52,,,,849,849,849.0,OCAFGGHM_00141,GPENAHNM_00318
tmk,tmk,Thymidylate kinase,2,2,1.0,2,51,,,,648,648,648.0,OCAFGGHM_00139,GPENAHNM_00320
rplJ,rplJ,Large ribosomal subunit protein uL10,2,2,1.0,2,50,,,,504,504,504.0,OCAFGGHM_00131,GPENAHNM_00328
group_58,,hypothetical protein,2,3,1.5,2,49,,,,150,552,341.0,OCAFGGHM_00123;OCAFGGHM_00122,GPENAHNM_00336
qorB,qorB,Quinone oxidoreductase 2,2,2,1.0,2,48,,,,852,852,852.0,OCAFGGHM_00150,GPENAHNM_00309
cysS,cysS,Cysteine--tRNA ligase,2,2,1.0,2,46,,,,1422,1422,1422.0,OCAFGGHM_00119,GPENAHNM_00339
group_56,,hypothetical protein,2,2,1.0,2,45,,,,159,159,159.0,OCAFGGHM_00158,GPENAHNM_00301
arnC,arnC,Undecaprenyl-phosphate 4-deoxy-4-formamido-L-arabinose transferase,2,2,1.0,2,44,,,,1017,1017,1017.0,OCAFGGHM_00129,GPENAHNM_00330
rsmI,rsmI,Ribosomal RNA small subunit methyltransferase I,2,2,1.0,2,43,,,,855,855,855.0,OCAFGGHM_00143,GPENAHNM_00316
group_55,,hypothetical protein,2,2,1.0,2,42,,,,240,240,240.0,OCAFGGHM_00138,GPENAHNM_00321
rsmC,rsmC,Ribosomal RNA small subunit methyltransferase C,2,2,1.0,2,41,,,,600,600,600.0,OCAFGGHM_00133,GPENAHNM_00326
group_54,,hypothetical protein,2,2,1.0,2,40,,,,168,168,168.0,OCAFGGHM_00108,GPENAHNM_00351
group_53,,hypothetical protein,2,2,1.0,2,39,,,,870,870,870.0,OCAFGGHM_00159,GPENAHNM_00300
secE,secE,Protein translocase subunit SecE,2,2,1.0,2,38,,,,171,171,171.0,OCAFGGHM_00125,GPENAHNM_00334
group_52,,hypothetical protein,2,2,1.0,2,37,,,,936,936,936.0,OCAFGGHM_00110,GPENAHNM_00349
tsaB,tsaB,tRNA threonylcarbamoyladenosine biosynthesis protein TsaB,2,2,1.0,2,36,,,,729,729,729.0,OCAFGGHM_00147,GPENAHNM_00312
group_51,,hypothetical protein,2,2,1.0,2,35,,,,729,729,729.0,OCAFGGHM_00144,GPENAHNM_00315
dnaX,dnaX,DNA polymerase III subunit tau,2,2,1.0,2,34,,,,1782,1782,1782.0,OCAFGGHM_00135,GPENAHNM_00324
mrnC,mrnC,Mini-ribonuclease 3,2,2,1.0,2,33,,,,444,444,444.0,OCAFGGHM_00120,GPENAHNM_00338
tsaD,tsaD,tRNA N6-adenosine threonylcarbamoyltransferase,2,2,1.0,2,31,,,,1047,1047,1047.0,OCAFGGHM_00149,GPENAHNM_00310
darA,darA,Cyclic di-AMP receptor A,2,2,1.0,2,30,,,,321,321,321.0,OCAFGGHM_00140,GPENAHNM_00319
yajL,yajL,Protein/nucleic acid deglycase 3,2,2,1.0,2,29,,,,573,573,573.0,OCAFGGHM_00104,GPENAHNM_01368
group_50,,hypothetical protein,2,2,1.0,2,28,,,,1311,1311,1311.0,OCAFGGHM_00157,GPENAHNM_00302
celA,celA;,Endoglucanase A;hypothetical protein,2,2,1.0,2,27,,,,1134,1134,1134.0,OCAFGGHM_00156,GPENAHNM_00303
recR,recR,Recombination protein RecR,2,2,1.0,2,26,,,,600,600,600.0,OCAFGGHM_00137,GPENAHNM_00322
rimI,rimI,[Ribosomal protein bS18]-alanine N-acetyltransferase,2,2,1.0,2,25,,,,555,555,555.0,OCAFGGHM_00148,GPENAHNM_00311
group_49,,hypothetical protein,2,2,1.0,2,24,,,,294,294,294.0,OCAFGGHM_00112,GPENAHNM_00347
ybaB,ybaB,Nucleoid-associated protein YbaB,2,2,1.0,2,23,,,,330,330,330.0,OCAFGGHM_00136,GPENAHNM_00323
gpmA_2,gpmA_2,23-bisphosphoglycerate-dependent phosphoglycerate mutase,2,2,1.0,2,22,,,,678,678,678.0,OCAFGGHM_00109,GPENAHNM_00350
group_48,,hypothetical protein,2,2,1.0,2,21,,,,429,429,429.0,OCAFGGHM_00116,GPENAHNM_00343
yfcA,yfcA,putative membrane transporter protein YfcA,2,2,1.0,2,20,,,,753,753,753.0,OCAFGGHM_00105,GPENAHNM_00354
gltX,gltX,Glutamate--tRNA ligase,2,2,1.0,2,19,,,,1500,1500,1500.0,OCAFGGHM_00115,GPENAHNM_00344
czcD,czcD,Cadmium cobalt and zinc/H(+)-K(+) antiporter,2,2,1.0,2,18,,,,891,891,891.0,OCAFGGHM_00107,GPENAHNM_00352
group_47,,hypothetical protein,2,2,1.0,2,17,,,,537,537,537.0,OCAFGGHM_00103,GPENAHNM_01367
group_46,,Putative TrmH family tRNA/rRNA methyltransferase,2,2,1.0,2,16,,,,756,756,756.0,OCAFGGHM_00121,GPENAHNM_00337
pepC,pepC,Aminopeptidase C,2,2,1.0,2,15,,,,1350,1350,1350.0,OCAFGGHM_00111,GPENAHNM_00348
folT,folT,Folate transporter FolT,2,2,1.0,2,14,,,,540,540,540.0,OCAFGGHM_00146,GPENAHNM_00313
dut,dut,Deoxyuridine 5'-triphosphate nucleotidohydrolase,2,2,1.0,2,13,,,,540,540,540.0,OCAFGGHM_00113,GPENAHNM_00346
tadA_1,tadA_1,tRNA-specific adenosine deaminase,2,2,1.0,2,12,,,,525,525,525.0,OCAFGGHM_00134,GPENAHNM_00325
ykfA,ykfA,putative murein peptide carboxypeptidase,2,2,1.0,2,10,,,,1029,1029,1029.0,OCAFGGHM_00152,GPENAHNM_00307
sotB,sotB,sugar efflux transporter,2,2,1.0,2,9,,,,1227,1227,1227.0,OCAFGGHM_00102,GPENAHNM_01366
rplA,rplA,Large ribosomal subunit protein uL1,2,2,1.0,2,8,,,,693,693,693.0,OCAFGGHM_00128,GPENAHNM_00331
group_44,,hypothetical protein,2,2,1.0,2,7,,,,114,114,114.0,OCAFGGHM_00154,GPENAHNM_00305
radA,radA,DNA repair protein RadA,2,2,1.0,2,5,,,,1377,1377,1377.0,OCAFGGHM_00114,GPENAHNM_00345
ywnA,ywnA,Putative HTH-type transcriptional regulator YwnA,2,2,1.0,2,4,,,,429,429,429.0,OCAFGGHM_00151,GPENAHNM_00308
group_42,,hypothetical protein,2,2,1.0,2,3,,,,219,219,219.0,OCAFGGHM_00124,GPENAHNM_00335
rplK,rplK,Large ribosomal subunit protein uL11,2,2,1.0,2,2,,,,426,426,426.0,OCAFGGHM_00127,GPENAHNM_00332
gpmA_1~~~gpmA_2,gpmA_1;gpmA_2,23-bisphosphoglycerate-dependent phosphoglycerate mutase,2,2,1.0,2,1,,,,681,681,681.0,OCAFGGHM_00106,GPENAHNM_00353
yhaP,yhaP,putative protein YhaP,2,2,1.0,1,119,,,,1236,1236,1236.0,OCAFGGHM_00028,GPENAHNM_01490
ecfA1,ecfA1,Energy-coupling factor transporter ATP-binding protein EcfA1,2,2,1.0,1,118,,,,852,852,852.0,OCAFGGHM_00094,GPENAHNM_01421
pth,pth,Peptidyl-tRNA hydrolase,2,2,1.0,1,117,,,,558,558,558.0,OCAFGGHM_00037,GPENAHNM_01482
rplW,rplW,Large ribosomal subunit protein uL23,2,2,1.0,1,116,,,,297,297,297.0,OCAFGGHM_00068,GPENAHNM_01447
murA1,murA1,UDP-N-acetylglucosamine 1-carboxyvinyltransferase,2,2,1.0,1,115,,,,1266,1266,1266.0,OCAFGGHM_00007,GPENAHNM_01517
ecfA2,ecfA2,Energy-coupling factor transporter ATP-binding protein EcfA2,2,2,1.0,1,113,,,,864,864,864.0,OCAFGGHM_00095,GPENAHNM_01420
group_40,,hypothetical protein,2,2,1.0,1,112,,,,129,129,129.0,OCAFGGHM_00026,GPENAHNM_01492
group_38,,Nucleobase transporter PlUacP,2,2,1.0,1,110,,,,1284,1284,1284.0,OCAFGGHM_00009,GPENAHNM_01508
secY,secY,Protein translocase subunit SecY,2,2,1.0,1,109,,,,1293,1293,1293.0,OCAFGGHM_00086,GPENAHNM_01429
rplX,rplX,Large ribosomal subunit protein uL24,2,2,1.0,1,108,,,,315,315,315.0,OCAFGGHM_00077,GPENAHNM_01438
xpt_1~~~xpt_2~~~xpt,xpt_1;xpt_2;xpt,Xanthine phosphoribosyltransferase,2,3,1.5,1,105,,,,297,600,410.0,OCAFGGHM_00011;OCAFGGHM_00010,GPENAHNM_01507
bcrA,bcrA,Bacitracin transport ATP-binding protein BcrA,2,2,1.0,1,104,,,,600,600,600.0,OCAFGGHM_00051,GPENAHNM_01468
hslO,hslO,33 kDa chaperonin,2,2,1.0,1,103,,,,882,882,882.0,OCAFGGHM_00044,GPENAHNM_01475
group_36,,hypothetical protein,2,2,1.0,1,102,,,,750,750,750.0,OCAFGGHM_00013,GPENAHNM_01505
rpoE,rpoE,DNA-directed RNA polymerase subunit delta,2,2,1.0,1,101,,,,522,549,535.5,OCAFGGHM_00005,GPENAHNM_01519
rplD,rplD,Large ribosomal subunit protein uL4,2,2,1.0,1,100,,,,618,618,618.0,OCAFGGHM_00067,GPENAHNM_01448
tilS,tilS,tRNA(Ile)-lysidine synthase,2,2,1.0,1,99,,,,1239,1239,1239.0,OCAFGGHM_00042,GPENAHNM_01477
btuD,btuD,Vitamin B12 import ATP-binding protein BtuD,2,2,1.0,1,98,,,,906,906,906.0,OCAFGGHM_00027,GPENAHNM_01491
group_35,,hypothetical protein,2,2,1.0,1,97,,,,891,891,891.0,OCAFGGHM_00056,GPENAHNM_01459
murF,murF,UDP-N-acetylmuramoyl-tripeptide--D-alanyl-D-alanine ligase,2,2,1.0,1,96,,,,1368,1368,1368.0,OCAFGGHM_00033,GPENAHNM_01486
rpsM,rpsM,Small ribosomal subunit protein uS13,2,2,1.0,1,95,,,,351,351,351.0,OCAFGGHM_00090,GPENAHNM_01425
group_34,,hypothetical protein,2,2,1.0,1,94,,,,1377,1377,1377.0,OCAFGGHM_00003,GPENAHNM_01521
rplC,rplC,Large ribosomal subunit protein uL3,2,2,1.0,1,93,,,,630,630,630.0,OCAFGGHM_00066,GPENAHNM_01449
group_33,,hypothetical protein,2,2,1.0,1,92,,,,351,351,351.0,OCAFGGHM_00041,GPENAHNM_01478
rplV,rplV,Large ribosomal subunit protein uL22,2,2,1.0,1,90,,,,354,354,354.0,OCAFGGHM_00071,GPENAHNM_01444
group_31,,hypothetical protein,2,2,1.0,1,89,,,,450,450,450.0,OCAFGGHM_00029,GPENAHNM_01489
rplR,rplR,Large ribosomal subunit protein uL18,2,2,1.0,1,88,,,,360,360,360.0,OCAFGGHM_00082,GPENAHNM_01433
rplN,rplN,Large ribosomal subunit protein uL14,2,2,1.0,1,86,,,,369,369,369.0,OCAFGGHM_00076,GPENAHNM_01439
adk,adk,Adenylate kinase,2,2,1.0,1,85,,,,654,654,654.0,OCAFGGHM_00087,GPENAHNM_01428
pepDA_1,pepDA_1,Dipeptidase A,2,2,1.0,1,84,,,,1425,1425,1425.0,OCAFGGHM_00008,GPENAHNM_01509
group_30,,hypothetical protein,2,2,1.0,1,83,,,,372,372,372.0,OCAFGGHM_00040,GPENAHNM_01479
rplQ,rplQ,Large ribosomal subunit protein bL17,2,2,1.0,1,82,,,,384,384,384.0,OCAFGGHM_00093,GPENAHNM_01422
rpoA,rpoA,DNA-directed RNA polymerase subunit alpha,2,2,1.0,1,81,,,,942,942,942.0,OCAFGGHM_00092,GPENAHNM_01423
cshA,cshA,ATP-dependent RNA helicase CshA,2,2,1.0,1,80,,,,1455,1455,1455.0,OCAFGGHM_00034,GPENAHNM_01485
citN,citN,Citrate transporter,2,2,1.0,1,79,,,,429,1338,883.5,OCAFGGHM_00001,GPENAHNM_01523
rpsK,rpsK,Small ribosomal subunit protein uS11,2,2,1.0,1,77,,,,390,390,390.0,OCAFGGHM_00091,GPENAHNM_01424
rpsI,rpsI,Small ribosomal subunit protein uS9,2,2,1.0,1,73,,,,396,396,396.0,OCAFGGHM_00099,GPENAHNM_01416
rpsJ,rpsJ,Small ribosomal subunit protein uS10,2,2,1.0,1,72,,,,309,435,372.0,OCAFGGHM_00065,GPENAHNM_01450
rpsC,rpsC,Small ribosomal subunit protein uS3,2,2,1.0,1,71,,,,675,675,675.0,OCAFGGHM_00072,GPENAHNM_01443
rpsH,rpsH,Small ribosomal subunit protein uS8,2,2,1.0,1,70,,,,399,399,399.0,OCAFGGHM_00080,GPENAHNM_01435
group_28,,hypothetical protein,2,2,1.0,1,68,,,,1530,1530,1530.0,OCAFGGHM_00064,GPENAHNM_01451
rpsL,rpsL,Small ribosomal subunit protein uS12,2,2,1.0,1,67,,,,408,408,408.0,OCAFGGHM_00061,GPENAHNM_01454
group_27,,hypothetical protein,2,2,1.0,1,66,,,,684,684,684.0,OCAFGGHM_00060,GPENAHNM_01455
lysS,lysS,Lysine--tRNA ligase,2,2,1.0,1,65,,,,1524,1524,1524.0,OCAFGGHM_00046,GPENAHNM_01473
prs_1,prs_1,Ribose-phosphate pyrophosphokinase,2,2,1.0,1,64,,,,966,966,966.0,OCAFGGHM_00002,GPENAHNM_01522
group_26,,hypothetical protein,2,2,1.0,1,63,,,,408,408,408.0,OCAFGGHM_00004,GPENAHNM_01520
group_25,,hypothetical protein,2,2,1.0,1,62,,,,687,687,687.0,OCAFGGHM_00036,GPENAHNM_01483
guaA_1,guaA_1,GMP synthase [glutamine-hydrolyzing],2,2,1.0,1,60,,,,1551,1551,1551.0,OCAFGGHM_00012,GPENAHNM_01506
rpmJ,rpmJ,Large ribosomal subunit protein bL36,2,2,1.0,1,59,,,,117,117,117.0,OCAFGGHM_00089,GPENAHNM_01426
pyrG,pyrG,CTP synthase,2,2,1.0,1,56,,,,1620,1620,1620.0,OCAFGGHM_00006,GPENAHNM_01518
rplM,rplM,Large ribosomal subunit protein uL13,2,2,1.0,1,52,,,,438,438,438.0,OCAFGGHM_00098,GPENAHNM_01417
rplO,rplO,Large ribosomal subunit protein uL15,2,2,1.0,1,51,,,,441,441,441.0,OCAFGGHM_00085,GPENAHNM_01430
rplP,rplP,Large ribosomal subunit protein uL16,2,2,1.0,1,49,,,,441,441,441.0,OCAFGGHM_00073,GPENAHNM_01442
dusB,dusB,tRNA-dihydrouridine synthase B,2,2,1.0,1,48,,,,1029,1029,1029.0,OCAFGGHM_00045,GPENAHNM_01474
rpmD,rpmD,Large ribosomal subunit protein uL30,2,2,1.0,1,47,,,,186,186,186.0,OCAFGGHM_00084,GPENAHNM_01431
rpsZ,rpsZ,Small ribosomal subunit protein uS14,2,2,1.0,1,46,,,,186,186,186.0,OCAFGGHM_00079,GPENAHNM_01436
rpmC,rpmC,Large ribosomal subunit protein uL29,2,2,1.0,1,43,,,,198,198,198.0,OCAFGGHM_00074,GPENAHNM_01441
group_19,,hypothetical protein,2,2,1.0,1,42,,,,417,417,417.0,OCAFGGHM_00048,GPENAHNM_01471
rpsG,rpsG,Small ribosomal subunit protein uS7,2,2,1.0,1,40,,,,471,471,471.0,OCAFGGHM_00062,GPENAHNM_01453
group_17,,hypothetical protein,2,2,1.0,1,39,,,,816,816,816.0,OCAFGGHM_00049,GPENAHNM_01470
group_16,,hypothetical protein,2,2,1.0,1,38,,,,1110,1110,1110.0,OCAFGGHM_00025,GPENAHNM_01493
fusA,fusA,elongation factor G FusA,2,2,1.0,1,36,,,,2091,2091,2091.0,OCAFGGHM_00063,GPENAHNM_01452
yciB,yciB,Putative LD-transpeptidase YciB,2,2,1.0,1,35,,,,609,615,612.0,OCAFGGHM_00014,GPENAHNM_01504
alr,alr,Alanine racemase,2,2,1.0,1,33,,,,1128,1128,1128.0,OCAFGGHM_00035,GPENAHNM_01484
infA,infA,Translation initiation factor IF-1,2,2,1.0,1,32,,,,222,222,222.0,OCAFGGHM_00088,GPENAHNM_01427
ftsH,ftsH,ATP-dependent zinc metalloprotease FtsH,2,2,1.0,1,31,,,,2136,2136,2136.0,OCAFGGHM_00043,GPENAHNM_01476
truA,truA,tRNA pseudouridine synthase A,2,2,1.0,1,30,,,,789,789,789.0,OCAFGGHM_00097,GPENAHNM_01418
group_13,,hypothetical protein,2,2,1.0,1,29,,,,495,495,495.0,OCAFGGHM_00030,GPENAHNM_01488
ecfT,ecfT,Energy-coupling factor transporter transmembrane protein EcfT,2,2,1.0,1,25,,,,798,798,798.0,OCAFGGHM_00096,GPENAHNM_01419
rpsE,rpsE,Small ribosomal subunit protein uS5,2,2,1.0,1,23,,,,516,516,516.0,OCAFGGHM_00083,GPENAHNM_01432
rqcP,rqcP,RQC P-site tRNA stabilizing factor,2,2,1.0,1,22,,,,243,243,243.0,OCAFGGHM_00039,GPENAHNM_01480
clpC,clpC,ATP-dependent Clp protease ATP-binding subunit ClpC,2,2,1.0,1,20,,,,2484,2484,2484.0,OCAFGGHM_00057,GPENAHNM_01458
group_4,,hypothetical protein,2,2,1.0,1,16,,,,492,495,493.5,OCAFGGHM_00052,GPENAHNM_01467
group_3,,hypothetical protein,2,2,1.0,1,15,,,,600,600,600.0,OCAFGGHM_00050,GPENAHNM_01469
rpmE2,rpmE2,Large ribosomal subunit protein bL31B,2,2,1.0,1,14,,,,258,258,258.0,OCAFGGHM_00032,GPENAHNM_01487
rplF,rplF,Large ribosomal subunit protein uL6,2,2,1.0,1,13,,,,531,531,531.0,OCAFGGHM_00081,GPENAHNM_01434
rpsQ,rpsQ,Small ribosomal subunit protein uS17,2,2,1.0,1,12,,,,267,267,267.0,OCAFGGHM_00075,GPENAHNM_01440
mfd,mfd,Transcription-repair-coupling factor,2,2,1.0,1,10,,,,3489,3489,3489.0,OCAFGGHM_00038,GPENAHNM_01481
rplE,rplE,Large ribosomal subunit protein uL5,2,2,1.0,1,9,,,,543,543,543.0,OCAFGGHM_00078,GPENAHNM_01437
rpsS,rpsS,Small ribosomal subunit protein uS19,2,2,1.0,1,8,,,,276,276,276.0,OCAFGGHM_00070,GPENAHNM_01445
rpoB,rpoB,DNA-directed RNA polymerase subunit beta RpoB,2,2,1.0,1,6,,,,3630,3630,3630.0,OCAFGGHM_00058,GPENAHNM_01457
rplB,rplB,Large ribosomal subunit protein uL2,2,2,1.0,1,5,,,,837,837,837.0,OCAFGGHM_00069,GPENAHNM_01446
rpoC,rpoC,DNA-directed RNA polymerase subunit beta RpoC,2,2,1.0,1,4,,,,3669,3669,3669.0,OCAFGGHM_00059,GPENAHNM_01456
group_563,,hypothetical protein,1,1,1.0,103,1,,,,1194,1194,1194.0,,GPENAHNM_01389
lacF_2,lacF_2,PTS system lactose-specific EIIA component,1,1,1.0,102,1,,,,345,345,345.0,,GPENAHNM_01250
group_562,,hypothetical protein,1,1,1.0,101,2,,,,417,417,417.0,,GPENAHNM_01037
citG,citG,2-(5''-triphosphoribosyl)-3'-dephosphocoenzyme-A synthase,1,1,1.0,100,1,,,,825,825,825.0,,GPENAHNM_01014
ndvA,ndvA,Beta-(1-->2)glucan export ATP-binding/permease protein NdvA,1,1,1.0,99,1,,,,1587,1587,1587.0,,GPENAHNM_01003
group_561,pepT_1,Peptidase T,1,1,1.0,98,1,,,,1266,1266,1266.0,,GPENAHNM_00855
murQ,murQ,N-acetylmuramic acid 6-phosphate etherase,1,1,1.0,97,4,,,,900,900,900.0,,GPENAHNM_00711
group_560,,hypothetical protein,1,1,1.0,97,3,,,,708,708,708.0,,GPENAHNM_00708
murP,murP,PTS system MurNAc-GlcNAc-specific EIIBC component,1,1,1.0,97,2,,,,1431,1431,1431.0,,GPENAHNM_00709
group_559,,hypothetical protein,1,1,1.0,97,1,,,,888,888,888.0,,GPENAHNM_00710
group_557,,hypothetical protein,1,1,1.0,94,1,,,,2559,2559,2559.0,,GPENAHNM_00541
miaA,miaA,tRNA dimethylallyltransferase,1,1,1.0,93,1,,,,921,921,921.0,,GPENAHNM_00533
rbsK_1,rbsK_1,Ribokinase,1,1,1.0,92,1,,,,927,927,927.0,,GPENAHNM_00371
group_556,,hypothetical protein,1,1,1.0,91,7,,,,282,282,282.0,,GPENAHNM_00298
group_555,,hypothetical protein,1,1,1.0,91,6,,,,345,345,345.0,,GPENAHNM_00295
hemH,hemH,Ferrochelatase,1,1,1.0,91,5,,,,939,939,939.0,,GPENAHNM_00296
group_554,,hypothetical protein,1,1,1.0,91,4,,,,8133,8133,8133.0,,GPENAHNM_00299
mepA,mepA,Multidrug export protein MepA,1,1,1.0,91,3,,,,1350,1350,1350.0,,GPENAHNM_00297
group_553,,hypothetical protein,1,1,1.0,91,2,,,,372,372,372.0,,GPENAHNM_00294
group_552,,hypothetical protein,1,1,1.0,91,1,,,,411,411,411.0,,GPENAHNM_00293
group_526,,hypothetical protein,1,1,1.0,70,2,,,,705,705,705.0,,GPENAHNM_00717
group_513,,hypothetical protein,1,1,1.0,64,2,,,,1119,1119,1119.0,,GPENAHNM_00792
group_512,,hypothetical protein,1,1,1.0,64,1,,,,969,969,969.0,,GPENAHNM_00793
bglG,bglG,Cryptic beta-glucoside bgl operon antiterminator,1,1,1.0,58,14,,,,837,837,837.0,,GPENAHNM_00363
bglH_3,bglH_3,Aryl-phospho-beta-D-glucosidase BglH,1,1,1.0,58,10,,,,1485,1485,1485.0,,GPENAHNM_00361
bglF_2,bglF_2,PTS system beta-glucoside-specific EIIBCA component,1,1,1.0,58,1,,,,1836,1836,1836.0,,GPENAHNM_00362
group_492,,hypothetical protein,1,1,1.0,56,4,,,,330,330,330.0,OCAFGGHM_01457,
wecH,wecH,O-acetyltransferase WecH,1,1,1.0,56,2,,,,702,702,702.0,OCAFGGHM_01462,
group_461,,hypothetical protein,1,1,1.0,49,11,,,,1716,1716,1716.0,,GPENAHNM_00701
group_460,,hypothetical protein,1,1,1.0,49,6,,,,1686,1686,1686.0,OCAFGGHM_01344,
group_458,,hypothetical protein,1,1,1.0,49,1,,,,2097,2097,2097.0,OCAFGGHM_01339,
uup_6,uup_6,ATP-binding protein Uup,1,1,1.0,48,3,,,,1578,1578,1578.0,,GPENAHNM_01098
group_457,,hypothetical protein,1,1,1.0,48,2,,,,819,819,819.0,,GPENAHNM_01099
group_453,toxN,Endoribonuclease ToxN,1,1,1.0,47,1,,,,531,531,531.0,,GPENAHNM_01244
group_451,,hypothetical protein,1,1,1.0,44,8,,,,1428,1428,1428.0,OCAFGGHM_01303,
ackA,ackA,Acetate kinase,1,1,1.0,43,4,,,,1188,1188,1188.0,,GPENAHNM_01145
group_442,,hypothetical protein,1,1,1.0,42,8,,,,327,327,327.0,OCAFGGHM_01243,
group_441,,hypothetical protein,1,1,1.0,42,4,,,,1215,1215,1215.0,OCAFGGHM_01236,
msrD,msrD,putative macrolide resistance translation factor MsrD,1,1,1.0,42,2,,,,1542,1542,1542.0,,GPENAHNM_01196
arsR,arsR,Arsenical resistance operon repressor,1,1,1.0,33,12,,,,327,327,327.0,,GPENAHNM_00864
group_389,,hypothetical protein,1,1,1.0,33,11,,,,459,459,459.0,,GPENAHNM_00863
group_385,,hypothetical protein,1,1,1.0,33,6,,,,861,861,861.0,,GPENAHNM_00862
ipdC,ipdC,(3aS4S5R7aS)-5-hydroxy-7a-methyl-1-oxo-octahydro-1H-indene-4-carboxyl-CoA dehydrogenase,1,1,1.0,33,1,,,,951,951,951.0,,GPENAHNM_00861
group_381,,hypothetical protein,1,1,1.0,32,12,,,,1008,1008,1008.0,OCAFGGHM_01063,
group_378,,hypothetical protein,1,1,1.0,32,3,,,,1158,1158,1158.0,,GPENAHNM_01330
group_377,,hypothetical protein,1,1,1.0,31,1,,,,1536,1536,1536.0,OCAFGGHM_01060,
group_366,,hypothetical protein,1,1,1.0,29,4,,,,96,96,96.0,OCAFGGHM_01053,
group_350,,hypothetical protein,1,1,1.0,28,3,,,,483,483,483.0,OCAFGGHM_00983,
group_341,,hypothetical protein,1,1,1.0,25,15,,,,2568,2568,2568.0,OCAFGGHM_00928,
group_340,,hypothetical protein,1,1,1.0,25,14,,,,2577,2577,2577.0,OCAFGGHM_00926,
group_339,,hypothetical protein,1,1,1.0,25,13,,,,2601,2601,2601.0,OCAFGGHM_00927,
group_335,,hypothetical protein,1,1,1.0,25,4,,,,777,777,777.0,,GPENAHNM_01546
group_332,,hypothetical protein,1,1,1.0,25,1,,,,636,636,636.0,,GPENAHNM_01542
group_312,,hypothetical protein,1,1,1.0,21,14,,,,975,2802,1888.5,OCAFGGHM_00833,
pyrDB,pyrDB,Dihydroorotate dehydrogenase B (NAD(+)) catalytic subunit,1,1,1.0,21,4,,,,909,909,909.0,,GPENAHNM_00398
niaP,niaP,Niacin transporter NiaP,1,1,1.0,21,3,,,,1233,1233,1233.0,,GPENAHNM_00399
group_305,,hypothetical protein,1,1,1.0,21,2,,,,216,216,216.0,,GPENAHNM_00401
lacB,lacB,Galactose-6-phosphate isomerase subunit LacB,1,1,1.0,20,15,,,,576,576,576.0,,GPENAHNM_01303
dpaL,dpaL,Diaminopropionate ammonia-lyase,1,1,1.0,20,11,,,,1170,1170,1170.0,,GPENAHNM_01307
group_302,,RutC family protein,1,1,1.0,20,10,,,,342,342,342.0,,GPENAHNM_01306
group_301,,hypothetical protein,1,1,1.0,20,7,,,,456,456,456.0,OCAFGGHM_00781,
group_300,,hypothetical protein,1,1,1.0,20,6,,,,648,648,648.0,,GPENAHNM_01304
yicL_2,yicL_2,putative inner membrane transporter YicL,1,1,1.0,20,1,,,,927,927,927.0,,GPENAHNM_01305
group_280,,hypothetical protein,1,1,1.0,17,35,,,,1143,1143,1143.0,,GPENAHNM_00736
group_279,,hypothetical protein,1,1,1.0,17,32,,,,1143,1143,1143.0,OCAFGGHM_00694,
group_275,,hypothetical protein,1,1,1.0,17,28,,,,1269,1269,1269.0,,GPENAHNM_00743
group_273,,hypothetical protein,1,1,1.0,17,22,,,,1725,1725,1725.0,,GPENAHNM_00744
group_272,,hypothetical protein,1,1,1.0,17,20,,,,516,516,516.0,,GPENAHNM_00742
group_269,,hypothetical protein,1,1,1.0,17,10,,,,1482,1482,1482.0,,GPENAHNM_00748
arnC_2,arnC_2,Undecaprenyl-phosphate 4-deoxy-4-formamido-L-arabinose transferase,1,1,1.0,17,6,,,,1962,1962,1962.0,,GPENAHNM_00740
group_268,,putative protein,1,1,1.0,17,5,,,,972,972,972.0,OCAFGGHM_00672,
group_265,,hypothetical protein,1,1,1.0,16,5,,,,981,981,981.0,,GPENAHNM_00217
group_248,,hypothetical protein,1,1,1.0,15,8,,,,543,543,543.0,OCAFGGHM_00653,
group_238,dapE,putative succinyl-diaminopimelate desuccinylase,1,1,1.0,13,41,,,,1146,1146,1146.0,,GPENAHNM_00485
dapE,dapE,putative succinyl-diaminopimelate desuccinylase,1,1,1.0,13,39,,,,1146,1146,1146.0,OCAFGGHM_00605,
group_237,,hypothetical protein,1,1,1.0,13,38,,,,795,795,795.0,OCAFGGHM_00598,
group_236,,hypothetical protein,1,1,1.0,13,36,,,,717,717,717.0,OCAFGGHM_00594,
hsdRM,hsdRM,Type II methyltransferase M.BsuRI,1,1,1.0,13,34,,,,1272,1272,1272.0,OCAFGGHM_00603,
group_234,,hypothetical protein,1,1,1.0,13,33,,,,924,924,924.0,OCAFGGHM_00602,
group_233,,hypothetical protein,1,1,1.0,13,31,,,,798,798,798.0,OCAFGGHM_00597,
group_232,,hypothetical protein,1,1,1.0,13,29,,,,441,441,441.0,OCAFGGHM_00604,
group_231,,hypothetical protein,1,1,1.0,13,28,,,,441,441,441.0,OCAFGGHM_00595,
group_230,bglA,6-phospho-beta-glucosidase BglA,1,1,1.0,13,27,,,,1440,1440,1440.0,,GPENAHNM_00483
yydK,yydK,putative HTH-type transcriptional regulator YydK,1,1,1.0,13,24,,,,732,732,732.0,,GPENAHNM_00480
group_229,,hypothetical protein,1,1,1.0,13,23,,,,384,384,384.0,OCAFGGHM_00599,
ptcB,ptcB,PTS system galactose-specific EIIB component,1,1,1.0,13,22,,,,318,318,318.0,,GPENAHNM_00479
group_228,,hypothetical protein,1,1,1.0,13,21,,,,387,387,387.0,,GPENAHNM_00478
group_227,,hypothetical protein,1,1,1.0,13,19,,,,180,180,180.0,OCAFGGHM_00600,
group_226,,hypothetical protein,1,1,1.0,13,18,,,,324,324,324.0,,GPENAHNM_00484
group_225,,hypothetical protein,1,1,1.0,13,16,,,,882,882,882.0,OCAFGGHM_00606,
group_222,,hypothetical protein,1,1,1.0,13,11,,,,477,477,477.0,,GPENAHNM_00482
group_220,,hypothetical protein,1,1,1.0,13,6,,,,1236,1236,1236.0,OCAFGGHM_00601,
group_219,,hypothetical protein,1,1,1.0,13,5,,,,552,552,552.0,OCAFGGHM_00596,
group_218,,Putative bifunctional phosphatase/peptidyl-prolyl cis-trans isomerase,1,1,1.0,13,4,,,,849,849,849.0,,GPENAHNM_00481
group_214,,hypothetical protein,1,1,1.0,12,47,,,,792,792,792.0,,GPENAHNM_00232
group_212,,hypothetical protein,1,1,1.0,12,44,,,,438,438,438.0,,GPENAHNM_00235
group_210,,hypothetical protein,1,1,1.0,12,40,,,,384,384,384.0,,GPENAHNM_00234
group_205,,hypothetical protein,1,1,1.0,12,27,,,,885,885,885.0,,GPENAHNM_00231
polC_1,polC_1,DNA polymerase III PolC-type,1,1,1.0,12,23,,,,1203,1203,1203.0,,GPENAHNM_00233
group_204,,hypothetical protein,1,1,1.0,12,22,,,,606,606,606.0,OCAFGGHM_00562,
group_202,,hypothetical protein,1,1,1.0,12,19,,,,1938,1938,1938.0,,GPENAHNM_00260
group_201,,hypothetical protein,1,1,1.0,12,18,,,,3111,3111,3111.0,OCAFGGHM_00561,
group_199,,hypothetical protein,1,1,1.0,12,16,,,,540,540,540.0,,GPENAHNM_00236
hsdS,hsdS,Type I restriction enzyme EcoR124I/EcoR124II specificity subunit,1,1,1.0,12,15,,,,540,540,540.0,OCAFGGHM_00563,
hsdM,hsdM,Type I restriction enzyme HindI methylase subunit,1,1,1.0,12,14,,,,1533,1533,1533.0,OCAFGGHM_00564,
thiT,thiT,Thiamine transporter ThiT,1,1,1.0,12,13,,,,543,543,543.0,,GPENAHNM_00251
group_196,,hypothetical protein,1,1,1.0,12,9,,,,99,99,99.0,,GPENAHNM_00228
group_195,,hypothetical protein,1,1,1.0,12,3,,,,2082,2082,2082.0,OCAFGGHM_00565,
toxN,toxN,Endoribonuclease ToxN,1,1,1.0,10,5,,,,483,483,483.0,OCAFGGHM_00504,
group_183,,hypothetical protein,1,1,1.0,10,2,,,,882,882,882.0,,GPENAHNM_01363
group_182,,hypothetical protein,1,1,1.0,9,3,,,,1272,1272,1272.0,OCAFGGHM_00497,
group_181,,hypothetical protein,1,1,1.0,9,2,,,,702,702,702.0,OCAFGGHM_00496,
group_180,,hypothetical protein,1,1,1.0,9,1,,,,426,426,426.0,OCAFGGHM_00498,
group_176,,hypothetical protein,1,1,1.0,7,67,,,,1263,1263,1263.0,,GPENAHNM_00154
group_175,,Beta-xylosidase,1,1,1.0,7,66,,,,2205,2205,2205.0,,GPENAHNM_00135
licB,licB,Lichenan-specific phosphotransferase enzyme IIB component,1,1,1.0,7,65,,,,297,297,297.0,,GPENAHNM_00137
licC_1,licC_1,Lichenan permease IIC component,1,1,1.0,7,58,,,,1269,1269,1269.0,,GPENAHNM_00136
group_174,,hypothetical protein,1,1,1.0,7,57,,,,567,567,567.0,OCAFGGHM_00455,
gmuR_1,gmuR_1,HTH-type transcriptional regulator GmuR,1,1,1.0,7,56,,,,720,720,720.0,,GPENAHNM_00134
group_173,,hypothetical protein,1,1,1.0,7,55,,,,864,864,864.0,,GPENAHNM_00155
group_168,ydiM_2,Inner membrane transport protein YdiM,1,1,1.0,7,46,,,,1179,1179,1179.0,OCAFGGHM_00442,
licA,licA,Lichenan-specific phosphotransferase enzyme IIA component,1,1,1.0,7,43,,,,318,318,318.0,,GPENAHNM_00138
group_167,,hypothetical protein,1,1,1.0,7,42,,,,1047,1047,1047.0,,GPENAHNM_00129
gmuC,gmuC,PTS system oligo-beta-mannoside-specific EIIC component,1,1,1.0,7,39,,,,1320,1320,1320.0,,GPENAHNM_00132
licR,licR,putative licABCH operon regulator,1,1,1.0,7,36,,,,1863,1863,1863.0,,GPENAHNM_00139
menH,menH,2-succinyl-6-hydroxy-24-cyclohexadiene-1-carboxylate synthase,1,1,1.0,7,15,,,,759,759,759.0,,GPENAHNM_00126
ydiM_2,ydiM_2,Inner membrane transport protein YdiM,1,1,1.0,7,14,,,,1221,1221,1221.0,,GPENAHNM_00127
group_157,,hypothetical protein,1,1,1.0,7,10,,,,762,762,762.0,,GPENAHNM_00143
bglH_1,bglH_1,Aryl-phospho-beta-D-glucosidase BglH,1,1,1.0,7,9,,,,1368,1368,1368.0,,GPENAHNM_00133
group_155,,hypothetical protein,1,1,1.0,7,4,,,,1245,1245,1245.0,,GPENAHNM_00130
rhaR,rhaR,HTH-type transcriptional activator RhaR,1,1,1.0,7,3,,,,1128,1128,1128.0,,GPENAHNM_00131
group_148,,hypothetical protein,1,1,1.0,6,9,,,,1338,1338,1338.0,,GPENAHNM_00821
group_147,,hypothetical protein,1,1,1.0,6,5,,,,5640,5640,5640.0,,GPENAHNM_00822
group_145,,hypothetical protein,1,1,1.0,6,3,,,,7611,7611,7611.0,OCAFGGHM_00423,
group_143,,hypothetical protein,1,1,1.0,5,92,,,,297,297,297.0,OCAFGGHM_00316,
group_141,,hypothetical protein,1,1,1.0,5,89,,,,576,576,576.0,OCAFGGHM_00299,
group_140,,hypothetical protein,1,1,1.0,5,88,,,,309,309,309.0,OCAFGGHM_00273,
group_139,,hypothetical protein,1,1,1.0,5,86,,,,882,882,882.0,OCAFGGHM_00300,
group_138,,hypothetical protein,1,1,1.0,5,84,,,,330,330,330.0,OCAFGGHM_00277,
group_137,,hypothetical protein,1,1,1.0,5,82,,,,888,888,888.0,OCAFGGHM_00283,
group_136,,hypothetical protein,1,1,1.0,5,78,,,,336,336,336.0,OCAFGGHM_00307,
group_134,,hypothetical protein,1,1,1.0,5,75,,,,345,345,345.0,OCAFGGHM_00289,
group_133,,hypothetical protein,1,1,1.0,5,74,,,,351,351,351.0,OCAFGGHM_00303,
group_132,,hypothetical protein,1,1,1.0,5,72,,,,633,633,633.0,OCAFGGHM_00286,
group_131,,hypothetical protein,1,1,1.0,5,71,,,,639,639,639.0,OCAFGGHM_00281,
group_130,,hypothetical protein,1,1,1.0,5,70,,,,357,357,357.0,OCAFGGHM_00301,
group_129,,hypothetical protein,1,1,1.0,5,69,,,,366,366,366.0,OCAFGGHM_00306,
group_128,,hypothetical protein,1,1,1.0,5,68,,,,1410,1410,1410.0,OCAFGGHM_00296,
group_127,,hypothetical protein,1,1,1.0,5,67,,,,375,375,375.0,OCAFGGHM_00271,
group_126,,hypothetical protein,1,1,1.0,5,65,,,,387,387,387.0,OCAFGGHM_00287,
group_125,,hypothetical protein,1,1,1.0,5,64,,,,390,390,390.0,OCAFGGHM_00304,
group_123,,hypothetical protein,1,1,1.0,5,60,,,,402,402,402.0,OCAFGGHM_00321,
group_121,,hypothetical protein,1,1,1.0,5,57,,,,408,408,408.0,OCAFGGHM_00284,
group_120,,hypothetical protein,1,1,1.0,5,55,,,,1539,1539,1539.0,OCAFGGHM_00297,
group_119,,hypothetical protein,1,1,1.0,5,54,,,,417,417,417.0,OCAFGGHM_00272,
group_118,,hypothetical protein,1,1,1.0,5,53,,,,423,423,423.0,OCAFGGHM_00318,
group_117,,hypothetical protein,1,1,1.0,5,52,,,,123,123,123.0,OCAFGGHM_00270,
group_116,,hypothetical protein,1,1,1.0,5,50,,,,705,705,705.0,OCAFGGHM_00280,
group_115,,hypothetical protein,1,1,1.0,5,48,,,,432,432,432.0,OCAFGGHM_00315,
group_114,,hypothetical protein,1,1,1.0,5,47,,,,150,150,150.0,OCAFGGHM_00278,
group_113,,hypothetical protein,1,1,1.0,5,45,,,,165,165,165.0,OCAFGGHM_00317,
group_112,,hypothetical protein,1,1,1.0,5,44,,,,165,165,165.0,OCAFGGHM_00290,
group_110,,hypothetical protein,1,1,1.0,5,42,,,,1728,1728,1728.0,OCAFGGHM_00310,
group_109,,hypothetical protein,1,1,1.0,5,39,,,,174,174,174.0,OCAFGGHM_00314,
ssb_1,ssb_1,Single-stranded DNA-binding protein,1,1,1.0,5,38,,,,453,453,453.0,OCAFGGHM_00282,
group_108,,hypothetical protein,1,1,1.0,5,37,,,,183,183,183.0,OCAFGGHM_00298,
group_107,,hypothetical protein,1,1,1.0,5,36,,,,183,183,183.0,OCAFGGHM_00288,
group_106,,hypothetical protein,1,1,1.0,5,35,,,,195,195,195.0,OCAFGGHM_00320,
group_105,,hypothetical protein,1,1,1.0,5,34,,,,465,465,465.0,OCAFGGHM_00269,
group_104,,hypothetical protein,1,1,1.0,5,33,,,,198,198,198.0,OCAFGGHM_00312,
group_103,,hypothetical protein,1,1,1.0,5,30,,,,204,204,204.0,OCAFGGHM_00292,
group_102,,hypothetical protein,1,1,1.0,5,29,,,,474,474,474.0,OCAFGGHM_00291,
group_101,,hypothetical protein,1,1,1.0,5,28,,,,480,480,480.0,OCAFGGHM_00313,
group_100,,hypothetical protein,1,1,1.0,5,27,,,,1116,1116,1116.0,OCAFGGHM_00319,
group_99,,hypothetical protein,1,1,1.0,5,25,,,,774,774,774.0,OCAFGGHM_00275,
group_98,,hypothetical protein,1,1,1.0,5,24,,,,483,483,483.0,OCAFGGHM_00279,
group_97,,hypothetical protein,1,1,1.0,5,23,,,,222,222,222.0,OCAFGGHM_00276,
group_96,,hypothetical protein,1,1,1.0,5,22,,,,222,222,222.0,OCAFGGHM_00274,
group_94,,hypothetical protein,1,1,1.0,5,18,,,,234,234,234.0,OCAFGGHM_00285,
xerD_1,xerD_1,Tyrosine recombinase XerD,1,1,1.0,5,17,,,,1152,1152,1152.0,OCAFGGHM_00268,
group_93,,hypothetical protein,1,1,1.0,5,16,,,,2301,2301,2301.0,OCAFGGHM_00311,
group_90,,hypothetical protein,1,1,1.0,5,11,,,,513,513,513.0,OCAFGGHM_00293,
group_89,,hypothetical protein,1,1,1.0,5,10,,,,807,807,807.0,OCAFGGHM_00309,
group_88,,hypothetical protein,1,1,1.0,5,9,,,,519,519,519.0,OCAFGGHM_00294,
group_87,,hypothetical protein,1,1,1.0,5,5,,,,540,540,540.0,OCAFGGHM_00305,
group_86,,hypothetical protein,1,1,1.0,5,4,,,,1227,1227,1227.0,OCAFGGHM_00295,
group_85,,hypothetical protein,1,1,1.0,5,3,,,,282,282,282.0,OCAFGGHM_00302,
group_84,,hypothetical protein,1,1,1.0,5,2,,,,5106,5106,5106.0,OCAFGGHM_00308,
group_68,,hypothetical protein,1,1,1.0,4,2,,,,159,384,271.5,OCAFGGHM_00198,
group_62,,hypothetical protein,1,1,1.0,2,57,,,,147,147,147.0,OCAFGGHM_00118,
group_57,,hypothetical protein,1,1,1.0,2,47,,,,1278,1278,1278.0,,GPENAHNM_00342
agrA_1,agrA_1,Accessory gene regulator A,1,1,1.0,2,32,,,,735,735,735.0,,GPENAHNM_00341
group_45,,hypothetical protein,1,1,1.0,2,11,,,,339,339,339.0,,GPENAHNM_00340
group_43,,hypothetical protein,1,1,1.0,2,6,,,,348,348,348.0,OCAFGGHM_00117,
group_41,,hypothetical protein,1,1,1.0,1,114,,,,864,864,864.0,,GPENAHNM_01472
group_39,,hypothetical protein,1,1,1.0,1,111,,,,579,579,579.0,,GPENAHNM_01465
bcrA_1,bcrA_1,Bacitracin transport ATP-binding protein BcrA,1,1,1.0,1,107,,,,597,597,597.0,,GPENAHNM_01464
group_37,,hypothetical protein,1,1,1.0,1,106,,,,879,879,879.0,OCAFGGHM_00047,
group_32,,hypothetical protein,1,1,1.0,1,91,,,,354,354,354.0,,GPENAHNM_01511
btuD_3,btuD_3,Vitamin B12 import ATP-binding protein BtuD,1,1,1.0,1,87,,,,924,924,924.0,,GPENAHNM_01514
rihA_2,rihA_2,Pyrimidine-specific ribonucleoside hydrolase RihA,1,1,1.0,1,78,,,,951,951,951.0,,GPENAHNM_01496
group_29,emrB,Multidrug export protein EmrB,1,1,1.0,1,76,,,,1473,1473,1473.0,,GPENAHNM_01498
guaA_2,guaA_2,GMP synthase [glutamine-hydrolyzing],1,1,1.0,1,75,,,,672,672,672.0,,GPENAHNM_01501
emrB,emrB,Multidrug export protein EmrB,1,1,1.0,1,74,,,,1476,1476,1476.0,OCAFGGHM_00017,
rihA_1,rihA_1,Pyrimidine-specific ribonucleoside hydrolase RihA,1,1,1.0,1,69,,,,957,957,957.0,OCAFGGHM_00021,
smc_1,smc_1,Chromosome partition protein Smc,1,1,1.0,1,61,,,,1539,1539,1539.0,OCAFGGHM_00019,
mntB,mntB,Manganese transport system ATP-binding protein MntB,1,1,1.0,1,58,,,,702,702,702.0,,GPENAHNM_01513
uup_1,uup_1,ATP-binding protein Uup,1,1,1.0,1,57,,,,1584,1584,1584.0,OCAFGGHM_00101,
group_24,,hypothetical protein,1,1,1.0,1,55,,,,432,432,432.0,,GPENAHNM_01497
group_23,,hypothetical protein,1,1,1.0,1,54,,,,147,147,147.0,OCAFGGHM_00023,
group_22,,hypothetical protein,1,1,1.0,1,53,,,,432,432,432.0,OCAFGGHM_00018,
group_21,,hypothetical protein,1,1,1.0,1,50,,,,1026,1026,1026.0,,GPENAHNM_01502
proX,proX,Prolyl-tRNA editing protein ProX,1,1,1.0,1,45,,,,462,462,462.0,OCAFGGHM_00015,
group_20,,hypothetical protein,1,1,1.0,1,44,,,,756,756,756.0,,GPENAHNM_01515
group_18,,hypothetical protein,1,1,1.0,1,41,,,,1959,1959,1959.0,OCAFGGHM_00022,
group_15,,hypothetical protein,1,1,1.0,1,37,,,,777,777,777.0,,GPENAHNM_01516
group_14,,hypothetical protein,1,1,1.0,1,34,,,,489,489,489.0,,GPENAHNM_01463
group_12,,hypothetical protein,1,1,1.0,1,28,,,,2211,2211,2211.0,OCAFGGHM_00031,
group_11,,hypothetical protein,1,1,1.0,1,27,,,,2295,2295,2295.0,,GPENAHNM_01494
group_10,,hypothetical protein,1,1,1.0,1,26,,,,2313,2313,2313.0,OCAFGGHM_00024,
group_9,,hypothetical protein,1,1,1.0,1,24,,,,801,801,801.0,,GPENAHNM_01512
group_8,,hypothetical protein,1,1,1.0,1,21,,,,246,246,246.0,,GPENAHNM_01510
group_7,,hypothetical protein,1,1,1.0,1,19,,,,810,810,810.0,OCAFGGHM_00100,
group_6,,hypothetical protein,1,1,1.0,1,18,,,,2601,2601,2601.0,,GPENAHNM_01503
group_5,,hypothetical protein,1,1,1.0,1,17,,,,822,822,822.0,,GPENAHNM_01466
smc_2,smc_2,Chromosome partition protein Smc,1,1,1.0,1,11,,,,828,828,828.0,OCAFGGHM_00020,
group_2,,hypothetical protein,1,1,1.0,1,7,,,,546,546,546.0,,GPENAHNM_01499
smc_3,smc_3,Chromosome partition protein Smc,1,1,1.0,1,3,,,,3732,3732,3732.0,,GPENAHNM_01495
group_1,,hypothetical protein,1,1,1.0,1,2,,,,546,546,546.0,OCAFGGHM_00016,
group_0,,hypothetical protein,1,1,1.0,1,1,,,,1257,1257,1257.0,,GPENAHNM_01500
